group,batch,item_id,char,curriculum_idx,strokes,tier,phase,attempt_no,is_retry,verdict,verdict_scheme,judged_at,first_attempt_verdict,final_verdict
G3,001_pilot,p1_stroke_01_横,,,,,stroke,1,False,PASS,binary_or_4tier,2026-07-12T17:48:20,PASS,PASS
G4,001_pilot,p1_stroke_01_横,,,,,stroke,1,False,PASS,binary_or_4tier,2026-07-12T17:48:25,PASS,PASS
G2,001_pilot,p1_stroke_01_横,,,,,stroke,1,False,PASS,binary_or_4tier,2026-07-12T17:48:25,PASS,PASS
G1,001_pilot,p1_stroke_01_横,,,,,stroke,1,False,PASS,binary_or_4tier,2026-07-12T17:48:26,PASS,PASS
G3,001_pilot,p1_stroke_02_竖,,,,,stroke,1,False,PASS,binary_or_4tier,2026-07-12T17:48:27,PASS,PASS
G1,001_pilot,p1_stroke_02_竖,,,,,stroke,1,False,PASS,binary_or_4tier,2026-07-12T17:48:28,PASS,PASS
G2,001_pilot,p1_stroke_02_竖,,,,,stroke,1,False,PASS,binary_or_4tier,2026-07-12T17:48:29,PASS,PASS
G4,001_pilot,p1_stroke_02_竖,,,,,stroke,1,False,PASS,binary_or_4tier,2026-07-12T17:48:30,PASS,PASS
G1,001_pilot,p1_stroke_03_撇,,,,,stroke,1,False,PASS,binary_or_4tier,2026-07-12T17:48:31,PASS,PASS
G2,001_pilot,p1_stroke_03_撇,,,,,stroke,1,False,PASS,binary_or_4tier,2026-07-12T17:48:31,PASS,PASS
G3,001_pilot,p1_stroke_03_撇,,,,,stroke,1,False,PASS,binary_or_4tier,2026-07-12T17:48:33,PASS,PASS
G4,001_pilot,p1_stroke_03_撇,,,,,stroke,1,False,PASS,binary_or_4tier,2026-07-12T17:48:36,PASS,PASS
G4,001_pilot,p1_stroke_04_捺,,,,,stroke,1,False,PASS,binary_or_4tier,2026-07-12T17:48:36,PASS,PASS
G2,001_pilot,p1_stroke_04_捺,,,,,stroke,1,False,PASS,binary_or_4tier,2026-07-12T17:48:39,PASS,PASS
G3,001_pilot,p1_stroke_04_捺,,,,,stroke,1,False,PASS,binary_or_4tier,2026-07-12T17:48:40,PASS,PASS
G1,001_pilot,p1_stroke_04_捺,,,,,stroke,1,False,PASS,binary_or_4tier,2026-07-12T17:48:41,PASS,PASS
G1,001_pilot,p1_stroke_05_点,,,,,stroke,1,False,PASS,binary_or_4tier,2026-07-12T17:48:42,PASS,PASS
G2,001_pilot,p1_stroke_05_点,,,,,stroke,1,False,PASS,binary_or_4tier,2026-07-12T17:48:43,PASS,PASS
G4,001_pilot,p1_stroke_05_点,,,,,stroke,1,False,PASS,binary_or_4tier,2026-07-12T17:48:43,PASS,PASS
G3,001_pilot,p1_stroke_05_点,,,,,stroke,1,False,PASS,binary_or_4tier,2026-07-12T17:48:44,PASS,PASS
G2,001_pilot,p1_stroke_06_提,,,,,stroke,1,False,PASS,binary_or_4tier,2026-07-12T17:48:45,PASS,PASS
G3,001_pilot,p1_stroke_06_提,,,,,stroke,1,False,PASS,binary_or_4tier,2026-07-12T17:48:45,PASS,PASS
G1,001_pilot,p1_stroke_06_提,,,,,stroke,1,False,PASS,binary_or_4tier,2026-07-12T17:48:46,PASS,PASS
G4,001_pilot,p1_stroke_06_提,,,,,stroke,1,False,PASS,binary_or_4tier,2026-07-12T17:48:47,PASS,PASS
G3,001_pilot,p1_stroke_07_弯钩,,,,,stroke,1,False,PASS,binary_or_4tier,2026-07-12T17:48:52,PASS,PASS
G2,001_pilot,p1_stroke_07_弯钩,,,,,stroke,1,False,PASS,binary_or_4tier,2026-07-12T17:48:53,PASS,PASS
G4,001_pilot,p1_stroke_07_弯钩,,,,,stroke,1,False,PASS,binary_or_4tier,2026-07-12T17:48:54,PASS,PASS
G1,001_pilot,p1_stroke_07_弯钩,,,,,stroke,1,False,PASS,binary_or_4tier,2026-07-12T17:48:55,PASS,PASS
G4,001_pilot,p1_stroke_08_卧钩,,,,,stroke,1,False,PASS,binary_or_4tier,2026-07-12T17:49:16,PASS,PASS
G3,001_pilot,p1_stroke_08_卧钩,,,,,stroke,1,False,PASS,binary_or_4tier,2026-07-12T17:49:18,PASS,PASS
G1,001_pilot,p1_stroke_08_卧钩,,,,,stroke,1,False,PASS,binary_or_4tier,2026-07-12T17:49:21,PASS,PASS
G2,001_pilot,p1_stroke_08_卧钩,,,,,stroke,1,False,PASS,binary_or_4tier,2026-07-12T17:49:22,PASS,PASS
G3,001_pilot,p1_stroke_09_横撇,,,,,stroke,1,False,PASS,binary_or_4tier,2026-07-12T17:49:25,PASS,PASS
G2,001_pilot,p1_stroke_09_横撇,,,,,stroke,1,False,PASS,binary_or_4tier,2026-07-12T17:49:26,PASS,PASS
G1,001_pilot,p1_stroke_09_横撇,,,,,stroke,1,False,PASS,binary_or_4tier,2026-07-12T17:49:26,PASS,PASS
G4,001_pilot,p1_stroke_09_横撇,,,,,stroke,1,False,PASS,binary_or_4tier,2026-07-12T17:49:27,PASS,PASS
G2,001_pilot,p1_stroke_10_横钩,,,,,stroke,1,False,PASS,binary_or_4tier,2026-07-12T17:49:28,PASS,PASS
G1,001_pilot,p1_stroke_10_横钩,,,,,stroke,1,False,FAIL,binary_or_4tier,2026-07-12T17:49:36,FAIL,FAIL
G4,001_pilot,p1_stroke_10_横钩,,,,,stroke,1,False,PASS,binary_or_4tier,2026-07-12T17:49:38,PASS,PASS
G3,001_pilot,p1_stroke_10_横钩,,,,,stroke,1,False,PASS,binary_or_4tier,2026-07-12T17:49:39,PASS,PASS
G2,001_pilot,p1_stroke_11_横折,,,,,stroke,1,False,PASS,binary_or_4tier,2026-07-12T17:49:40,PASS,PASS
G3,001_pilot,p1_stroke_11_横折,,,,,stroke,1,False,PASS,binary_or_4tier,2026-07-12T17:49:41,PASS,PASS
G1,001_pilot,p1_stroke_11_横折,,,,,stroke,1,False,PASS,binary_or_4tier,2026-07-12T17:49:41,PASS,PASS
G4,001_pilot,p1_stroke_11_横折,,,,,stroke,1,False,PASS,binary_or_4tier,2026-07-12T17:49:43,PASS,PASS
G2,001_pilot,p1_stroke_12_竖提,,,,,stroke,1,False,PASS,binary_or_4tier,2026-07-12T17:49:44,PASS,PASS
G3,001_pilot,p1_stroke_12_竖提,,,,,stroke,1,False,PASS,binary_or_4tier,2026-07-12T17:49:44,PASS,PASS
G4,001_pilot,p1_stroke_12_竖提,,,,,stroke,1,False,PASS,binary_or_4tier,2026-07-12T17:49:45,PASS,PASS
G1,001_pilot,p1_stroke_12_竖提,,,,,stroke,1,False,PASS,binary_or_4tier,2026-07-12T17:49:45,PASS,PASS
G1,001_pilot,p1_stroke_13_竖弯,,,,,stroke,1,False,PASS,binary_or_4tier,2026-07-12T17:49:47,PASS,PASS
G3,001_pilot,p1_stroke_13_竖弯,,,,,stroke,1,False,PASS,binary_or_4tier,2026-07-12T17:50:56,PASS,PASS
G4,001_pilot,p1_stroke_13_竖弯,,,,,stroke,1,False,PASS,binary_or_4tier,2026-07-12T17:50:56,PASS,PASS
G2,001_pilot,p1_stroke_13_竖弯,,,,,stroke,1,False,PASS,binary_or_4tier,2026-07-12T17:50:57,PASS,PASS
G2,001_pilot,p1_stroke_14_竖钩,,,,,stroke,1,False,PASS,binary_or_4tier,2026-07-12T17:50:57,PASS,PASS
G4,001_pilot,p1_stroke_14_竖钩,,,,,stroke,1,False,PASS,binary_or_4tier,2026-07-12T17:50:58,PASS,PASS
G3,001_pilot,p1_stroke_14_竖钩,,,,,stroke,1,False,FAIL,binary_or_4tier,2026-07-12T17:50:59,FAIL,FAIL
G1,001_pilot,p1_stroke_14_竖钩,,,,,stroke,1,False,PASS,binary_or_4tier,2026-07-12T17:50:59,PASS,PASS
G3,001_pilot,p1_stroke_15_竖折,,,,,stroke,1,False,PASS,binary_or_4tier,2026-07-12T17:51:00,PASS,PASS
G2,001_pilot,p1_stroke_15_竖折,,,,,stroke,1,False,PASS,binary_or_4tier,2026-07-12T17:51:01,PASS,PASS
G4,001_pilot,p1_stroke_15_竖折,,,,,stroke,1,False,PASS,binary_or_4tier,2026-07-12T17:51:01,PASS,PASS
G1,001_pilot,p1_stroke_15_竖折,,,,,stroke,1,False,PASS,binary_or_4tier,2026-07-12T17:51:02,PASS,PASS
G1,001_pilot,p1_stroke_16_斜钩,,,,,stroke,1,False,PASS,binary_or_4tier,2026-07-12T17:51:06,PASS,PASS
G4,001_pilot,p1_stroke_16_斜钩,,,,,stroke,1,False,PASS,binary_or_4tier,2026-07-12T17:51:07,PASS,PASS
G2,001_pilot,p1_stroke_16_斜钩,,,,,stroke,1,False,PASS,binary_or_4tier,2026-07-12T17:51:08,PASS,PASS
G3,001_pilot,p1_stroke_16_斜钩,,,,,stroke,1,False,FAIL,binary_or_4tier,2026-07-12T17:51:09,FAIL,FAIL
G4,001_pilot,p1_stroke_17_撇点,,,,,stroke,1,False,PASS,binary_or_4tier,2026-07-12T17:51:12,PASS,PASS
G3,001_pilot,p1_stroke_17_撇点,,,,,stroke,1,False,PASS,binary_or_4tier,2026-07-12T17:51:57,PASS,PASS
G1,001_pilot,p1_stroke_17_撇点,,,,,stroke,1,False,FAIL,binary_or_4tier,2026-07-12T17:52:04,FAIL,FAIL
G2,001_pilot,p1_stroke_17_撇点,,,,,stroke,1,False,FAIL,binary_or_4tier,2026-07-12T17:52:06,FAIL,FAIL
G4,001_pilot,p1_stroke_18_撇折,,,,,stroke,1,False,PASS,binary_or_4tier,2026-07-12T17:52:13,PASS,PASS
G2,001_pilot,p1_stroke_18_撇折,,,,,stroke,1,False,PASS,binary_or_4tier,2026-07-12T17:52:15,PASS,PASS
G1,001_pilot,p1_stroke_18_撇折,,,,,stroke,1,False,PASS,binary_or_4tier,2026-07-12T17:52:15,PASS,PASS
G3,001_pilot,p1_stroke_18_撇折,,,,,stroke,1,False,PASS,binary_or_4tier,2026-07-12T17:52:16,PASS,PASS
G2,001_pilot,p1_stroke_19_横斜钩,,,,,stroke,1,False,PASS,binary_or_4tier,2026-07-12T17:52:18,PASS,PASS
G1,001_pilot,p1_stroke_19_横斜钩,,,,,stroke,1,False,PASS,binary_or_4tier,2026-07-12T17:52:20,PASS,PASS
G4,001_pilot,p1_stroke_19_横斜钩,,,,,stroke,1,False,FAIL,binary_or_4tier,2026-07-12T17:52:21,FAIL,FAIL
G3,001_pilot,p1_stroke_19_横斜钩,,,,,stroke,1,False,FAIL,binary_or_4tier,2026-07-12T17:52:30,FAIL,FAIL
G2,001_pilot,p1_stroke_20_橫折提,,,,,stroke,1,False,PASS,binary_or_4tier,2026-07-12T17:52:42,PASS,PASS
G4,001_pilot,p1_stroke_20_橫折提,,,,,stroke,1,False,PASS,binary_or_4tier,2026-07-12T17:52:42,PASS,PASS
G3,001_pilot,p1_stroke_20_橫折提,,,,,stroke,1,False,PASS,binary_or_4tier,2026-07-12T17:52:43,PASS,PASS
G1,001_pilot,p1_stroke_20_橫折提,,,,,stroke,1,False,FAIL,binary_or_4tier,2026-07-12T17:52:44,FAIL,FAIL
G2,002,p1_stroke_21_横折弯,,,,,stroke,1,False,FAIL,binary_or_4tier,2026-07-12T22:47:00,FAIL,FAIL
G1,002,p1_stroke_21_横折弯,,,,,stroke,1,False,PASS,binary_or_4tier,2026-07-13T21:55:13,PASS,PASS
G3,002,p1_stroke_21_横折弯,,,,,stroke,1,False,FAIL,binary_or_4tier,2026-07-13T21:55:14,FAIL,FAIL
G4,002,p1_stroke_21_横折弯,,,,,stroke,1,False,FAIL,binary_or_4tier,2026-07-13T21:55:22,FAIL,FAIL
G3,002,p1_stroke_22_横折钩,,,,,stroke,1,False,PASS,binary_or_4tier,2026-07-13T21:55:23,PASS,PASS
G1,002,p1_stroke_22_横折钩,,,,,stroke,1,False,PASS,binary_or_4tier,2026-07-13T21:55:24,PASS,PASS
G4,002,p1_stroke_22_横折钩,,,,,stroke,1,False,PASS,binary_or_4tier,2026-07-13T21:55:24,PASS,PASS
G2,002,p1_stroke_22_横折钩,,,,,stroke,1,False,PASS,binary_or_4tier,2026-07-13T21:55:25,PASS,PASS
G2,002,p1_stroke_23_竖弯钩,,,,,stroke,1,False,FAIL,binary_or_4tier,2026-07-13T21:55:36,FAIL,FAIL
G4,002,p1_stroke_23_竖弯钩,,,,,stroke,1,False,PASS,binary_or_4tier,2026-07-13T21:55:37,PASS,PASS
G1,002,p1_stroke_23_竖弯钩,,,,,stroke,1,False,PASS,binary_or_4tier,2026-07-13T21:55:37,PASS,PASS
G3,002,p1_stroke_23_竖弯钩,,,,,stroke,1,False,FAIL,binary_or_4tier,2026-07-13T21:55:44,FAIL,FAIL
G2,002,p1_stroke_24_横撇弯钩,,,,,stroke,1,False,FAIL,binary_or_4tier,2026-07-13T21:55:52,FAIL,FAIL
G4,002,p1_stroke_24_横撇弯钩,,,,,stroke,1,False,PASS,binary_or_4tier,2026-07-13T21:55:55,PASS,PASS
G3,002,p1_stroke_24_横撇弯钩,,,,,stroke,1,False,PASS,binary_or_4tier,2026-07-13T21:55:56,PASS,PASS
G1,002,p1_stroke_24_横撇弯钩,,,,,stroke,1,False,FAIL,binary_or_4tier,2026-07-13T21:55:58,FAIL,FAIL
G3,002,p1_stroke_25_横折弯钩,,,,,stroke,1,False,FAIL,binary_or_4tier,2026-07-13T21:56:10,FAIL,FAIL
G2,002,p1_stroke_25_横折弯钩,,,,,stroke,1,False,PASS,binary_or_4tier,2026-07-13T21:56:11,PASS,PASS
G4,002,p1_stroke_25_横折弯钩,,,,,stroke,1,False,FAIL,binary_or_4tier,2026-07-13T21:56:13,FAIL,FAIL
G1,002,p1_stroke_25_横折弯钩,,,,,stroke,1,False,FAIL,binary_or_4tier,2026-07-13T21:56:20,FAIL,FAIL
G1,002,p1_stroke_26_横折折,,,,,stroke,1,False,FAIL,binary_or_4tier,2026-07-13T21:56:27,FAIL,FAIL
G2,002,p1_stroke_26_横折折,,,,,stroke,1,False,FAIL,binary_or_4tier,2026-07-13T21:56:28,FAIL,FAIL
G3,002,p1_stroke_26_横折折,,,,,stroke,1,False,FAIL,binary_or_4tier,2026-07-13T21:56:29,FAIL,FAIL
G4,002,p1_stroke_26_横折折,,,,,stroke,1,False,FAIL,binary_or_4tier,2026-07-13T21:56:29,FAIL,FAIL
G4,002,p1_stroke_27_竖折撇,,,,,stroke,1,False,FAIL,binary_or_4tier,2026-07-13T21:56:43,FAIL,FAIL
G1,002,p1_stroke_27_竖折撇,,,,,stroke,1,False,PASS,binary_or_4tier,2026-07-13T21:57:00,PASS,PASS
G2,002,p1_stroke_27_竖折撇,,,,,stroke,1,False,PASS,binary_or_4tier,2026-07-13T21:57:07,PASS,PASS
G3,002,p1_stroke_27_竖折撇,,,,,stroke,1,False,PASS,binary_or_4tier,2026-07-13T21:57:08,PASS,PASS
G4,002,p1_stroke_28_竖折折,,,,,stroke,1,False,PASS,binary_or_4tier,2026-07-13T21:57:13,PASS,PASS
G1,002,p1_stroke_28_竖折折,,,,,stroke,1,False,PASS,binary_or_4tier,2026-07-13T21:57:14,PASS,PASS
G2,002,p1_stroke_28_竖折折,,,,,stroke,1,False,PASS,binary_or_4tier,2026-07-13T21:57:14,PASS,PASS
G3,002,p1_stroke_28_竖折折,,,,,stroke,1,False,PASS,binary_or_4tier,2026-07-13T21:57:14,PASS,PASS
G2,002,p1_stroke_29_横折折撇,,,,,stroke,1,False,PASS,binary_or_4tier,2026-07-13T21:57:21,PASS,PASS
G4,002,p1_stroke_29_横折折撇,,,,,stroke,1,False,FAIL,binary_or_4tier,2026-07-13T21:57:25,FAIL,FAIL
G3,002,p1_stroke_29_横折折撇,,,,,stroke,1,False,PASS,binary_or_4tier,2026-07-13T21:57:29,PASS,PASS
G1,002,p1_stroke_29_横折折撇,,,,,stroke,1,False,PASS,binary_or_4tier,2026-07-13T21:57:30,PASS,PASS
G4,002,p1_stroke_30_横折折折,,,,,stroke,1,False,PASS,binary_or_4tier,2026-07-13T21:57:36,PASS,PASS
G3,002,p1_stroke_30_横折折折,,,,,stroke,1,False,PASS,binary_or_4tier,2026-07-13T21:57:37,PASS,PASS
G2,002,p1_stroke_30_横折折折,,,,,stroke,1,False,PASS,binary_or_4tier,2026-07-13T21:57:37,PASS,PASS
G1,002,p1_stroke_30_横折折折,,,,,stroke,1,False,FAIL,binary_or_4tier,2026-07-13T21:57:42,FAIL,FAIL
G4,002,p1_stroke_31_竖折折钩,,,,,stroke,1,False,PASS,binary_or_4tier,2026-07-13T21:57:48,PASS,PASS
G2,002,p1_stroke_31_竖折折钩,,,,,stroke,1,False,PASS,binary_or_4tier,2026-07-13T21:57:54,PASS,PASS
G3,002,p1_stroke_31_竖折折钩,,,,,stroke,1,False,FAIL,binary_or_4tier,2026-07-13T21:58:02,FAIL,FAIL
G1,002,p1_stroke_31_竖折折钩,,,,,stroke,1,False,FAIL,binary_or_4tier,2026-07-13T21:58:02,FAIL,FAIL
G4,002,p1_stroke_32_横折折折钩,,,,,stroke,1,False,PASS,binary_or_4tier,2026-07-13T21:58:08,PASS,PASS
G3,002,p1_stroke_32_横折折折钩,,,,,stroke,1,False,FAIL,binary_or_4tier,2026-07-13T21:58:09,FAIL,FAIL
G2,002,p1_stroke_32_横折折折钩,,,,,stroke,1,False,FAIL,binary_or_4tier,2026-07-13T21:58:10,FAIL,FAIL
G1,002,p1_stroke_32_横折折折钩,,,,,stroke,1,False,FAIL,binary_or_4tier,2026-07-13T21:58:10,FAIL,FAIL
G4,bootstrap,p2_radical_001_丨,丨,,1,radical,radical,1,False,PASS,binary_or_4tier,2026-07-17T17:50:33,PASS,PASS
G2,bootstrap,p2_radical_001_丨,丨,,1,radical,radical,1,False,PASS,binary_or_4tier,2026-07-17T17:50:38,PASS,PASS
G1,bootstrap,p2_radical_001_丨,丨,,1,radical,radical,1,False,PASS,binary_or_4tier,2026-07-17T17:50:39,PASS,PASS
G3,bootstrap,p2_radical_001_丨,丨,,1,radical,radical,1,False,PASS,binary_or_4tier,2026-07-17T17:51:36,PASS,PASS
G4,bootstrap,p2_radical_002_亅,亅,,1,radical,radical,1,False,PASS,binary_or_4tier,2026-07-17T17:51:37,PASS,PASS
G1,bootstrap,p2_radical_002_亅,亅,,1,radical,radical,1,False,FAIL,binary_or_4tier,2026-07-17T17:51:47,FAIL,FAIL
G2,bootstrap,p2_radical_002_亅,亅,,1,radical,radical,1,False,PASS,binary_or_4tier,2026-07-17T17:51:48,PASS,PASS
G3,bootstrap,p2_radical_002_亅,亅,,1,radical,radical,1,False,PASS,binary_or_4tier,2026-07-17T17:51:49,PASS,PASS
G3,bootstrap,p2_radical_003_丿,丿,,1,radical,radical,1,False,PASS,binary_or_4tier,2026-07-17T17:51:50,PASS,PASS
G4,bootstrap,p2_radical_003_丿,丿,,1,radical,radical,1,False,FAIL,binary_or_4tier,2026-07-17T17:51:55,FAIL,FAIL
G1,bootstrap,p2_radical_003_丿,丿,,1,radical,radical,1,False,PASS,binary_or_4tier,2026-07-17T17:51:56,PASS,PASS
G2,bootstrap,p2_radical_003_丿,丿,,1,radical,radical,1,False,PASS,binary_or_4tier,2026-07-17T17:51:56,PASS,PASS
G1,bootstrap,p2_radical_004_乛,乛,,1,radical,radical,1,False,PASS,binary_or_4tier,2026-07-17T17:51:58,PASS,PASS
G3,bootstrap,p2_radical_004_乛,乛,,1,radical,radical,1,False,PASS,binary_or_4tier,2026-07-17T17:51:58,PASS,PASS
G4,bootstrap,p2_radical_004_乛,乛,,1,radical,radical,1,False,PASS,binary_or_4tier,2026-07-17T17:51:59,PASS,PASS
G2,bootstrap,p2_radical_004_乛,乛,,1,radical,radical,1,False,PASS,binary_or_4tier,2026-07-17T17:51:59,PASS,PASS
G3,bootstrap,p2_radical_005_一,一,,1,radical,radical,1,False,PASS,binary_or_4tier,2026-07-17T17:52:00,PASS,PASS
G2,bootstrap,p2_radical_005_一,一,,1,radical,radical,1,False,PASS,binary_or_4tier,2026-07-17T17:52:01,PASS,PASS
G4,bootstrap,p2_radical_005_一,一,,1,radical,radical,1,False,PASS,binary_or_4tier,2026-07-17T17:52:01,PASS,PASS
G1,bootstrap,p2_radical_005_一,一,,1,radical,radical,1,False,PASS,binary_or_4tier,2026-07-17T17:52:01,PASS,PASS
G2,bootstrap,p2_radical_006_乙,乙,,1,radical,radical,1,False,PASS,binary_or_4tier,2026-07-17T17:52:02,PASS,PASS
G3,bootstrap,p2_radical_006_乙,乙,,1,radical,radical,1,False,PASS,binary_or_4tier,2026-07-17T17:52:03,PASS,PASS
G1,bootstrap,p2_radical_006_乙,乙,,1,radical,radical,1,False,PASS,binary_or_4tier,2026-07-17T17:52:03,PASS,PASS
G4,bootstrap,p2_radical_006_乙,乙,,1,radical,radical,1,False,PASS,binary_or_4tier,2026-07-17T17:52:04,PASS,PASS
G2,bootstrap,p2_radical_007_乚,乚,,1,radical,radical,1,False,PASS,binary_or_4tier,2026-07-17T17:52:05,PASS,PASS
G3,bootstrap,p2_radical_007_乚,乚,,1,radical,radical,1,False,PASS,binary_or_4tier,2026-07-17T17:52:06,PASS,PASS
G4,bootstrap,p2_radical_007_乚,乚,,1,radical,radical,1,False,FAIL,binary_or_4tier,2026-07-17T17:52:07,FAIL,FAIL
G1,bootstrap,p2_radical_007_乚,乚,,1,radical,radical,1,False,PASS,binary_or_4tier,2026-07-17T17:52:09,PASS,PASS
G3,bootstrap,p2_radical_008_丶,丶,,1,radical,radical,1,False,PASS,binary_or_4tier,2026-07-17T17:52:13,PASS,PASS
G2,bootstrap,p2_radical_008_丶,丶,,1,radical,radical,1,False,PASS,binary_or_4tier,2026-07-17T17:52:14,PASS,PASS
G1,bootstrap,p2_radical_008_丶,丶,,1,radical,radical,1,False,PASS,binary_or_4tier,2026-07-17T17:52:14,PASS,PASS
G4,bootstrap,p2_radical_008_丶,丶,,1,radical,radical,1,False,PASS,binary_or_4tier,2026-07-17T17:52:14,PASS,PASS
G1,bootstrap,p2_radical_009_八,八,,2,radical,radical,1,False,PASS,binary_or_4tier,2026-07-17T17:52:15,PASS,PASS
G3,bootstrap,p2_radical_009_八,八,,2,radical,radical,1,False,PASS,binary_or_4tier,2026-07-17T17:52:16,PASS,PASS
G2,bootstrap,p2_radical_009_八,八,,2,radical,radical,1,False,PASS,binary_or_4tier,2026-07-17T17:52:16,PASS,PASS
G4,bootstrap,p2_radical_009_八,八,,2,radical,radical,1,False,PASS,binary_or_4tier,2026-07-17T17:52:17,PASS,PASS
G3,bootstrap,p2_radical_010_勹,勹,,2,radical,radical,1,False,FAIL,binary_or_4tier,2026-07-17T17:52:19,FAIL,FAIL
G2,bootstrap,p2_radical_010_勹,勹,,2,radical,radical,1,False,PASS,binary_or_4tier,2026-07-17T17:52:19,PASS,PASS
G4,bootstrap,p2_radical_010_勹,勹,,2,radical,radical,1,False,PASS,binary_or_4tier,2026-07-17T17:52:25,PASS,PASS
G1,bootstrap,p2_radical_010_勹,勹,,2,radical,radical,1,False,FAIL,binary_or_4tier,2026-07-17T17:52:26,FAIL,FAIL
G4,bootstrap,p2_radical_011_匕,匕,,2,radical,radical,1,False,PASS,binary_or_4tier,2026-07-17T17:52:28,PASS,PASS
G2,bootstrap,p2_radical_011_匕,匕,,2,radical,radical,1,False,FAIL,binary_or_4tier,2026-07-17T17:52:31,FAIL,FAIL
G3,bootstrap,p2_radical_011_匕,匕,,2,radical,radical,1,False,FAIL,binary_or_4tier,2026-07-17T17:52:32,FAIL,FAIL
G1,bootstrap,p2_radical_011_匕,匕,,2,radical,radical,1,False,FAIL,binary_or_4tier,2026-07-17T17:52:33,FAIL,FAIL
G2,bootstrap,p2_radical_012_冫,冫,,2,radical,radical,1,False,PASS,binary_or_4tier,2026-07-17T17:52:37,PASS,PASS
G1,bootstrap,p2_radical_012_冫,冫,,2,radical,radical,1,False,PASS,binary_or_4tier,2026-07-17T17:52:38,PASS,PASS
G4,bootstrap,p2_radical_012_冫,冫,,2,radical,radical,1,False,PASS,binary_or_4tier,2026-07-17T17:52:39,PASS,PASS
G3,bootstrap,p2_radical_012_冫,冫,,2,radical,radical,1,False,PASS,binary_or_4tier,2026-07-17T17:52:39,PASS,PASS
G3,bootstrap,p2_radical_013_卜,卜,,2,radical,radical,1,False,PASS,binary_or_4tier,2026-07-17T17:52:40,PASS,PASS
G1,bootstrap,p2_radical_013_卜,卜,,2,radical,radical,1,False,PASS,binary_or_4tier,2026-07-17T17:52:49,PASS,PASS
G4,bootstrap,p2_radical_013_卜,卜,,2,radical,radical,1,False,PASS,binary_or_4tier,2026-07-17T17:52:50,PASS,PASS
G2,bootstrap,p2_radical_013_卜,卜,,2,radical,radical,1,False,PASS,binary_or_4tier,2026-07-17T17:52:50,PASS,PASS
G4,bootstrap,p2_radical_014_厂,厂,,2,radical,radical,1,False,FAIL,binary_or_4tier,2026-07-17T17:52:54,FAIL,FAIL
G2,bootstrap,p2_radical_014_厂,厂,,2,radical,radical,1,False,FAIL,binary_or_4tier,2026-07-17T17:52:55,FAIL,FAIL
G1,bootstrap,p2_radical_014_厂,厂,,2,radical,radical,1,False,PASS,binary_or_4tier,2026-07-17T17:52:56,PASS,PASS
G3,bootstrap,p2_radical_014_厂,厂,,2,radical,radical,1,False,FAIL,binary_or_4tier,2026-07-17T17:52:56,FAIL,FAIL
G1,bootstrap,p2_radical_015_刀,刀,,2,radical,radical,1,False,PASS,binary_or_4tier,2026-07-17T17:52:57,PASS,PASS
G4,bootstrap,p2_radical_015_刀,刀,,2,radical,radical,1,False,FAIL,binary_or_4tier,2026-07-17T17:52:59,FAIL,FAIL
G3,bootstrap,p2_radical_015_刀,刀,,2,radical,radical,1,False,FAIL,binary_or_4tier,2026-07-17T17:53:00,FAIL,FAIL
G2,bootstrap,p2_radical_015_刀,刀,,2,radical,radical,1,False,FAIL,binary_or_4tier,2026-07-17T17:53:01,FAIL,FAIL
G2,bootstrap,p2_radical_016_刂,刂,,2,radical,radical,1,False,PASS,binary_or_4tier,2026-07-17T17:53:01,PASS,PASS
G1,bootstrap,p2_radical_016_刂,刂,,2,radical,radical,1,False,PASS,binary_or_4tier,2026-07-17T17:53:02,PASS,PASS
G3,bootstrap,p2_radical_016_刂,刂,,2,radical,radical,1,False,PASS,binary_or_4tier,2026-07-17T17:53:05,PASS,PASS
G4,bootstrap,p2_radical_016_刂,刂,,2,radical,radical,1,False,FAIL,binary_or_4tier,2026-07-17T17:53:06,FAIL,FAIL
G4,bootstrap,p2_radical_017_儿,儿,,2,radical,radical,1,False,FAIL,binary_or_4tier,2026-07-17T17:53:08,FAIL,FAIL
G3,bootstrap,p2_radical_017_儿,儿,,2,radical,radical,1,False,PASS,binary_or_4tier,2026-07-17T17:53:09,PASS,PASS
G1,bootstrap,p2_radical_017_儿,儿,,2,radical,radical,1,False,PASS,binary_or_4tier,2026-07-17T17:53:09,PASS,PASS
G2,bootstrap,p2_radical_017_儿,儿,,2,radical,radical,1,False,PASS,binary_or_4tier,2026-07-17T17:53:10,PASS,PASS
G3,bootstrap,p2_radical_018_二,二,,2,radical,radical,1,False,PASS,binary_or_4tier,2026-07-17T17:53:11,PASS,PASS
G1,bootstrap,p2_radical_018_二,二,,2,radical,radical,1,False,PASS,binary_or_4tier,2026-07-17T17:53:11,PASS,PASS
G2,bootstrap,p2_radical_018_二,二,,2,radical,radical,1,False,PASS,binary_or_4tier,2026-07-17T17:53:12,PASS,PASS
G4,bootstrap,p2_radical_018_二,二,,2,radical,radical,1,False,PASS,binary_or_4tier,2026-07-17T17:53:12,PASS,PASS
G1,B1,p2_radical_019_匚,匚,,2,radical,radical,1,False,PASS,binary_or_4tier,2026-07-18T16:15:03,PASS,PASS
G4,B1,p2_radical_019_匚,匚,,2,radical,radical,1,False,PASS,binary_or_4tier,2026-07-18T16:15:04,PASS,PASS
G3,B1,p2_radical_019_匚,匚,,2,radical,radical,1,False,PASS,binary_or_4tier,2026-07-18T16:15:04,PASS,PASS
G2,B1,p2_radical_019_匚,匚,,2,radical,radical,1,False,PASS,binary_or_4tier,2026-07-18T16:15:05,PASS,PASS
G2,B1,p2_radical_020_阝,阝,,2,radical,radical,1,False,FAIL,binary_or_4tier,2026-07-18T16:15:07,FAIL,FAIL
G3,B1,p2_radical_020_阝,阝,,2,radical,radical,1,False,FAIL,binary_or_4tier,2026-07-18T16:15:08,FAIL,FAIL
G1,B1,p2_radical_020_阝,阝,,2,radical,radical,1,False,PASS,binary_or_4tier,2026-07-18T16:15:08,PASS,PASS
G4,B1,p2_radical_020_阝,阝,,2,radical,radical,1,False,PASS,binary_or_4tier,2026-07-18T16:15:09,PASS,PASS
G1,B1,p2_radical_021_丷,丷,,2,radical,radical,1,False,PASS,binary_or_4tier,2026-07-18T16:15:10,PASS,PASS
G3,B1,p2_radical_021_丷,丷,,2,radical,radical,1,False,FAIL,binary_or_4tier,2026-07-18T16:15:11,FAIL,FAIL
G4,B1,p2_radical_021_丷,丷,,2,radical,radical,1,False,PASS,binary_or_4tier,2026-07-18T16:15:12,PASS,PASS
G2,B1,p2_radical_021_丷,丷,,2,radical,radical,1,False,PASS,binary_or_4tier,2026-07-18T16:15:12,PASS,PASS
G1,B1,p2_radical_022_几,几,,2,radical,radical,1,False,FAIL,binary_or_4tier,2026-07-18T16:15:13,FAIL,FAIL
G3,B1,p2_radical_022_几,几,,2,radical,radical,1,False,PASS,binary_or_4tier,2026-07-18T16:15:14,PASS,PASS
G4,B1,p2_radical_022_几,几,,2,radical,radical,1,False,PASS,binary_or_4tier,2026-07-18T16:15:14,PASS,PASS
G2,B1,p2_radical_022_几,几,,2,radical,radical,1,False,PASS,binary_or_4tier,2026-07-18T16:15:15,PASS,PASS
G3,B1,p2_radical_023_卩,卩,,2,radical,radical,1,False,PASS,binary_or_4tier,2026-07-18T16:15:18,PASS,PASS
G4,B1,p2_radical_023_卩,卩,,2,radical,radical,1,False,FAIL,binary_or_4tier,2026-07-18T16:15:19,FAIL,FAIL
G2,B1,p2_radical_023_卩,卩,,2,radical,radical,1,False,PASS,binary_or_4tier,2026-07-18T16:15:21,PASS,PASS
G1,B1,p2_radical_023_卩,卩,,2,radical,radical,1,False,FAIL,binary_or_4tier,2026-07-18T16:15:22,FAIL,FAIL
G3,B1,p2_radical_024_冂,冂,,2,radical,radical,1,False,FAIL,binary_or_4tier,2026-07-18T16:15:24,FAIL,FAIL
G4,B1,p2_radical_024_冂,冂,,2,radical,radical,1,False,FAIL,binary_or_4tier,2026-07-18T16:15:27,FAIL,FAIL
G1,B1,p2_radical_024_冂,冂,,2,radical,radical,1,False,FAIL,binary_or_4tier,2026-07-18T16:15:28,FAIL,FAIL
G2,B1,p2_radical_024_冂,冂,,2,radical,radical,1,False,PASS,binary_or_4tier,2026-07-18T16:15:28,PASS,PASS
G4,B1,p2_radical_025_力,力,,2,radical,radical,1,False,FAIL,binary_or_4tier,2026-07-18T16:15:29,FAIL,FAIL
G2,B1,p2_radical_025_力,力,,2,radical,radical,1,False,FAIL,binary_or_4tier,2026-07-18T16:15:30,FAIL,FAIL
G1,B1,p2_radical_025_力,力,,2,radical,radical,1,False,FAIL,binary_or_4tier,2026-07-18T16:15:31,FAIL,FAIL
G3,B1,p2_radical_025_力,力,,2,radical,radical,1,False,FAIL,binary_or_4tier,2026-07-18T16:15:32,FAIL,FAIL
G4,B1,p2_radical_026_冖,冖,,2,radical,radical,1,False,PASS,binary_or_4tier,2026-07-18T16:15:33,PASS,PASS
G2,B1,p2_radical_026_冖,冖,,2,radical,radical,1,False,PASS,binary_or_4tier,2026-07-18T16:15:34,PASS,PASS
G1,B1,p2_radical_026_冖,冖,,2,radical,radical,1,False,PASS,binary_or_4tier,2026-07-18T16:15:34,PASS,PASS
G3,B1,p2_radical_026_冖,冖,,2,radical,radical,1,False,PASS,binary_or_4tier,2026-07-18T16:15:35,PASS,PASS
G2,B1,p2_radical_027_凵,凵,,2,radical,radical,1,False,PASS,binary_or_4tier,2026-07-18T16:15:36,PASS,PASS
G3,B1,p2_radical_027_凵,凵,,2,radical,radical,1,False,PASS,binary_or_4tier,2026-07-18T16:15:36,PASS,PASS
G1,B1,p2_radical_027_凵,凵,,2,radical,radical,1,False,PASS,binary_or_4tier,2026-07-18T16:15:37,PASS,PASS
G4,B1,p2_radical_027_凵,凵,,2,radical,radical,1,False,PASS,binary_or_4tier,2026-07-18T16:15:37,PASS,PASS
G1,B1,p2_radical_028_人,人,,2,radical,radical,1,False,FAIL,binary_or_4tier,2026-07-18T16:15:39,FAIL,FAIL
G3,B1,p2_radical_028_人,人,,2,radical,radical,1,False,FAIL,binary_or_4tier,2026-07-18T16:15:39,FAIL,FAIL
G2,B1,p2_radical_028_人,人,,2,radical,radical,1,False,FAIL,binary_or_4tier,2026-07-18T16:15:40,FAIL,FAIL
G4,B1,p2_radical_028_人,人,,2,radical,radical,1,False,PASS,binary_or_4tier,2026-07-18T16:15:40,PASS,PASS
G3,B1,p2_radical_029_亻,亻,,2,radical,radical,1,False,PASS,binary_or_4tier,2026-07-18T16:15:41,PASS,PASS
G4,B1,p2_radical_029_亻,亻,,2,radical,radical,1,False,PASS,binary_or_4tier,2026-07-18T16:15:41,PASS,PASS
G1,B1,p2_radical_029_亻,亻,,2,radical,radical,1,False,PASS,binary_or_4tier,2026-07-18T16:15:42,PASS,PASS
G2,B1,p2_radical_029_亻,亻,,2,radical,radical,1,False,PASS,binary_or_4tier,2026-07-18T16:15:42,PASS,PASS
G1,B1,p2_radical_030_入,入,,2,radical,radical,1,False,FAIL,binary_or_4tier,2026-07-18T16:15:44,FAIL,FAIL
G4,B1,p2_radical_030_入,入,,2,radical,radical,1,False,PASS,binary_or_4tier,2026-07-18T16:15:44,PASS,PASS
G2,B1,p2_radical_030_入,入,,2,radical,radical,1,False,FAIL,binary_or_4tier,2026-07-18T16:15:45,FAIL,FAIL
G3,B1,p2_radical_030_入,入,,2,radical,radical,1,False,FAIL,binary_or_4tier,2026-07-18T16:15:46,FAIL,FAIL
G3,B1,p2_radical_031_十,十,,2,radical,radical,1,False,PASS,binary_or_4tier,2026-07-18T16:15:46,PASS,PASS
G1,B1,p2_radical_031_十,十,,2,radical,radical,1,False,PASS,binary_or_4tier,2026-07-18T16:15:47,PASS,PASS
G4,B1,p2_radical_031_十,十,,2,radical,radical,1,False,PASS,binary_or_4tier,2026-07-18T16:15:47,PASS,PASS
G2,B1,p2_radical_031_十,十,,2,radical,radical,1,False,PASS,binary_or_4tier,2026-07-18T16:15:47,PASS,PASS
G1,B1,p2_radical_032_厶,厶,,2,radical,radical,1,False,FAIL,binary_or_4tier,2026-07-18T16:15:48,FAIL,FAIL
G2,B1,p2_radical_032_厶,厶,,2,radical,radical,1,False,FAIL,binary_or_4tier,2026-07-18T16:15:49,FAIL,FAIL
G3,B1,p2_radical_032_厶,厶,,2,radical,radical,1,False,FAIL,binary_or_4tier,2026-07-18T16:15:52,FAIL,FAIL
G4,B1,p2_radical_032_厶,厶,,2,radical,radical,1,False,PASS,binary_or_4tier,2026-07-18T16:15:53,PASS,PASS
G3,B1,p2_radical_033_亠,亠,,2,radical,radical,1,False,PASS,binary_or_4tier,2026-07-18T16:15:59,PASS,PASS
G4,B1,p2_radical_033_亠,亠,,2,radical,radical,1,False,PASS,binary_or_4tier,2026-07-18T16:15:59,PASS,PASS
G2,B1,p2_radical_033_亠,亠,,2,radical,radical,1,False,PASS,binary_or_4tier,2026-07-18T16:16:00,PASS,PASS
G1,B1,p2_radical_033_亠,亠,,2,radical,radical,1,False,PASS,binary_or_4tier,2026-07-18T16:16:03,PASS,PASS
G3,B1,p2_radical_034_匸,匸,,2,radical,radical,1,False,PASS,binary_or_4tier,2026-07-18T16:16:03,PASS,PASS
G4,B1,p2_radical_034_匸,匸,,2,radical,radical,1,False,PASS,binary_or_4tier,2026-07-18T16:16:04,PASS,PASS
G2,B1,p2_radical_034_匸,匸,,2,radical,radical,1,False,PASS,binary_or_4tier,2026-07-18T16:16:04,PASS,PASS
G1,B1,p2_radical_034_匸,匸,,2,radical,radical,1,False,PASS,binary_or_4tier,2026-07-18T16:16:04,PASS,PASS
G1,B1,p2_radical_035_讠,讠,,2,radical,radical,1,False,PASS,binary_or_4tier,2026-07-18T16:16:06,PASS,PASS
G2,B1,p2_radical_035_讠,讠,,2,radical,radical,1,False,PASS,binary_or_4tier,2026-07-18T16:16:06,PASS,PASS
G4,B1,p2_radical_035_讠,讠,,2,radical,radical,1,False,PASS,binary_or_4tier,2026-07-18T16:16:07,PASS,PASS
G3,B1,p2_radical_035_讠,讠,,2,radical,radical,1,False,FAIL,binary_or_4tier,2026-07-18T16:16:07,FAIL,FAIL
G3,B1,p2_radical_036_廴,廴,,2,radical,radical,1,False,FAIL,binary_or_4tier,2026-07-18T16:16:09,FAIL,FAIL
G4,B1,p2_radical_036_廴,廴,,2,radical,radical,1,False,PASS,binary_or_4tier,2026-07-18T16:16:09,PASS,PASS
G2,B1,p2_radical_036_廴,廴,,2,radical,radical,1,False,PASS,binary_or_4tier,2026-07-18T16:16:10,PASS,PASS
G1,B1,p2_radical_036_廴,廴,,2,radical,radical,1,False,FAIL,binary_or_4tier,2026-07-18T16:16:11,FAIL,FAIL
G3,B1,p2_radical_037_又,又,,2,radical,radical,1,False,PASS,binary_or_4tier,2026-07-18T16:16:12,PASS,PASS
G4,B1,p2_radical_037_又,又,,2,radical,radical,1,False,PASS,binary_or_4tier,2026-07-18T16:16:12,PASS,PASS
G2,B1,p2_radical_037_又,又,,2,radical,radical,1,False,PASS,binary_or_4tier,2026-07-18T16:16:13,PASS,PASS
G1,B1,p2_radical_037_又,又,,2,radical,radical,1,False,PASS,binary_or_4tier,2026-07-18T16:16:13,PASS,PASS
G2,B1,p2_radical_038_㔾,㔾,,2,radical,radical,1,False,PASS,binary_or_4tier,2026-07-18T16:16:14,PASS,PASS
G4,B1,p2_radical_038_㔾,㔾,,2,radical,radical,1,False,FAIL,binary_or_4tier,2026-07-18T16:16:15,FAIL,FAIL
G1,B1,p2_radical_038_㔾,㔾,,2,radical,radical,1,False,FAIL,binary_or_4tier,2026-07-18T16:16:16,FAIL,FAIL
G3,B1,p2_radical_038_㔾,㔾,,2,radical,radical,1,False,FAIL,binary_or_4tier,2026-07-18T16:16:16,FAIL,FAIL
G1,B1,p2_radical_039_艹,艹,,3,radical,radical,1,False,PASS,binary_or_4tier,2026-07-18T16:16:17,PASS,PASS
G2,B1,p2_radical_039_艹,艹,,3,radical,radical,1,False,PASS,binary_or_4tier,2026-07-18T16:16:18,PASS,PASS
G3,B1,p2_radical_039_艹,艹,,3,radical,radical,1,False,PASS,binary_or_4tier,2026-07-18T16:16:18,PASS,PASS
G4,B1,p2_radical_039_艹,艹,,3,radical,radical,1,False,FAIL,binary_or_4tier,2026-07-18T16:16:20,FAIL,FAIL
G3,B1,p2_radical_040_屮,屮,,3,radical,radical,1,False,FAIL,binary_or_4tier,2026-07-18T16:16:21,FAIL,FAIL
G2,B1,p2_radical_040_屮,屮,,3,radical,radical,1,False,PASS,binary_or_4tier,2026-07-18T16:16:22,PASS,PASS
G1,B1,p2_radical_040_屮,屮,,3,radical,radical,1,False,PASS,binary_or_4tier,2026-07-18T16:16:22,PASS,PASS
G4,B1,p2_radical_040_屮,屮,,3,radical,radical,1,False,PASS,binary_or_4tier,2026-07-18T16:16:23,PASS,PASS
G2,B1,p2_radical_041_彳,彳,,3,radical,radical,1,False,PASS,binary_or_4tier,2026-07-18T16:16:24,PASS,PASS
G4,B1,p2_radical_041_彳,彳,,3,radical,radical,1,False,PASS,binary_or_4tier,2026-07-18T16:16:24,PASS,PASS
G1,B1,p2_radical_041_彳,彳,,3,radical,radical,1,False,FAIL,binary_or_4tier,2026-07-18T16:16:25,FAIL,FAIL
G3,B1,p2_radical_041_彳,彳,,3,radical,radical,1,False,FAIL,binary_or_4tier,2026-07-18T16:16:26,FAIL,FAIL
G2,B1,p2_radical_042_巛,巛,,3,radical,radical,1,False,FAIL,binary_or_4tier,2026-07-18T16:16:26,FAIL,FAIL
G3,B1,p2_radical_042_巛,巛,,3,radical,radical,1,False,FAIL,binary_or_4tier,2026-07-18T16:16:29,FAIL,FAIL
G4,B1,p2_radical_042_巛,巛,,3,radical,radical,1,False,PASS,binary_or_4tier,2026-07-18T16:16:30,PASS,PASS
G1,B1,p2_radical_042_巛,巛,,3,radical,radical,1,False,PASS,binary_or_4tier,2026-07-18T16:16:31,PASS,PASS
G1,B1,p2_radical_043_川,川,,3,radical,radical,1,False,PASS,binary_or_4tier,2026-07-18T16:16:32,PASS,PASS
G2,B1,p2_radical_043_川,川,,3,radical,radical,1,False,PASS,binary_or_4tier,2026-07-18T16:16:32,PASS,PASS
G4,B1,p2_radical_043_川,川,,3,radical,radical,1,False,PASS,binary_or_4tier,2026-07-18T16:16:32,PASS,PASS
G3,B1,p2_radical_043_川,川,,3,radical,radical,1,False,PASS,binary_or_4tier,2026-07-18T16:16:33,PASS,PASS
G4,B1,p2_radical_044_辶,辶,,3,radical,radical,1,False,PASS,binary_or_4tier,2026-07-18T16:16:33,PASS,PASS
G2,B1,p2_radical_044_辶,辶,,3,radical,radical,1,False,PASS,binary_or_4tier,2026-07-18T16:16:34,PASS,PASS
G3,B1,p2_radical_044_辶,辶,,3,radical,radical,1,False,PASS,binary_or_4tier,2026-07-18T16:16:41,PASS,PASS
G1,B1,p2_radical_044_辶,辶,,3,radical,radical,1,False,FAIL,binary_or_4tier,2026-07-18T16:16:42,FAIL,FAIL
G4,B1,p2_radical_045_寸,寸,,3,radical,radical,1,False,FAIL,binary_or_4tier,2026-07-18T16:16:48,FAIL,FAIL
G1,B1,p2_radical_045_寸,寸,,3,radical,radical,1,False,PASS,binary_or_4tier,2026-07-18T16:16:49,PASS,PASS
G3,B1,p2_radical_045_寸,寸,,3,radical,radical,1,False,PASS,binary_or_4tier,2026-07-18T16:16:49,PASS,PASS
G2,B1,p2_radical_045_寸,寸,,3,radical,radical,1,False,PASS,binary_or_4tier,2026-07-18T16:16:50,PASS,PASS
G1,B1,p2_radical_046_大,大,,3,radical,radical,1,False,PASS,binary_or_4tier,2026-07-18T16:16:50,PASS,PASS
G4,B1,p2_radical_046_大,大,,3,radical,radical,1,False,PASS,binary_or_4tier,2026-07-18T16:16:51,PASS,PASS
G3,B1,p2_radical_046_大,大,,3,radical,radical,1,False,FAIL,binary_or_4tier,2026-07-18T16:16:52,FAIL,FAIL
G2,B1,p2_radical_046_大,大,,3,radical,radical,1,False,PASS,binary_or_4tier,2026-07-18T16:16:52,PASS,PASS
G4,B1,p2_radical_047_飞,飞,,3,radical,radical,1,False,FAIL,binary_or_4tier,2026-07-18T16:16:53,FAIL,FAIL
G3,B1,p2_radical_047_飞,飞,,3,radical,radical,1,False,FAIL,binary_or_4tier,2026-07-18T16:16:54,FAIL,FAIL
G1,B1,p2_radical_047_飞,飞,,3,radical,radical,1,False,FAIL,binary_or_4tier,2026-07-18T16:16:55,FAIL,FAIL
G2,B1,p2_radical_047_飞,飞,,3,radical,radical,1,False,FAIL,binary_or_4tier,2026-07-18T16:16:56,FAIL,FAIL
G1,B1,p2_radical_048_干,干,,3,radical,radical,1,False,PASS,binary_or_4tier,2026-07-18T16:16:57,PASS,PASS
G4,B1,p2_radical_048_干,干,,3,radical,radical,1,False,PASS,binary_or_4tier,2026-07-18T16:16:59,PASS,PASS
G2,B1,p2_radical_048_干,干,,3,radical,radical,1,False,FAIL,binary_or_4tier,2026-07-18T16:17:00,FAIL,FAIL
G3,B1,p2_radical_048_干,干,,3,radical,radical,1,False,PASS,binary_or_4tier,2026-07-18T16:17:00,PASS,PASS
G3,B1,p2_radical_049_工,工,,3,radical,radical,1,False,PASS,binary_or_4tier,2026-07-18T16:17:01,PASS,PASS
G2,B1,p2_radical_049_工,工,,3,radical,radical,1,False,PASS,binary_or_4tier,2026-07-18T16:17:01,PASS,PASS
G4,B1,p2_radical_049_工,工,,3,radical,radical,1,False,PASS,binary_or_4tier,2026-07-18T16:17:02,PASS,PASS
G1,B1,p2_radical_049_工,工,,3,radical,radical,1,False,PASS,binary_or_4tier,2026-07-18T16:17:02,PASS,PASS
G2,B1,p2_radical_050_弓,弓,,3,radical,radical,1,False,FAIL,binary_or_4tier,2026-07-18T16:17:03,FAIL,FAIL
G3,B1,p2_radical_050_弓,弓,,3,radical,radical,1,False,FAIL,binary_or_4tier,2026-07-18T16:17:03,FAIL,FAIL
G1,B1,p2_radical_050_弓,弓,,3,radical,radical,1,False,FAIL,binary_or_4tier,2026-07-18T16:17:04,FAIL,FAIL
G4,B1,p2_radical_050_弓,弓,,3,radical,radical,1,False,FAIL,binary_or_4tier,2026-07-18T16:17:05,FAIL,FAIL
G1,B1,p2_radical_051_廾,廾,,3,radical,radical,1,False,PASS,binary_or_4tier,2026-07-18T16:17:07,PASS,PASS
G2,B1,p2_radical_051_廾,廾,,3,radical,radical,1,False,PASS,binary_or_4tier,2026-07-18T16:17:07,PASS,PASS
G4,B1,p2_radical_051_廾,廾,,3,radical,radical,1,False,PASS,binary_or_4tier,2026-07-18T16:17:08,PASS,PASS
G3,B1,p2_radical_051_廾,廾,,3,radical,radical,1,False,PASS,binary_or_4tier,2026-07-18T16:17:08,PASS,PASS
G3,B1,p2_radical_052_广,广,,3,radical,radical,1,False,PASS,binary_or_4tier,2026-07-18T16:17:10,PASS,PASS
G4,B1,p2_radical_052_广,广,,3,radical,radical,1,False,PASS,binary_or_4tier,2026-07-18T16:17:11,PASS,PASS
G2,B1,p2_radical_052_广,广,,3,radical,radical,1,False,PASS,binary_or_4tier,2026-07-18T16:17:12,PASS,PASS
G1,B1,p2_radical_052_广,广,,3,radical,radical,1,False,PASS,binary_or_4tier,2026-07-18T16:17:12,PASS,PASS
G4,B1,p2_radical_053_己,己,,3,radical,radical,1,False,FAIL,binary_or_4tier,2026-07-18T16:17:15,FAIL,FAIL
G1,B1,p2_radical_053_己,己,,3,radical,radical,1,False,FAIL,binary_or_4tier,2026-07-18T16:17:16,FAIL,FAIL
G2,B1,p2_radical_053_己,己,,3,radical,radical,1,False,FAIL,binary_or_4tier,2026-07-18T16:17:17,FAIL,FAIL
G3,B1,p2_radical_053_己,己,,3,radical,radical,1,False,FAIL,binary_or_4tier,2026-07-18T16:17:18,FAIL,FAIL
G3,B1,p2_radical_054_彐,彐,,3,radical,radical,1,False,PASS,binary_or_4tier,2026-07-18T16:17:18,PASS,PASS
G2,B1,p2_radical_054_彐,彐,,3,radical,radical,1,False,PASS,binary_or_4tier,2026-07-18T16:17:19,PASS,PASS
G1,B1,p2_radical_054_彐,彐,,3,radical,radical,1,False,PASS,binary_or_4tier,2026-07-18T16:17:19,PASS,PASS
G4,B1,p2_radical_054_彐,彐,,3,radical,radical,1,False,FAIL,binary_or_4tier,2026-07-18T16:17:20,FAIL,FAIL
G3,B1,p2_radical_055_彑,彑,,3,radical,radical,1,False,FAIL,binary_or_4tier,2026-07-18T16:17:21,FAIL,FAIL
G4,B1,p2_radical_055_彑,彑,,3,radical,radical,1,False,FAIL,binary_or_4tier,2026-07-18T16:17:22,FAIL,FAIL
G1,B1,p2_radical_055_彑,彑,,3,radical,radical,1,False,FAIL,binary_or_4tier,2026-07-18T16:17:22,FAIL,FAIL
G2,B1,p2_radical_055_彑,彑,,3,radical,radical,1,False,FAIL,binary_or_4tier,2026-07-18T16:17:22,FAIL,FAIL
G4,B1,p2_radical_056_巾,巾,,3,radical,radical,1,False,PASS,binary_or_4tier,2026-07-18T16:17:23,PASS,PASS
G3,B1,p2_radical_056_巾,巾,,3,radical,radical,1,False,FAIL,binary_or_4tier,2026-07-18T16:17:24,FAIL,FAIL
G1,B1,p2_radical_056_巾,巾,,3,radical,radical,1,False,FAIL,binary_or_4tier,2026-07-18T16:17:25,FAIL,FAIL
G2,B1,p2_radical_056_巾,巾,,3,radical,radical,1,False,FAIL,binary_or_4tier,2026-07-18T16:17:27,FAIL,FAIL
G1,B1,p2_radical_057_口,口,,3,radical,radical,1,False,PASS,binary_or_4tier,2026-07-18T16:17:28,PASS,PASS
G2,B1,p2_radical_057_口,口,,3,radical,radical,1,False,PASS,binary_or_4tier,2026-07-18T16:17:28,PASS,PASS
G3,B1,p2_radical_057_口,口,,3,radical,radical,1,False,PASS,binary_or_4tier,2026-07-18T16:17:28,PASS,PASS
G4,B1,p2_radical_057_口,口,,3,radical,radical,1,False,PASS,binary_or_4tier,2026-07-18T16:17:29,PASS,PASS
G3,B1,p2_radical_058_马,马,,3,radical,radical,1,False,FAIL,binary_or_4tier,2026-07-18T16:17:30,FAIL,FAIL
G4,B1,p2_radical_058_马,马,,3,radical,radical,1,False,FAIL,binary_or_4tier,2026-07-18T16:17:30,FAIL,FAIL
G2,B1,p2_radical_058_马,马,,3,radical,radical,1,False,FAIL,binary_or_4tier,2026-07-18T16:17:31,FAIL,FAIL
G1,B1,p2_radical_058_马,马,,3,radical,radical,1,False,FAIL,binary_or_4tier,2026-07-18T16:17:31,FAIL,FAIL
G4,B1,p2_radical_059_门,门,,3,radical,radical,1,False,FAIL,binary_or_4tier,2026-07-18T16:17:32,FAIL,FAIL
G1,B1,p2_radical_059_门,门,,3,radical,radical,1,False,PASS,binary_or_4tier,2026-07-18T16:17:34,PASS,PASS
G2,B1,p2_radical_059_门,门,,3,radical,radical,1,False,FAIL,binary_or_4tier,2026-07-18T16:17:35,FAIL,FAIL
G3,B1,p2_radical_059_门,门,,3,radical,radical,1,False,FAIL,binary_or_4tier,2026-07-18T16:17:36,FAIL,FAIL
G4,B1,p2_radical_060_宀,宀,,3,radical,radical,1,False,PASS,binary_or_4tier,2026-07-18T16:17:37,PASS,PASS
G1,B1,p2_radical_060_宀,宀,,3,radical,radical,1,False,PASS,binary_or_4tier,2026-07-18T16:17:37,PASS,PASS
G2,B1,p2_radical_060_宀,宀,,3,radical,radical,1,False,PASS,binary_or_4tier,2026-07-18T16:17:38,PASS,PASS
G3,B1,p2_radical_060_宀,宀,,3,radical,radical,1,False,PASS,binary_or_4tier,2026-07-18T16:17:40,PASS,PASS
G1,B1,p2_radical_061_女,女,,3,radical,radical,1,False,FAIL,binary_or_4tier,2026-07-18T16:17:41,FAIL,FAIL
G3,B1,p2_radical_061_女,女,,3,radical,radical,1,False,FAIL,binary_or_4tier,2026-07-18T16:17:41,FAIL,FAIL
G4,B1,p2_radical_061_女,女,,3,radical,radical,1,False,FAIL,binary_or_4tier,2026-07-18T16:17:42,FAIL,FAIL
G2,B1,p2_radical_061_女,女,,3,radical,radical,1,False,PASS,binary_or_4tier,2026-07-18T16:17:42,PASS,PASS
G1,B1,p2_radical_062_犭,犭,,3,radical,radical,1,False,FAIL,binary_or_4tier,2026-07-18T16:17:43,FAIL,FAIL
G4,B1,p2_radical_062_犭,犭,,3,radical,radical,1,False,FAIL,binary_or_4tier,2026-07-18T16:17:44,FAIL,FAIL
G2,B1,p2_radical_062_犭,犭,,3,radical,radical,1,False,PASS,binary_or_4tier,2026-07-18T16:17:45,PASS,PASS
G3,B1,p2_radical_062_犭,犭,,3,radical,radical,1,False,FAIL,binary_or_4tier,2026-07-18T16:17:46,FAIL,FAIL
G2,B1,p2_radical_063_山,山,,3,radical,radical,1,False,PASS,binary_or_4tier,2026-07-18T16:17:47,PASS,PASS
G4,B1,p2_radical_063_山,山,,3,radical,radical,1,False,PASS,binary_or_4tier,2026-07-18T16:17:47,PASS,PASS
G3,B1,p2_radical_063_山,山,,3,radical,radical,1,False,PASS,binary_or_4tier,2026-07-18T16:17:47,PASS,PASS
G1,B1,p2_radical_063_山,山,,3,radical,radical,1,False,PASS,binary_or_4tier,2026-07-18T16:17:48,PASS,PASS
G2,B1,p2_radical_064_彡,彡,,3,radical,radical,1,False,PASS,binary_or_4tier,2026-07-18T16:17:48,PASS,PASS
G3,B1,p2_radical_064_彡,彡,,3,radical,radical,1,False,PASS,binary_or_4tier,2026-07-18T16:17:49,PASS,PASS
G4,B1,p2_radical_064_彡,彡,,3,radical,radical,1,False,PASS,binary_or_4tier,2026-07-18T16:17:52,PASS,PASS
G1,B1,p2_radical_064_彡,彡,,3,radical,radical,1,False,PASS,binary_or_4tier,2026-07-18T16:17:52,PASS,PASS
G3,B1,p2_radical_065_尸,尸,,3,radical,radical,1,False,PASS,binary_or_4tier,2026-07-18T16:17:54,PASS,PASS
G2,B1,p2_radical_065_尸,尸,,3,radical,radical,1,False,PASS,binary_or_4tier,2026-07-18T16:17:54,PASS,PASS
G4,B1,p2_radical_065_尸,尸,,3,radical,radical,1,False,PASS,binary_or_4tier,2026-07-18T16:18:01,PASS,PASS
G1,B1,p2_radical_065_尸,尸,,3,radical,radical,1,False,PASS,binary_or_4tier,2026-07-18T16:18:01,PASS,PASS
G3,B1,p2_radical_066_饣,饣,,3,radical,radical,1,False,PASS,binary_or_4tier,2026-07-18T16:18:02,PASS,PASS
G4,B1,p2_radical_066_饣,饣,,3,radical,radical,1,False,PASS,binary_or_4tier,2026-07-18T16:18:02,PASS,PASS
G2,B1,p2_radical_066_饣,饣,,3,radical,radical,1,False,PASS,binary_or_4tier,2026-07-18T16:18:07,PASS,PASS
G1,B1,p2_radical_066_饣,饣,,3,radical,radical,1,False,FAIL,binary_or_4tier,2026-07-18T16:18:07,FAIL,FAIL
G2,B1,p2_radical_067_士,士,,3,radical,radical,1,False,FAIL,binary_or_4tier,2026-07-18T16:18:09,FAIL,FAIL
G1,B1,p2_radical_067_士,士,,3,radical,radical,1,False,PASS,binary_or_4tier,2026-07-18T16:18:10,PASS,PASS
G3,B1,p2_radical_067_士,士,,3,radical,radical,1,False,PASS,binary_or_4tier,2026-07-18T16:18:11,PASS,PASS
G4,B1,p2_radical_067_士,士,,3,radical,radical,1,False,PASS,binary_or_4tier,2026-07-18T16:18:11,PASS,PASS
G2,B1,p2_radical_068_扌,扌,,3,radical,radical,1,False,PASS,binary_or_4tier,2026-07-18T16:18:12,PASS,PASS
G1,B1,p2_radical_068_扌,扌,,3,radical,radical,1,False,PASS,binary_or_4tier,2026-07-18T16:18:12,PASS,PASS
G4,B1,p2_radical_068_扌,扌,,3,radical,radical,1,False,PASS,binary_or_4tier,2026-07-18T16:18:13,PASS,PASS
G3,B1,p2_radical_068_扌,扌,,3,radical,radical,1,False,PASS,binary_or_4tier,2026-07-18T16:18:13,PASS,PASS
G2,B1,p2_radical_011_匕__retry_1__G2,匕__retry_1__G2,,2,radical,radical,1,False,FAIL,binary_or_4tier,2026-07-18T16:18:14,FAIL,FAIL
G2,B1,p2_radical_014_厂__retry_1__G2,厂__retry_1__G2,,2,radical,radical,1,False,PASS,binary_or_4tier,2026-07-18T16:18:15,PASS,PASS
G2,B1,p2_radical_015_刀__retry_1__G2,刀__retry_1__G2,,2,radical,radical,1,False,FAIL,binary_or_4tier,2026-07-18T16:18:17,FAIL,FAIL
G3,B1,p2_radical_014_厂__retry_1__G3,厂__retry_1__G3,,2,radical,radical,1,False,PASS,binary_or_4tier,2026-07-18T16:18:20,PASS,PASS
G3,B1,p2_radical_015_刀__retry_1__G3,刀__retry_1__G3,,2,radical,radical,1,False,FAIL,binary_or_4tier,2026-07-18T16:18:22,FAIL,FAIL
G4,B1,p2_radical_003_丿__retry_1__G4,丿__retry_1__G4,,1,radical,radical,1,False,FAIL,binary_or_4tier,2026-07-18T16:18:23,FAIL,FAIL
G4,B1,p2_radical_007_乚__retry_1__G4,乚__retry_1__G4,,1,radical,radical,1,False,PASS,binary_or_4tier,2026-07-18T16:18:26,PASS,PASS
G4,B1,p2_radical_014_厂__retry_1__G4,厂__retry_1__G4,,2,radical,radical,1,False,PASS,binary_or_4tier,2026-07-18T16:18:28,PASS,PASS
G4,B1,p2_radical_015_刀__retry_1__G4,刀__retry_1__G4,,2,radical,radical,1,False,FAIL,binary_or_4tier,2026-07-18T16:18:29,FAIL,FAIL
G4,B1,p2_radical_016_刂__retry_1__G4,刂__retry_1__G4,,2,radical,radical,1,False,PASS,binary_or_4tier,2026-07-18T16:18:30,PASS,PASS
G4,B1,p2_radical_017_儿__retry_1__G4,儿__retry_1__G4,,2,radical,radical,1,False,PASS,binary_or_4tier,2026-07-18T16:18:31,PASS,PASS
G1,B2,p2_radical_069_氵,氵,,3,radical,radical,1,False,FAIL,binary_or_4tier,2026-07-18T18:41:20,FAIL,FAIL
G2,B2,p2_radical_069_氵,氵,,3,radical,radical,1,False,PASS,binary_or_4tier,2026-07-18T18:41:21,PASS,PASS
G3,B2,p2_radical_069_氵,氵,,3,radical,radical,1,False,PASS,binary_or_4tier,2026-07-18T18:41:21,PASS,PASS
G4,B2,p2_radical_069_氵,氵,,3,radical,radical,1,False,PASS,binary_or_4tier,2026-07-18T18:41:21,PASS,PASS
G2,B2,p2_radical_070_纟,纟,,3,radical,radical,1,False,PASS,binary_or_4tier,2026-07-18T18:41:24,PASS,PASS
G3,B2,p2_radical_070_纟,纟,,3,radical,radical,1,False,PASS,binary_or_4tier,2026-07-18T18:41:25,PASS,PASS
G1,B2,p2_radical_070_纟,纟,,3,radical,radical,1,False,PASS,binary_or_4tier,2026-07-18T18:41:26,PASS,PASS
G4,B2,p2_radical_070_纟,纟,,3,radical,radical,1,False,FAIL,binary_or_4tier,2026-07-18T18:41:28,FAIL,FAIL
G3,B2,p2_radical_071_巳,巳,,3,radical,radical,1,False,PASS,binary_or_4tier,2026-07-18T18:41:30,PASS,PASS
G2,B2,p2_radical_071_巳,巳,,3,radical,radical,1,False,PASS,binary_or_4tier,2026-07-18T18:41:31,PASS,PASS
G1,B2,p2_radical_071_巳,巳,,3,radical,radical,1,False,PASS,binary_or_4tier,2026-07-18T18:41:31,PASS,PASS
G4,B2,p2_radical_071_巳,巳,,3,radical,radical,1,False,PASS,binary_or_4tier,2026-07-18T18:41:31,PASS,PASS
G3,B2,p2_radical_072_土,土,,3,radical,radical,1,False,PASS,binary_or_4tier,2026-07-18T18:41:32,PASS,PASS
G1,B2,p2_radical_072_土,土,,3,radical,radical,1,False,PASS,binary_or_4tier,2026-07-18T18:41:32,PASS,PASS
G2,B2,p2_radical_072_土,土,,3,radical,radical,1,False,PASS,binary_or_4tier,2026-07-18T18:41:33,PASS,PASS
G4,B2,p2_radical_072_土,土,,3,radical,radical,1,False,PASS,binary_or_4tier,2026-07-18T18:41:33,PASS,PASS
G2,B2,p2_radical_073_囗,囗,,3,radical,radical,1,False,PASS,binary_or_4tier,2026-07-18T18:41:34,PASS,PASS
G4,B2,p2_radical_073_囗,囗,,3,radical,radical,1,False,PASS,binary_or_4tier,2026-07-18T18:41:34,PASS,PASS
G1,B2,p2_radical_073_囗,囗,,3,radical,radical,1,False,PASS,binary_or_4tier,2026-07-18T18:41:34,PASS,PASS
G3,B2,p2_radical_073_囗,囗,,3,radical,radical,1,False,PASS,binary_or_4tier,2026-07-18T18:41:35,PASS,PASS
G2,B2,p2_radical_074_兀,兀,,3,radical,radical,1,False,PASS,binary_or_4tier,2026-07-18T18:41:36,PASS,PASS
G1,B2,p2_radical_074_兀,兀,,3,radical,radical,1,False,PASS,binary_or_4tier,2026-07-18T18:41:36,PASS,PASS
G3,B2,p2_radical_074_兀,兀,,3,radical,radical,1,False,FAIL,binary_or_4tier,2026-07-18T18:41:39,FAIL,FAIL
G4,B2,p2_radical_074_兀,兀,,3,radical,radical,1,False,PASS,binary_or_4tier,2026-07-18T18:41:40,PASS,PASS
G1,B2,p2_radical_075_夕,夕,,3,radical,radical,1,False,FAIL,binary_or_4tier,2026-07-18T18:41:50,FAIL,FAIL
G3,B2,p2_radical_075_夕,夕,,3,radical,radical,1,False,PASS,binary_or_4tier,2026-07-18T18:41:51,PASS,PASS
G2,B2,p2_radical_075_夕,夕,,3,radical,radical,1,False,FAIL,binary_or_4tier,2026-07-18T18:41:53,FAIL,FAIL
G4,B2,p2_radical_075_夕,夕,,3,radical,radical,1,False,FAIL,binary_or_4tier,2026-07-18T18:41:53,FAIL,FAIL
G1,B2,p2_radical_076_小,小,,3,radical,radical,1,False,PASS,binary_or_4tier,2026-07-18T18:41:54,PASS,PASS
G3,B2,p2_radical_076_小,小,,3,radical,radical,1,False,PASS,binary_or_4tier,2026-07-18T18:41:54,PASS,PASS
G4,B2,p2_radical_076_小,小,,3,radical,radical,1,False,PASS,binary_or_4tier,2026-07-18T18:41:55,PASS,PASS
G2,B2,p2_radical_076_小,小,,3,radical,radical,1,False,PASS,binary_or_4tier,2026-07-18T18:41:55,PASS,PASS
G2,B2,p2_radical_077_忄,忄,,3,radical,radical,1,False,FAIL,binary_or_4tier,2026-07-18T18:41:57,FAIL,FAIL
G4,B2,p2_radical_077_忄,忄,,3,radical,radical,1,False,PASS,binary_or_4tier,2026-07-18T18:41:58,PASS,PASS
G3,B2,p2_radical_077_忄,忄,,3,radical,radical,1,False,FAIL,binary_or_4tier,2026-07-18T18:41:59,FAIL,FAIL
G1,B2,p2_radical_077_忄,忄,,3,radical,radical,1,False,PASS,binary_or_4tier,2026-07-18T18:42:02,PASS,PASS
G1,B2,p2_radical_078_幺,幺,,3,radical,radical,1,False,PASS,binary_or_4tier,2026-07-18T18:42:03,PASS,PASS
G4,B2,p2_radical_078_幺,幺,,3,radical,radical,1,False,PASS,binary_or_4tier,2026-07-18T18:42:04,PASS,PASS
G2,B2,p2_radical_078_幺,幺,,3,radical,radical,1,False,FAIL,binary_or_4tier,2026-07-18T18:42:04,FAIL,FAIL
G3,B2,p2_radical_078_幺,幺,,3,radical,radical,1,False,FAIL,binary_or_4tier,2026-07-18T18:42:05,FAIL,FAIL
G3,B2,p2_radical_079_弋,弋,,3,radical,radical,1,False,FAIL,binary_or_4tier,2026-07-18T18:42:06,FAIL,FAIL
G1,B2,p2_radical_079_弋,弋,,3,radical,radical,1,False,PASS,binary_or_4tier,2026-07-18T18:42:08,PASS,PASS
G2,B2,p2_radical_079_弋,弋,,3,radical,radical,1,False,PASS,binary_or_4tier,2026-07-18T18:42:16,PASS,PASS
G4,B2,p2_radical_079_弋,弋,,3,radical,radical,1,False,PASS,binary_or_4tier,2026-07-18T18:42:16,PASS,PASS
G4,B2,p2_radical_080_尢,尢,,3,radical,radical,1,False,PASS,binary_or_4tier,2026-07-18T18:42:18,PASS,PASS
G1,B2,p2_radical_080_尢,尢,,3,radical,radical,1,False,FAIL,binary_or_4tier,2026-07-18T18:42:19,FAIL,FAIL
G3,B2,p2_radical_080_尢,尢,,3,radical,radical,1,False,FAIL,binary_or_4tier,2026-07-18T18:42:20,FAIL,FAIL
G2,B2,p2_radical_080_尢,尢,,3,radical,radical,1,False,FAIL,binary_or_4tier,2026-07-18T18:42:20,FAIL,FAIL
G4,B2,p2_radical_081_夂,夂,,3,radical,radical,1,False,FAIL,binary_or_4tier,2026-07-18T18:42:21,FAIL,FAIL
G3,B2,p2_radical_081_夂,夂,,3,radical,radical,1,False,FAIL,binary_or_4tier,2026-07-18T18:42:22,FAIL,FAIL
G2,B2,p2_radical_081_夂,夂,,3,radical,radical,1,False,FAIL,binary_or_4tier,2026-07-18T18:42:23,FAIL,FAIL
G1,B2,p2_radical_081_夂,夂,,3,radical,radical,1,False,FAIL,binary_or_4tier,2026-07-18T18:42:24,FAIL,FAIL
G2,B2,p2_radical_082_子,子,,3,radical,radical,1,False,PASS,binary_or_4tier,2026-07-18T18:42:25,PASS,PASS
G3,B2,p2_radical_082_子,子,,3,radical,radical,1,False,FAIL,binary_or_4tier,2026-07-18T18:42:29,FAIL,FAIL
G4,B2,p2_radical_082_子,子,,3,radical,radical,1,False,FAIL,binary_or_4tier,2026-07-18T18:42:30,FAIL,FAIL
G1,B2,p2_radical_082_子,子,,3,radical,radical,1,False,FAIL,binary_or_4tier,2026-07-18T18:42:40,FAIL,FAIL
G3,B2,p2_radical_083_丬,丬,,3,radical,radical,1,False,FAIL,binary_or_4tier,2026-07-18T18:42:41,FAIL,FAIL
G4,B2,p2_radical_083_丬,丬,,3,radical,radical,1,False,PASS,binary_or_4tier,2026-07-18T18:42:42,PASS,PASS
G1,B2,p2_radical_083_丬,丬,,3,radical,radical,1,False,FAIL,binary_or_4tier,2026-07-18T18:42:42,FAIL,FAIL
G2,B2,p2_radical_083_丬,丬,,3,radical,radical,1,False,FAIL,binary_or_4tier,2026-07-18T18:42:43,FAIL,FAIL
G4,B2,p2_radical_084_夊,夊,,3,radical,radical,1,False,FAIL,binary_or_4tier,2026-07-18T18:42:44,FAIL,FAIL
G3,B2,p2_radical_084_夊,夊,,3,radical,radical,1,False,FAIL,binary_or_4tier,2026-07-18T18:42:45,FAIL,FAIL
G1,B2,p2_radical_084_夊,夊,,3,radical,radical,1,False,FAIL,binary_or_4tier,2026-07-18T18:42:45,FAIL,FAIL
G2,B2,p2_radical_084_夊,夊,,3,radical,radical,1,False,FAIL,binary_or_4tier,2026-07-18T18:42:46,FAIL,FAIL
G3,B2,p2_radical_085_贝,贝,,4,radical,radical,1,False,FAIL,binary_or_4tier,2026-07-18T18:42:47,FAIL,FAIL
G2,B2,p2_radical_085_贝,贝,,4,radical,radical,1,False,FAIL,binary_or_4tier,2026-07-18T18:42:48,FAIL,FAIL
G1,B2,p2_radical_085_贝,贝,,4,radical,radical,1,False,FAIL,binary_or_4tier,2026-07-18T18:42:48,FAIL,FAIL
G4,B2,p2_radical_085_贝,贝,,4,radical,radical,1,False,FAIL,binary_or_4tier,2026-07-18T18:42:49,FAIL,FAIL
G4,B2,p2_radical_086_比,比,,4,radical,radical,1,False,FAIL,binary_or_4tier,2026-07-18T18:42:50,FAIL,FAIL
G2,B2,p2_radical_086_比,比,,4,radical,radical,1,False,FAIL,binary_or_4tier,2026-07-18T18:42:50,FAIL,FAIL
G1,B2,p2_radical_086_比,比,,4,radical,radical,1,False,FAIL,binary_or_4tier,2026-07-18T18:42:51,FAIL,FAIL
G3,B2,p2_radical_086_比,比,,4,radical,radical,1,False,FAIL,binary_or_4tier,2026-07-18T18:42:52,FAIL,FAIL
G1,B2,p2_radical_087_灬,灬,,4,radical,radical,1,False,PASS,binary_or_4tier,2026-07-18T18:42:53,PASS,PASS
G4,B2,p2_radical_087_灬,灬,,4,radical,radical,1,False,PASS,binary_or_4tier,2026-07-18T18:42:53,PASS,PASS
G2,B2,p2_radical_087_灬,灬,,4,radical,radical,1,False,PASS,binary_or_4tier,2026-07-18T18:42:54,PASS,PASS
G3,B2,p2_radical_087_灬,灬,,4,radical,radical,1,False,PASS,binary_or_4tier,2026-07-18T18:42:54,PASS,PASS
G3,B2,p2_radical_088_长,长,,4,radical,radical,1,False,FAIL,binary_or_4tier,2026-07-18T18:42:55,FAIL,FAIL
G1,B2,p2_radical_088_长,长,,4,radical,radical,1,False,FAIL,binary_or_4tier,2026-07-18T18:42:56,FAIL,FAIL
G4,B2,p2_radical_088_长,长,,4,radical,radical,1,False,FAIL,binary_or_4tier,2026-07-18T18:42:56,FAIL,FAIL
G2,B2,p2_radical_088_长,长,,4,radical,radical,1,False,FAIL,binary_or_4tier,2026-07-18T18:42:57,FAIL,FAIL
G1,B2,p2_radical_089_车,车,,4,radical,radical,1,False,FAIL,binary_or_4tier,2026-07-18T18:42:58,FAIL,FAIL
G3,B2,p2_radical_089_车,车,,4,radical,radical,1,False,FAIL,binary_or_4tier,2026-07-18T18:42:58,FAIL,FAIL
G4,B2,p2_radical_089_车,车,,4,radical,radical,1,False,PASS,binary_or_4tier,2026-07-18T18:42:59,PASS,PASS
G2,B2,p2_radical_089_车,车,,4,radical,radical,1,False,FAIL,binary_or_4tier,2026-07-18T18:43:00,FAIL,FAIL
G1,B2,p2_radical_090_歹,歹,,4,radical,radical,1,False,FAIL,binary_or_4tier,2026-07-18T18:43:02,FAIL,FAIL
G4,B2,p2_radical_090_歹,歹,,4,radical,radical,1,False,FAIL,binary_or_4tier,2026-07-18T18:43:04,FAIL,FAIL
G2,B2,p2_radical_090_歹,歹,,4,radical,radical,1,False,PASS,binary_or_4tier,2026-07-18T18:43:05,PASS,PASS
G3,B2,p2_radical_090_歹,歹,,4,radical,radical,1,False,PASS,binary_or_4tier,2026-07-18T18:43:05,PASS,PASS
G3,B2,p2_radical_091_斗,斗,,4,radical,radical,1,False,FAIL,binary_or_4tier,2026-07-18T18:43:11,FAIL,FAIL
G4,B2,p2_radical_091_斗,斗,,4,radical,radical,1,False,FAIL,binary_or_4tier,2026-07-18T18:43:12,FAIL,FAIL
G1,B2,p2_radical_091_斗,斗,,4,radical,radical,1,False,PASS,binary_or_4tier,2026-07-18T18:43:13,PASS,PASS
G2,B2,p2_radical_091_斗,斗,,4,radical,radical,1,False,PASS,binary_or_4tier,2026-07-18T18:43:15,PASS,PASS
G2,B2,p2_radical_092_厄,厄,,4,radical,radical,1,False,FAIL,binary_or_4tier,2026-07-18T18:43:23,FAIL,FAIL
G4,B2,p2_radical_092_厄,厄,,4,radical,radical,1,False,FAIL,binary_or_4tier,2026-07-18T18:43:23,FAIL,FAIL
G1,B2,p2_radical_092_厄,厄,,4,radical,radical,1,False,FAIL,binary_or_4tier,2026-07-18T18:43:30,FAIL,FAIL
G3,B2,p2_radical_092_厄,厄,,4,radical,radical,1,False,PASS,binary_or_4tier,2026-07-18T18:43:31,PASS,PASS
G2,B2,p2_radical_093_方,方,,4,radical,radical,1,False,FAIL,binary_or_4tier,2026-07-18T18:43:32,FAIL,FAIL
G4,B2,p2_radical_093_方,方,,4,radical,radical,1,False,FAIL,binary_or_4tier,2026-07-18T18:43:34,FAIL,FAIL
G1,B2,p2_radical_093_方,方,,4,radical,radical,1,False,PASS,binary_or_4tier,2026-07-18T18:43:35,PASS,PASS
G3,B2,p2_radical_093_方,方,,4,radical,radical,1,False,FAIL,binary_or_4tier,2026-07-18T18:43:36,FAIL,FAIL
G1,B2,p2_radical_094_风,风,,4,radical,radical,1,False,FAIL,binary_or_4tier,2026-07-18T18:43:36,FAIL,FAIL
G2,B2,p2_radical_094_风,风,,4,radical,radical,1,False,FAIL,binary_or_4tier,2026-07-18T18:43:37,FAIL,FAIL
G3,B2,p2_radical_094_风,风,,4,radical,radical,1,False,FAIL,binary_or_4tier,2026-07-18T18:43:38,FAIL,FAIL
G4,B2,p2_radical_094_风,风,,4,radical,radical,1,False,FAIL,binary_or_4tier,2026-07-18T18:43:40,FAIL,FAIL
G3,B2,p2_radical_095_父,父,,4,radical,radical,1,False,PASS,binary_or_4tier,2026-07-18T18:43:40,PASS,PASS
G4,B2,p2_radical_095_父,父,,4,radical,radical,1,False,PASS,binary_or_4tier,2026-07-18T18:43:41,PASS,PASS
G2,B2,p2_radical_095_父,父,,4,radical,radical,1,False,FAIL,binary_or_4tier,2026-07-18T18:43:42,FAIL,FAIL
G1,B2,p2_radical_095_父,父,,4,radical,radical,1,False,FAIL,binary_or_4tier,2026-07-18T18:43:43,FAIL,FAIL
G1,B2,p2_radical_096_戈,戈,,4,radical,radical,1,False,FAIL,binary_or_4tier,2026-07-18T18:43:44,FAIL,FAIL
G2,B2,p2_radical_096_戈,戈,,4,radical,radical,1,False,FAIL,binary_or_4tier,2026-07-18T18:43:45,FAIL,FAIL
G4,B2,p2_radical_096_戈,戈,,4,radical,radical,1,False,FAIL,binary_or_4tier,2026-07-18T18:43:46,FAIL,FAIL
G3,B2,p2_radical_096_戈,戈,,4,radical,radical,1,False,FAIL,binary_or_4tier,2026-07-18T18:43:47,FAIL,FAIL
G2,B2,p2_radical_097_户,户,,4,radical,radical,1,False,FAIL,binary_or_4tier,2026-07-18T18:43:47,FAIL,FAIL
G1,B2,p2_radical_097_户,户,,4,radical,radical,1,False,FAIL,binary_or_4tier,2026-07-18T18:43:48,FAIL,FAIL
G4,B2,p2_radical_097_户,户,,4,radical,radical,1,False,FAIL,binary_or_4tier,2026-07-18T18:43:49,FAIL,FAIL
G3,B2,p2_radical_097_户,户,,4,radical,radical,1,False,FAIL,binary_or_4tier,2026-07-18T18:43:49,FAIL,FAIL
G1,B2,p2_radical_098_火,火,,4,radical,radical,1,False,PASS,binary_or_4tier,2026-07-18T18:43:53,PASS,PASS
G4,B2,p2_radical_098_火,火,,4,radical,radical,1,False,FAIL,binary_or_4tier,2026-07-18T18:43:54,FAIL,FAIL
G3,B2,p2_radical_098_火,火,,4,radical,radical,1,False,FAIL,binary_or_4tier,2026-07-18T18:43:55,FAIL,FAIL
G2,B2,p2_radical_098_火,火,,4,radical,radical,1,False,FAIL,binary_or_4tier,2026-07-18T18:43:55,FAIL,FAIL
G3,B2,p2_radical_099_旡,旡,,4,radical,radical,1,False,FAIL,binary_or_4tier,2026-07-18T18:43:56,FAIL,FAIL
G1,B2,p2_radical_099_旡,旡,,4,radical,radical,1,False,FAIL,binary_or_4tier,2026-07-18T18:43:56,FAIL,FAIL
G4,B2,p2_radical_099_旡,旡,,4,radical,radical,1,False,FAIL,binary_or_4tier,2026-07-18T18:44:00,FAIL,FAIL
G2,B2,p2_radical_099_旡,旡,,4,radical,radical,1,False,FAIL,binary_or_4tier,2026-07-18T18:44:01,FAIL,FAIL
G3,B2,p2_radical_100_见,见,,4,radical,radical,1,False,FAIL,binary_or_4tier,2026-07-18T18:44:05,FAIL,FAIL
G2,B2,p2_radical_100_见,见,,4,radical,radical,1,False,FAIL,binary_or_4tier,2026-07-18T18:44:06,FAIL,FAIL
G4,B2,p2_radical_100_见,见,,4,radical,radical,1,False,FAIL,binary_or_4tier,2026-07-18T18:44:07,FAIL,FAIL
G1,B2,p2_radical_100_见,见,,4,radical,radical,1,False,FAIL,binary_or_4tier,2026-07-18T18:44:07,FAIL,FAIL
G3,B2,p2_radical_101_斤,斤,,4,radical,radical,1,False,FAIL,binary_or_4tier,2026-07-18T18:44:09,FAIL,FAIL
G1,B2,p2_radical_101_斤,斤,,4,radical,radical,1,False,FAIL,binary_or_4tier,2026-07-18T18:44:09,FAIL,FAIL
G2,B2,p2_radical_101_斤,斤,,4,radical,radical,1,False,FAIL,binary_or_4tier,2026-07-18T18:44:10,FAIL,FAIL
G4,B2,p2_radical_101_斤,斤,,4,radical,radical,1,False,FAIL,binary_or_4tier,2026-07-18T18:44:12,FAIL,FAIL
G3,B2,p2_radical_102_耂,耂,,4,radical,radical,1,False,PASS,binary_or_4tier,2026-07-18T18:44:13,PASS,PASS
G4,B2,p2_radical_102_耂,耂,,4,radical,radical,1,False,FAIL,binary_or_4tier,2026-07-18T18:44:20,FAIL,FAIL
G2,B2,p2_radical_102_耂,耂,,4,radical,radical,1,False,FAIL,binary_or_4tier,2026-07-18T18:44:20,FAIL,FAIL
G1,B2,p2_radical_102_耂,耂,,4,radical,radical,1,False,PASS,binary_or_4tier,2026-07-18T18:44:22,PASS,PASS
G4,B2,p2_radical_103_毛,毛,,4,radical,radical,1,False,PASS,binary_or_4tier,2026-07-18T18:44:23,PASS,PASS
G1,B2,p2_radical_103_毛,毛,,4,radical,radical,1,False,FAIL,binary_or_4tier,2026-07-18T18:44:25,FAIL,FAIL
G3,B2,p2_radical_103_毛,毛,,4,radical,radical,1,False,PASS,binary_or_4tier,2026-07-18T18:44:28,PASS,PASS
G2,B2,p2_radical_103_毛,毛,,4,radical,radical,1,False,PASS,binary_or_4tier,2026-07-18T18:44:29,PASS,PASS
G2,B2,p2_radical_104_木,木,,4,radical,radical,1,False,PASS,binary_or_4tier,2026-07-18T18:44:29,PASS,PASS
G3,B2,p2_radical_104_木,木,,4,radical,radical,1,False,PASS,binary_or_4tier,2026-07-18T18:44:30,PASS,PASS
G4,B2,p2_radical_104_木,木,,4,radical,radical,1,False,PASS,binary_or_4tier,2026-07-18T18:44:30,PASS,PASS
G1,B2,p2_radical_104_木,木,,4,radical,radical,1,False,PASS,binary_or_4tier,2026-07-18T18:44:36,PASS,PASS
G3,B2,p2_radical_105_肀,肀,,4,radical,radical,1,False,FAIL,binary_or_4tier,2026-07-18T18:44:37,FAIL,FAIL
G1,B2,p2_radical_105_肀,肀,,4,radical,radical,1,False,FAIL,binary_or_4tier,2026-07-18T18:44:37,FAIL,FAIL
G2,B2,p2_radical_105_肀,肀,,4,radical,radical,1,False,FAIL,binary_or_4tier,2026-07-18T18:44:37,FAIL,FAIL
G4,B2,p2_radical_105_肀,肀,,4,radical,radical,1,False,FAIL,binary_or_4tier,2026-07-18T18:44:38,FAIL,FAIL
G2,B2,p2_radical_106_牛,牛,,4,radical,radical,1,False,FAIL,binary_or_4tier,2026-07-18T18:44:40,FAIL,FAIL
G4,B2,p2_radical_106_牛,牛,,4,radical,radical,1,False,PASS,binary_or_4tier,2026-07-18T18:44:40,PASS,PASS
G1,B2,p2_radical_106_牛,牛,,4,radical,radical,1,False,PASS,binary_or_4tier,2026-07-18T18:44:41,PASS,PASS
G3,B2,p2_radical_106_牛,牛,,4,radical,radical,1,False,PASS,binary_or_4tier,2026-07-18T18:44:42,PASS,PASS
G1,B2,p2_radical_107_爿,爿,,4,radical,radical,1,False,FAIL,binary_or_4tier,2026-07-18T18:44:43,FAIL,FAIL
G3,B2,p2_radical_107_爿,爿,,4,radical,radical,1,False,FAIL,binary_or_4tier,2026-07-18T18:44:44,FAIL,FAIL
G4,B2,p2_radical_107_爿,爿,,4,radical,radical,1,False,FAIL,binary_or_4tier,2026-07-18T18:44:45,FAIL,FAIL
G2,B2,p2_radical_107_爿,爿,,4,radical,radical,1,False,FAIL,binary_or_4tier,2026-07-18T18:44:46,FAIL,FAIL
G4,B2,p2_radical_108_片,片,,4,radical,radical,1,False,PASS,binary_or_4tier,2026-07-18T18:44:47,PASS,PASS
G2,B2,p2_radical_108_片,片,,4,radical,radical,1,False,FAIL,binary_or_4tier,2026-07-18T18:44:50,FAIL,FAIL
G3,B2,p2_radical_108_片,片,,4,radical,radical,1,False,FAIL,binary_or_4tier,2026-07-18T18:44:51,FAIL,FAIL
G1,B2,p2_radical_108_片,片,,4,radical,radical,1,False,FAIL,binary_or_4tier,2026-07-18T18:44:52,FAIL,FAIL
G3,B2,p2_radical_109_攴,攴,,4,radical,radical,1,False,FAIL,binary_or_4tier,2026-07-18T18:44:53,FAIL,FAIL
G1,B2,p2_radical_109_攴,攴,,4,radical,radical,1,False,FAIL,binary_or_4tier,2026-07-18T18:44:54,FAIL,FAIL
G2,B2,p2_radical_109_攴,攴,,4,radical,radical,1,False,FAIL,binary_or_4tier,2026-07-18T18:44:54,FAIL,FAIL
G4,B2,p2_radical_109_攴,攴,,4,radical,radical,1,False,FAIL,binary_or_4tier,2026-07-18T18:45:03,FAIL,FAIL
G1,B2,p2_radical_110_攵,攵,,4,radical,radical,1,False,FAIL,binary_or_4tier,2026-07-18T18:45:04,FAIL,FAIL
G4,B2,p2_radical_110_攵,攵,,4,radical,radical,1,False,PASS,binary_or_4tier,2026-07-18T18:45:11,PASS,PASS
G3,B2,p2_radical_110_攵,攵,,4,radical,radical,1,False,FAIL,binary_or_4tier,2026-07-18T18:45:12,FAIL,FAIL
G2,B2,p2_radical_110_攵,攵,,4,radical,radical,1,False,FAIL,binary_or_4tier,2026-07-18T18:45:14,FAIL,FAIL
G4,B2,p2_radical_111_气,气,,4,radical,radical,1,False,FAIL,binary_or_4tier,2026-07-18T18:45:15,FAIL,FAIL
G3,B2,p2_radical_111_气,气,,4,radical,radical,1,False,FAIL,binary_or_4tier,2026-07-18T18:45:16,FAIL,FAIL
G1,B2,p2_radical_111_气,气,,4,radical,radical,1,False,FAIL,binary_or_4tier,2026-07-18T18:45:16,FAIL,FAIL
G2,B2,p2_radical_111_气,气,,4,radical,radical,1,False,PASS,binary_or_4tier,2026-07-18T18:45:17,PASS,PASS
G3,B2,p2_radical_112_欠,欠,,4,radical,radical,1,False,FAIL,binary_or_4tier,2026-07-18T18:45:18,FAIL,FAIL
G1,B2,p2_radical_112_欠,欠,,4,radical,radical,1,False,FAIL,binary_or_4tier,2026-07-18T18:45:19,FAIL,FAIL
G2,B2,p2_radical_112_欠,欠,,4,radical,radical,1,False,PASS,binary_or_4tier,2026-07-18T18:45:20,PASS,PASS
G4,B2,p2_radical_112_欠,欠,,4,radical,radical,1,False,FAIL,binary_or_4tier,2026-07-18T18:45:22,FAIL,FAIL
G2,B2,p2_radical_113_犬,犬,,4,radical,radical,1,False,PASS,binary_or_4tier,2026-07-18T18:45:23,PASS,PASS
G4,B2,p2_radical_113_犬,犬,,4,radical,radical,1,False,PASS,binary_or_4tier,2026-07-18T18:45:24,PASS,PASS
G3,B2,p2_radical_113_犬,犬,,4,radical,radical,1,False,FAIL,binary_or_4tier,2026-07-18T18:45:29,FAIL,FAIL
G1,B2,p2_radical_113_犬,犬,,4,radical,radical,1,False,PASS,binary_or_4tier,2026-07-18T18:45:30,PASS,PASS
G3,B2,p2_radical_114_日,日,,4,radical,radical,1,False,PASS,binary_or_4tier,2026-07-18T18:45:32,PASS,PASS
G2,B2,p2_radical_114_日,日,,4,radical,radical,1,False,PASS,binary_or_4tier,2026-07-18T18:45:32,PASS,PASS
G4,B2,p2_radical_114_日,日,,4,radical,radical,1,False,FAIL,binary_or_4tier,2026-07-18T18:45:34,FAIL,FAIL
G1,B2,p2_radical_114_日,日,,4,radical,radical,1,False,PASS,binary_or_4tier,2026-07-18T18:45:34,PASS,PASS
G4,B2,p2_radical_115_氏,氏,,4,radical,radical,1,False,FAIL,binary_or_4tier,2026-07-18T18:45:36,FAIL,FAIL
G2,B2,p2_radical_115_氏,氏,,4,radical,radical,1,False,FAIL,binary_or_4tier,2026-07-18T18:45:36,FAIL,FAIL
G3,B2,p2_radical_115_氏,氏,,4,radical,radical,1,False,FAIL,binary_or_4tier,2026-07-18T18:45:37,FAIL,FAIL
G1,B2,p2_radical_115_氏,氏,,4,radical,radical,1,False,FAIL,binary_or_4tier,2026-07-18T18:45:38,FAIL,FAIL
G1,B2,p2_radical_116_礻,礻,,4,radical,radical,1,False,PASS,binary_or_4tier,2026-07-18T18:45:38,PASS,PASS
G3,B2,p2_radical_116_礻,礻,,4,radical,radical,1,False,PASS,binary_or_4tier,2026-07-18T18:45:39,PASS,PASS
G2,B2,p2_radical_116_礻,礻,,4,radical,radical,1,False,FAIL,binary_or_4tier,2026-07-18T18:45:40,FAIL,FAIL
G4,B2,p2_radical_116_礻,礻,,4,radical,radical,1,False,FAIL,binary_or_4tier,2026-07-18T18:45:41,FAIL,FAIL
G4,B2,p2_radical_117_手,手,,4,radical,radical,1,False,FAIL,binary_or_4tier,2026-07-18T18:45:42,FAIL,FAIL
G1,B2,p2_radical_117_手,手,,4,radical,radical,1,False,FAIL,binary_or_4tier,2026-07-18T18:45:45,FAIL,FAIL
G2,B2,p2_radical_117_手,手,,4,radical,radical,1,False,PASS,binary_or_4tier,2026-07-18T18:45:46,PASS,PASS
G3,B2,p2_radical_117_手,手,,4,radical,radical,1,False,FAIL,binary_or_4tier,2026-07-18T18:45:48,FAIL,FAIL
G4,B2,p2_radical_118_殳,殳,,4,radical,radical,1,False,FAIL,binary_or_4tier,2026-07-18T18:45:49,FAIL,FAIL
G3,B2,p2_radical_118_殳,殳,,4,radical,radical,1,False,FAIL,binary_or_4tier,2026-07-18T18:45:50,FAIL,FAIL
G1,B2,p2_radical_118_殳,殳,,4,radical,radical,1,False,FAIL,binary_or_4tier,2026-07-18T18:45:51,FAIL,FAIL
G2,B2,p2_radical_118_殳,殳,,4,radical,radical,1,False,PASS,binary_or_4tier,2026-07-18T18:45:52,PASS,PASS
G2,B2,p2_radical_011_匕__retry_2__G2,匕__retry_2__G2,,2,radical,radical,1,False,FAIL,binary_or_4tier,2026-07-18T18:45:56,FAIL,FAIL
G2,B2,p2_radical_015_刀__retry_2__G2,刀__retry_2__G2,,2,radical,radical,1,False,FAIL,binary_or_4tier,2026-07-18T18:45:56,FAIL,FAIL
G2,B2,p2_radical_025_力__retry_1__G2,力__retry_1__G2,,2,radical,radical,1,False,PASS,binary_or_4tier,2026-07-18T18:45:59,PASS,PASS
G2,B2,p2_radical_028_人__retry_1__G2,人__retry_1__G2,,2,radical,radical,1,False,PASS,binary_or_4tier,2026-07-18T18:46:06,PASS,PASS
G2,B2,p2_radical_030_入__retry_1__G2,入__retry_1__G2,,2,radical,radical,1,False,FAIL,binary_or_4tier,2026-07-18T18:46:07,FAIL,FAIL
G2,B2,p2_radical_047_飞__retry_1__G2,飞__retry_1__G2,,3,radical,radical,1,False,FAIL,binary_or_4tier,2026-07-18T18:46:08,FAIL,FAIL
G2,B2,p2_radical_048_干__retry_1__G2,干__retry_1__G2,,3,radical,radical,1,False,FAIL,binary_or_4tier,2026-07-18T18:46:10,FAIL,FAIL
G2,B2,p2_radical_053_己__retry_1__G2,己__retry_1__G2,,3,radical,radical,1,False,FAIL,binary_or_4tier,2026-07-18T18:46:15,FAIL,FAIL
G2,B2,p2_radical_058_马__retry_1__G2,马__retry_1__G2,,3,radical,radical,1,False,FAIL,binary_or_4tier,2026-07-18T18:46:16,FAIL,FAIL
G2,B2,p2_radical_067_士__retry_1__G2,士__retry_1__G2,,3,radical,radical,1,False,FAIL,binary_or_4tier,2026-07-18T18:46:17,FAIL,FAIL
G3,B2,p2_radical_053_己__retry_1__G3,己__retry_1__G3,,3,radical,radical,1,False,FAIL,binary_or_4tier,2026-07-18T18:46:19,FAIL,FAIL
G3,B2,p2_radical_038_㔾__retry_1__G3,㔾__retry_1__G3,,2,radical,radical,1,False,FAIL,binary_or_4tier,2026-07-18T18:46:20,FAIL,FAIL
G3,B2,p2_radical_061_女__retry_1__G3,女__retry_1__G3,,3,radical,radical,1,False,FAIL,binary_or_4tier,2026-07-18T18:46:21,FAIL,FAIL
G3,B2,p2_radical_021_丷__retry_1__G3,丷__retry_1__G3,,2,radical,radical,1,False,FAIL,binary_or_4tier,2026-07-18T18:46:26,FAIL,FAIL
G3,B2,p2_radical_028_人__retry_1__G3,人__retry_1__G3,,2,radical,radical,1,False,FAIL,binary_or_4tier,2026-07-18T18:46:27,FAIL,FAIL
G3,B2,p2_radical_030_入__retry_1__G3,入__retry_1__G3,,2,radical,radical,1,False,FAIL,binary_or_4tier,2026-07-18T18:46:28,FAIL,FAIL
G3,B2,p2_radical_062_犭__retry_1__G3,犭__retry_1__G3,,3,radical,radical,1,False,FAIL,binary_or_4tier,2026-07-18T18:46:29,FAIL,FAIL
G3,B2,p2_radical_046_大__retry_1__G3,大__retry_1__G3,,3,radical,radical,1,False,FAIL,binary_or_4tier,2026-07-18T18:46:36,FAIL,FAIL
G4,B2,p2_radical_024_冂__retry_1__G4,冂__retry_1__G4,,2,radical,radical,1,False,FAIL,binary_or_4tier,2026-07-18T18:46:36,FAIL,FAIL
G4,B2,p2_radical_038_㔾__retry_1__G4,㔾__retry_1__G4,,2,radical,radical,1,False,FAIL,binary_or_4tier,2026-07-18T18:46:37,FAIL,FAIL
G4,B2,p2_radical_047_飞__retry_1__G4,飞__retry_1__G4,,3,radical,radical,1,False,FAIL,binary_or_4tier,2026-07-18T18:46:38,FAIL,FAIL
G4,B2,p2_radical_050_弓__retry_1__G4,弓__retry_1__G4,,3,radical,radical,1,False,FAIL,binary_or_4tier,2026-07-18T18:46:39,FAIL,FAIL
G4,B2,p2_radical_053_己__retry_1__G4,己__retry_1__G4,,3,radical,radical,1,False,FAIL,binary_or_4tier,2026-07-18T18:46:39,FAIL,FAIL
G4,B2,p2_radical_054_彐__retry_1__G4,彐__retry_1__G4,,3,radical,radical,1,False,PASS,binary_or_4tier,2026-07-18T18:46:43,PASS,PASS
G4,B2,p2_radical_058_马__retry_1__G4,马__retry_1__G4,,3,radical,radical,1,False,FAIL,binary_or_4tier,2026-07-18T18:46:44,FAIL,FAIL
G4,B2,p2_radical_059_门__retry_1__G4,门__retry_1__G4,,3,radical,radical,1,False,PASS,binary_or_4tier,2026-07-18T18:46:45,PASS,PASS
G4,B2,p2_radical_062_犭__retry_1__G4,犭__retry_1__G4,,3,radical,radical,1,False,FAIL,binary_or_4tier,2026-07-18T18:46:46,FAIL,FAIL
G2,B3,p2_radical_119_水,水,,4,radical,radical,1,False,FAIL,binary_or_4tier,2026-07-19T11:01:50,FAIL,FAIL
G3,B3,p2_radical_119_水,水,,4,radical,radical,1,False,FAIL,binary_or_4tier,2026-07-19T11:01:51,FAIL,FAIL
G4,B3,p2_radical_119_水,水,,4,radical,radical,1,False,FAIL,binary_or_4tier,2026-07-19T11:01:51,FAIL,FAIL
G1,B3,p2_radical_119_水,水,,4,radical,radical,1,False,FAIL,binary_or_4tier,2026-07-19T11:01:51,FAIL,FAIL
G4,B3,p2_radical_120_瓦,瓦,,4,radical,radical,1,False,FAIL,binary_or_4tier,2026-07-19T11:01:52,FAIL,FAIL
G2,B3,p2_radical_120_瓦,瓦,,4,radical,radical,1,False,FAIL,binary_or_4tier,2026-07-19T11:01:53,FAIL,FAIL
G3,B3,p2_radical_120_瓦,瓦,,4,radical,radical,1,False,FAIL,binary_or_4tier,2026-07-19T11:01:54,FAIL,FAIL
G1,B3,p2_radical_120_瓦,瓦,,4,radical,radical,1,False,FAIL,binary_or_4tier,2026-07-19T11:01:54,FAIL,FAIL
G3,B3,p2_radical_121_尣,尣,,4,radical,radical,1,False,FAIL,binary_or_4tier,2026-07-19T11:01:56,FAIL,FAIL
G2,B3,p2_radical_121_尣,尣,,4,radical,radical,1,False,FAIL,binary_or_4tier,2026-07-19T11:01:57,FAIL,FAIL
G1,B3,p2_radical_121_尣,尣,,4,radical,radical,1,False,FAIL,binary_or_4tier,2026-07-19T11:01:59,FAIL,FAIL
G4,B3,p2_radical_121_尣,尣,,4,radical,radical,1,False,PASS,binary_or_4tier,2026-07-19T11:02:00,PASS,PASS
G2,B3,p2_radical_122_王,王,,4,radical,radical,1,False,PASS,binary_or_4tier,2026-07-19T11:02:03,PASS,PASS
G1,B3,p2_radical_122_王,王,,4,radical,radical,1,False,PASS,binary_or_4tier,2026-07-19T11:02:03,PASS,PASS
G3,B3,p2_radical_122_王,王,,4,radical,radical,1,False,FAIL,binary_or_4tier,2026-07-19T11:02:04,FAIL,FAIL
G4,B3,p2_radical_122_王,王,,4,radical,radical,1,False,PASS,binary_or_4tier,2026-07-19T11:02:05,PASS,PASS
G2,B3,p2_radical_123_韦,韦,,4,radical,radical,1,False,FAIL,binary_or_4tier,2026-07-19T11:02:06,FAIL,FAIL
G1,B3,p2_radical_123_韦,韦,,4,radical,radical,1,False,FAIL,binary_or_4tier,2026-07-19T11:02:06,FAIL,FAIL
G4,B3,p2_radical_123_韦,韦,,4,radical,radical,1,False,PASS,binary_or_4tier,2026-07-19T11:02:08,PASS,PASS
G3,B3,p2_radical_123_韦,韦,,4,radical,radical,1,False,FAIL,binary_or_4tier,2026-07-19T11:02:12,FAIL,FAIL
G4,B3,p2_radical_124_文,文,,4,radical,radical,1,False,FAIL,binary_or_4tier,2026-07-19T11:02:14,FAIL,FAIL
G2,B3,p2_radical_124_文,文,,4,radical,radical,1,False,PASS,binary_or_4tier,2026-07-19T11:02:14,PASS,PASS
G3,B3,p2_radical_124_文,文,,4,radical,radical,1,False,PASS,binary_or_4tier,2026-07-19T11:02:19,PASS,PASS
G1,B3,p2_radical_124_文,文,,4,radical,radical,1,False,PASS,binary_or_4tier,2026-07-19T11:02:19,PASS,PASS
G1,B3,p2_radical_125_毋,毋,,4,radical,radical,1,False,FAIL,binary_or_4tier,2026-07-19T11:02:21,FAIL,FAIL
G3,B3,p2_radical_125_毋,毋,,4,radical,radical,1,False,FAIL,binary_or_4tier,2026-07-19T11:02:21,FAIL,FAIL
G4,B3,p2_radical_125_毋,毋,,4,radical,radical,1,False,FAIL,binary_or_4tier,2026-07-19T11:02:22,FAIL,FAIL
G2,B3,p2_radical_125_毋,毋,,4,radical,radical,1,False,FAIL,binary_or_4tier,2026-07-19T11:02:22,FAIL,FAIL
G4,B3,p2_radical_126_心,心,,4,radical,radical,1,False,PASS,binary_or_4tier,2026-07-19T11:02:23,PASS,PASS
G2,B3,p2_radical_126_心,心,,4,radical,radical,1,False,PASS,binary_or_4tier,2026-07-19T11:02:24,PASS,PASS
G3,B3,p2_radical_126_心,心,,4,radical,radical,1,False,PASS,binary_or_4tier,2026-07-19T11:02:25,PASS,PASS
G1,B3,p2_radical_126_心,心,,4,radical,radical,1,False,FAIL,binary_or_4tier,2026-07-19T11:02:26,FAIL,FAIL
G2,B3,p2_radical_127_牙,牙,,4,radical,radical,1,False,FAIL,binary_or_4tier,2026-07-19T11:02:32,FAIL,FAIL
G1,B3,p2_radical_127_牙,牙,,4,radical,radical,1,False,FAIL,binary_or_4tier,2026-07-19T11:02:33,FAIL,FAIL
G4,B3,p2_radical_127_牙,牙,,4,radical,radical,1,False,FAIL,binary_or_4tier,2026-07-19T11:02:33,FAIL,FAIL
G3,B3,p2_radical_127_牙,牙,,4,radical,radical,1,False,FAIL,binary_or_4tier,2026-07-19T11:02:34,FAIL,FAIL
G3,B3,p2_radical_128_爻,爻,,4,radical,radical,1,False,PASS,binary_or_4tier,2026-07-19T11:02:37,PASS,PASS
G4,B3,p2_radical_128_爻,爻,,4,radical,radical,1,False,PASS,binary_or_4tier,2026-07-19T11:02:44,PASS,PASS
G1,B3,p2_radical_128_爻,爻,,4,radical,radical,1,False,PASS,binary_or_4tier,2026-07-19T11:02:45,PASS,PASS
G2,B3,p2_radical_128_爻,爻,,4,radical,radical,1,False,PASS,binary_or_4tier,2026-07-19T11:02:45,PASS,PASS
G4,B3,p2_radical_129_曰,曰,,4,radical,radical,1,False,PASS,binary_or_4tier,2026-07-19T11:02:48,PASS,PASS
G3,B3,p2_radical_129_曰,曰,,4,radical,radical,1,False,PASS,binary_or_4tier,2026-07-19T11:02:49,PASS,PASS
G1,B3,p2_radical_129_曰,曰,,4,radical,radical,1,False,FAIL,binary_or_4tier,2026-07-19T11:02:50,FAIL,FAIL
G2,B3,p2_radical_129_曰,曰,,4,radical,radical,1,False,PASS,binary_or_4tier,2026-07-19T11:02:51,PASS,PASS
G2,B3,p2_radical_130_月,月,,4,radical,radical,1,False,PASS,binary_or_4tier,2026-07-19T11:02:51,PASS,PASS
G4,B3,p2_radical_130_月,月,,4,radical,radical,1,False,FAIL,binary_or_4tier,2026-07-19T11:02:53,FAIL,FAIL
G1,B3,p2_radical_130_月,月,,4,radical,radical,1,False,PASS,binary_or_4tier,2026-07-19T11:02:54,PASS,PASS
G3,B3,p2_radical_130_月,月,,4,radical,radical,1,False,PASS,binary_or_4tier,2026-07-19T11:02:54,PASS,PASS
G2,B3,p2_radical_131_爫,爫,,4,radical,radical,1,False,FAIL,binary_or_4tier,2026-07-19T11:02:57,FAIL,FAIL
G1,B3,p2_radical_131_爫,爫,,4,radical,radical,1,False,FAIL,binary_or_4tier,2026-07-19T11:02:59,FAIL,FAIL
G4,B3,p2_radical_131_爫,爫,,4,radical,radical,1,False,FAIL,binary_or_4tier,2026-07-19T11:03:00,FAIL,FAIL
G3,B3,p2_radical_131_爫,爫,,4,radical,radical,1,False,PASS,binary_or_4tier,2026-07-19T11:03:06,PASS,PASS
G4,B3,p2_radical_132_支,支,,4,radical,radical,1,False,FAIL,binary_or_4tier,2026-07-19T11:03:07,FAIL,FAIL
G3,B3,p2_radical_132_支,支,,4,radical,radical,1,False,FAIL,binary_or_4tier,2026-07-19T11:03:08,FAIL,FAIL
G2,B3,p2_radical_132_支,支,,4,radical,radical,1,False,FAIL,binary_or_4tier,2026-07-19T11:03:09,FAIL,FAIL
G1,B3,p2_radical_132_支,支,,4,radical,radical,1,False,FAIL,binary_or_4tier,2026-07-19T11:03:11,FAIL,FAIL
G1,B3,p2_radical_133_止,止,,4,radical,radical,1,False,FAIL,binary_or_4tier,2026-07-19T11:03:12,FAIL,FAIL
G4,B3,p2_radical_133_止,止,,4,radical,radical,1,False,PASS,binary_or_4tier,2026-07-19T11:03:13,PASS,PASS
G3,B3,p2_radical_133_止,止,,4,radical,radical,1,False,FAIL,binary_or_4tier,2026-07-19T11:03:13,FAIL,FAIL
G2,B3,p2_radical_133_止,止,,4,radical,radical,1,False,FAIL,binary_or_4tier,2026-07-19T11:03:14,FAIL,FAIL
G4,B3,p2_radical_134_爪,爪,,4,radical,radical,1,False,FAIL,binary_or_4tier,2026-07-19T11:03:16,FAIL,FAIL
G2,B3,p2_radical_134_爪,爪,,4,radical,radical,1,False,FAIL,binary_or_4tier,2026-07-19T11:03:16,FAIL,FAIL
G3,B3,p2_radical_134_爪,爪,,4,radical,radical,1,False,FAIL,binary_or_4tier,2026-07-19T11:03:17,FAIL,FAIL
G1,B3,p2_radical_134_爪,爪,,4,radical,radical,1,False,FAIL,binary_or_4tier,2026-07-19T11:03:17,FAIL,FAIL
G3,B3,p2_radical_135_无,无,,4,radical,radical,1,False,FAIL,binary_or_4tier,2026-07-19T11:03:18,FAIL,FAIL
G1,B3,p2_radical_135_无,无,,4,radical,radical,1,False,FAIL,binary_or_4tier,2026-07-19T11:03:23,FAIL,FAIL
G4,B3,p2_radical_135_无,无,,4,radical,radical,1,False,FAIL,binary_or_4tier,2026-07-19T11:03:24,FAIL,FAIL
G2,B3,p2_radical_135_无,无,,4,radical,radical,1,False,PASS,binary_or_4tier,2026-07-19T11:03:25,PASS,PASS
G2,B3,p3_char_0001_一,一,1,1,common,character,1,False,PASS,binary_or_4tier,2026-07-19T11:03:26,PASS,PASS
G4,B3,p3_char_0001_一,一,1,1,common,character,1,False,PASS,binary_or_4tier,2026-07-19T11:03:26,PASS,PASS
G3,B3,p3_char_0001_一,一,1,1,common,character,1,False,PASS,binary_or_4tier,2026-07-19T11:03:27,PASS,PASS
G1,B3,p3_char_0001_一,一,1,1,common,character,1,False,PASS,binary_or_4tier,2026-07-19T11:03:27,PASS,PASS
G2,B3,p3_char_0002_丨,丨,2,1,rare,character,1,False,PASS,binary_or_4tier,2026-07-19T11:03:27,PASS,PASS
G3,B3,p3_char_0002_丨,丨,2,1,rare,character,1,False,PASS,binary_or_4tier,2026-07-19T11:03:28,PASS,PASS
G1,B3,p3_char_0002_丨,丨,2,1,rare,character,1,False,PASS,binary_or_4tier,2026-07-19T11:03:28,PASS,PASS
G4,B3,p3_char_0002_丨,丨,2,1,rare,character,1,False,PASS,binary_or_4tier,2026-07-19T11:03:33,PASS,PASS
G3,B3,p3_char_0003_乙,乙,3,1,common,character,1,False,PASS,binary_or_4tier,2026-07-19T11:03:36,PASS,PASS
G2,B3,p3_char_0003_乙,乙,3,1,common,character,1,False,PASS,binary_or_4tier,2026-07-19T11:03:37,PASS,PASS
G1,B3,p3_char_0003_乙,乙,3,1,common,character,1,False,PASS,binary_or_4tier,2026-07-19T11:03:37,PASS,PASS
G4,B3,p3_char_0003_乙,乙,3,1,common,character,1,False,PASS,binary_or_4tier,2026-07-19T11:03:38,PASS,PASS
G4,B3,p3_char_0004_丶,丶,4,1,rare,character,1,False,PASS,binary_or_4tier,2026-07-19T11:03:38,PASS,PASS
G3,B3,p3_char_0004_丶,丶,4,1,rare,character,1,False,PASS,binary_or_4tier,2026-07-19T11:03:39,PASS,PASS
G1,B3,p3_char_0004_丶,丶,4,1,rare,character,1,False,PASS,binary_or_4tier,2026-07-19T11:03:39,PASS,PASS
G2,B3,p3_char_0004_丶,丶,4,1,rare,character,1,False,PASS,binary_or_4tier,2026-07-19T11:03:45,PASS,PASS
G2,B3,p3_char_0005_丿,丿,5,1,rare,character,1,False,PASS,binary_or_4tier,2026-07-19T11:03:56,PASS,PASS
G3,B3,p3_char_0005_丿,丿,5,1,rare,character,1,False,PASS,binary_or_4tier,2026-07-19T11:03:57,PASS,PASS
G1,B3,p3_char_0005_丿,丿,5,1,rare,character,1,False,FAIL,binary_or_4tier,2026-07-19T11:04:06,FAIL,FAIL
G4,B3,p3_char_0005_丿,丿,5,1,rare,character,1,False,FAIL,binary_or_4tier,2026-07-19T11:04:07,FAIL,FAIL
G2,B3,p3_char_0006_乚,乚,6,1,rare,character,1,False,FAIL,binary_or_4tier,2026-07-19T11:04:10,FAIL,FAIL
G4,B3,p3_char_0006_乚,乚,6,1,rare,character,1,False,PASS,binary_or_4tier,2026-07-19T11:04:13,PASS,PASS
G1,B3,p3_char_0006_乚,乚,6,1,rare,character,1,False,PASS,binary_or_4tier,2026-07-19T11:04:13,PASS,PASS
G3,B3,p3_char_0006_乚,乚,6,1,rare,character,1,False,PASS,binary_or_4tier,2026-07-19T11:04:16,PASS,PASS
G2,B3,p3_char_0007_乛,乛,7,1,rare,character,1,False,PASS,binary_or_4tier,2026-07-19T11:04:19,PASS,PASS
G4,B3,p3_char_0007_乛,乛,7,1,rare,character,1,False,FAIL,binary_or_4tier,2026-07-19T11:04:26,FAIL,FAIL
G1,B3,p3_char_0007_乛,乛,7,1,rare,character,1,False,PASS,binary_or_4tier,2026-07-19T11:04:27,PASS,PASS
G3,B3,p3_char_0007_乛,乛,7,1,rare,character,1,False,FAIL,binary_or_4tier,2026-07-19T11:04:28,FAIL,FAIL
G3,B3,p3_char_0008_亅,亅,8,1,rare,character,1,False,PASS,binary_or_4tier,2026-07-19T11:04:29,PASS,PASS
G4,B3,p3_char_0008_亅,亅,8,1,rare,character,1,False,PASS,binary_or_4tier,2026-07-19T11:04:30,PASS,PASS
G2,B3,p3_char_0008_亅,亅,8,1,rare,character,1,False,PASS,binary_or_4tier,2026-07-19T11:04:30,PASS,PASS
G1,B3,p3_char_0008_亅,亅,8,1,rare,character,1,False,FAIL,binary_or_4tier,2026-07-19T11:04:32,FAIL,FAIL
G1,B3,p3_char_0010_丩,丩,10,2,rare,character,1,False,FAIL,binary_or_4tier,2026-07-22T16:35:35,FAIL,FAIL
G4,B3,p3_char_0010_丩,丩,10,2,rare,character,1,False,PASS,binary_or_4tier,2026-07-22T16:35:36,PASS,PASS
G3,B3,p3_char_0010_丩,丩,10,2,rare,character,1,False,PASS,binary_or_4tier,2026-07-22T16:35:38,PASS,PASS
G2,B3,p3_char_0010_丩,丩,10,2,rare,character,1,False,FAIL,binary_or_4tier,2026-07-22T16:35:40,FAIL,FAIL
G4,B3,p3_char_0012_丷,丷,12,2,rare,character,1,False,PASS,binary_or_4tier,2026-07-22T16:35:47,PASS,PASS
G1,B3,p3_char_0012_丷,丷,12,2,rare,character,1,False,FAIL,binary_or_4tier,2026-07-22T16:35:48,FAIL,FAIL
G3,B3,p3_char_0012_丷,丷,12,2,rare,character,1,False,FAIL,binary_or_4tier,2026-07-22T16:35:48,FAIL,FAIL
G2,B3,p3_char_0012_丷,丷,12,2,rare,character,1,False,PASS,binary_or_4tier,2026-07-22T16:35:48,PASS,PASS
G3,B3,p3_char_0014_乂,乂,14,2,rare,character,1,False,PASS,binary_or_4tier,2026-07-22T16:35:51,PASS,PASS
G4,B3,p3_char_0014_乂,乂,14,2,rare,character,1,False,PASS,binary_or_4tier,2026-07-22T16:35:52,PASS,PASS
G1,B3,p3_char_0014_乂,乂,14,2,rare,character,1,False,PASS,binary_or_4tier,2026-07-22T16:35:52,PASS,PASS
G2,B3,p3_char_0014_乂,乂,14,2,rare,character,1,False,PASS,binary_or_4tier,2026-07-22T16:35:53,PASS,PASS
G1,B3,p3_char_0015_二,二,15,2,common,character,1,False,PASS,binary_or_4tier,2026-07-22T16:35:53,PASS,PASS
G2,B3,p3_char_0015_二,二,15,2,common,character,1,False,PASS,binary_or_4tier,2026-07-22T16:35:53,PASS,PASS
G4,B3,p3_char_0015_二,二,15,2,common,character,1,False,PASS,binary_or_4tier,2026-07-22T16:35:54,PASS,PASS
G3,B3,p3_char_0015_二,二,15,2,common,character,1,False,PASS,binary_or_4tier,2026-07-22T16:35:54,PASS,PASS
G4,B3,p3_char_0016_乃,乃,16,2,rare,character,1,False,FAIL,binary_or_4tier,2026-07-22T16:35:55,FAIL,FAIL
G2,B3,p3_char_0016_乃,乃,16,2,rare,character,1,False,FAIL,binary_or_4tier,2026-07-22T16:35:56,FAIL,FAIL
G1,B3,p3_char_0016_乃,乃,16,2,rare,character,1,False,FAIL,binary_or_4tier,2026-07-22T16:35:56,FAIL,FAIL
G3,B3,p3_char_0016_乃,乃,16,2,rare,character,1,False,FAIL,binary_or_4tier,2026-07-22T16:35:57,FAIL,FAIL
G1,B3,p3_char_0018_乜,乜,18,2,rare,character,1,False,FAIL,binary_or_4tier,2026-07-22T16:35:59,FAIL,FAIL
G4,B3,p3_char_0018_乜,乜,18,2,rare,character,1,False,FAIL,binary_or_4tier,2026-07-22T16:35:59,FAIL,FAIL
G2,B3,p3_char_0018_乜,乜,18,2,rare,character,1,False,FAIL,binary_or_4tier,2026-07-22T16:36:00,FAIL,FAIL
G3,B3,p3_char_0018_乜,乜,18,2,rare,character,1,False,FAIL,binary_or_4tier,2026-07-22T16:36:00,FAIL,FAIL
G1,B3,p3_char_0020_亠,亠,20,2,rare,character,1,False,PASS,binary_or_4tier,2026-07-22T16:36:04,PASS,PASS
G3,B3,p3_char_0020_亠,亠,20,2,rare,character,1,False,PASS,binary_or_4tier,2026-07-22T16:36:04,PASS,PASS
G4,B3,p3_char_0020_亠,亠,20,2,rare,character,1,False,PASS,binary_or_4tier,2026-07-22T16:36:04,PASS,PASS
G2,B3,p3_char_0020_亠,亠,20,2,rare,character,1,False,PASS,binary_or_4tier,2026-07-22T16:36:05,PASS,PASS
G1,B3,p3_char_0022_亻,亻,22,2,rare,character,1,False,PASS,binary_or_4tier,2026-07-22T16:36:15,PASS,PASS
G3,B3,p3_char_0022_亻,亻,22,2,rare,character,1,False,PASS,binary_or_4tier,2026-07-22T16:36:15,PASS,PASS
G4,B3,p3_char_0022_亻,亻,22,2,rare,character,1,False,PASS,binary_or_4tier,2026-07-22T16:36:16,PASS,PASS
G2,B3,p3_char_0022_亻,亻,22,2,rare,character,1,False,PASS,binary_or_4tier,2026-07-22T16:36:17,PASS,PASS
G1,B3,p3_char_0024_八,八,24,2,rare,character,1,False,PASS,binary_or_4tier,2026-07-22T16:36:19,PASS,PASS
G4,B3,p3_char_0024_八,八,24,2,rare,character,1,False,PASS,binary_or_4tier,2026-07-22T16:36:20,PASS,PASS
G2,B3,p3_char_0024_八,八,24,2,rare,character,1,False,PASS,binary_or_4tier,2026-07-22T16:36:20,PASS,PASS
G3,B3,p3_char_0024_八,八,24,2,rare,character,1,False,PASS,binary_or_4tier,2026-07-22T16:36:21,PASS,PASS
G1,B3,p3_char_0026_冂,冂,26,2,rare,character,1,False,PASS,binary_or_4tier,2026-07-22T16:36:28,PASS,PASS
G3,B3,p3_char_0026_冂,冂,26,2,rare,character,1,False,FAIL,binary_or_4tier,2026-07-22T16:36:29,FAIL,FAIL
G4,B3,p3_char_0026_冂,冂,26,2,rare,character,1,False,FAIL,binary_or_4tier,2026-07-22T16:36:30,FAIL,FAIL
G2,B3,p3_char_0026_冂,冂,26,2,rare,character,1,False,PASS,binary_or_4tier,2026-07-22T16:36:32,PASS,PASS
G4,B3,p3_char_0028_冖,冖,28,2,rare,character,1,False,FAIL,binary_or_4tier,2026-07-22T16:36:35,FAIL,FAIL
G1,B3,p3_char_0028_冖,冖,28,2,rare,character,1,False,PASS,binary_or_4tier,2026-07-22T16:36:35,PASS,PASS
G2,B3,p3_char_0028_冖,冖,28,2,rare,character,1,False,PASS,binary_or_4tier,2026-07-22T16:36:37,PASS,PASS
G3,B3,p3_char_0028_冖,冖,28,2,rare,character,1,False,PASS,binary_or_4tier,2026-07-22T16:36:37,PASS,PASS
G1,B3,p3_char_0030_冫,冫,30,2,rare,character,1,False,PASS,binary_or_4tier,2026-07-22T16:36:40,PASS,PASS
G2,B3,p3_char_0030_冫,冫,30,2,rare,character,1,False,PASS,binary_or_4tier,2026-07-22T16:36:41,PASS,PASS
G4,B3,p3_char_0030_冫,冫,30,2,rare,character,1,False,PASS,binary_or_4tier,2026-07-22T16:36:41,PASS,PASS
G3,B3,p3_char_0030_冫,冫,30,2,rare,character,1,False,PASS,binary_or_4tier,2026-07-22T16:36:41,PASS,PASS
G3,B3,p3_char_0032_凵,凵,32,2,rare,character,1,False,PASS,binary_or_4tier,2026-07-22T16:36:46,PASS,PASS
G4,B3,p3_char_0032_凵,凵,32,2,rare,character,1,False,FAIL,binary_or_4tier,2026-07-22T16:36:49,FAIL,FAIL
G1,B3,p3_char_0032_凵,凵,32,2,rare,character,1,False,PASS,binary_or_4tier,2026-07-22T16:36:49,PASS,PASS
G2,B3,p3_char_0032_凵,凵,32,2,rare,character,1,False,PASS,binary_or_4tier,2026-07-22T16:36:50,PASS,PASS
G2,B3,p2_radical_075_夕__retry_1__G2,夕__retry_1__G2,,3,radical,radical,1,False,PASS,binary_or_4tier,2026-07-22T16:37:01,PASS,PASS
G2,B3,p2_radical_077_忄__retry_1__G2,忄__retry_1__G2,,3,radical,radical,1,False,PASS,binary_or_4tier,2026-07-22T16:37:03,PASS,PASS
G2,B3,p2_radical_080_尢__retry_1__G2,尢__retry_1__G2,,3,radical,radical,1,False,FAIL,binary_or_4tier,2026-07-22T16:37:04,FAIL,FAIL
G2,B3,p2_radical_081_夂__retry_1__G2,夂__retry_1__G2,,3,radical,radical,1,False,FAIL,binary_or_4tier,2026-07-22T16:37:05,FAIL,FAIL
G2,B3,p2_radical_083_丬__retry_1__G2,丬__retry_1__G2,,3,radical,radical,1,False,FAIL,binary_or_4tier,2026-07-22T16:37:06,FAIL,FAIL
G2,B3,p2_radical_089_车__retry_1__G2,车__retry_1__G2,,4,radical,radical,1,False,FAIL,binary_or_4tier,2026-07-22T16:37:07,FAIL,FAIL
G2,B3,p2_radical_093_方__retry_1__G2,方__retry_1__G2,,4,radical,radical,1,False,FAIL,binary_or_4tier,2026-07-22T16:37:08,FAIL,FAIL
G2,B3,p2_radical_094_风__retry_1__G2,风__retry_1__G2,,4,radical,radical,1,False,FAIL,binary_or_4tier,2026-07-22T16:37:08,FAIL,FAIL
G2,B3,p2_radical_095_父__retry_1__G2,父__retry_1__G2,,4,radical,radical,1,False,PASS,binary_or_4tier,2026-07-22T16:37:10,PASS,PASS
G2,B3,p2_radical_098_火__retry_1__G2,火__retry_1__G2,,4,radical,radical,1,False,PASS,binary_or_4tier,2026-07-22T16:37:20,PASS,PASS
G2,B3,p2_radical_099_旡__retry_1__G2,旡__retry_1__G2,,4,radical,radical,1,False,FAIL,binary_or_4tier,2026-07-22T16:37:20,FAIL,FAIL
G2,B3,p2_radical_106_牛__retry_1__G2,牛__retry_1__G2,,4,radical,radical,1,False,FAIL,binary_or_4tier,2026-07-22T16:37:21,FAIL,FAIL
G2,B3,p2_radical_109_攴__retry_1__G2,攴__retry_1__G2,,4,radical,radical,1,False,FAIL,binary_or_4tier,2026-07-22T16:37:22,FAIL,FAIL
G3,B3,p2_radical_046_大__retry_3__G3,大__retry_3__G3,,3,radical,radical,1,False,FAIL,binary_or_4tier,2026-07-22T16:37:23,FAIL,FAIL
G3,B3,p2_radical_028_人__retry_3__G3,人__retry_3__G3,,2,radical,radical,1,False,FAIL,binary_or_4tier,2026-07-22T16:37:23,FAIL,FAIL
G3,B3,p2_radical_030_入__retry_3__G3,入__retry_3__G3,,2,radical,radical,1,False,FAIL,binary_or_4tier,2026-07-22T16:37:24,FAIL,FAIL
G3,B3,p2_radical_021_丷__retry_3__G3,丷__retry_3__G3,,2,radical,radical,1,False,FAIL,binary_or_4tier,2026-07-22T16:37:25,FAIL,FAIL
G3,B3,p2_radical_077_忄__retry_1__G3,忄__retry_1__G3,,3,radical,radical,1,False,FAIL,binary_or_4tier,2026-07-22T16:37:34,FAIL,FAIL
G3,B3,p2_radical_083_丬__retry_1__G3,丬__retry_1__G3,,3,radical,radical,1,False,FAIL,binary_or_4tier,2026-07-22T16:37:36,FAIL,FAIL
G3,B3,p2_radical_088_长__retry_1__G3,长__retry_1__G3,,4,radical,radical,1,False,FAIL,binary_or_4tier,2026-07-22T16:37:37,FAIL,FAIL
G3,B3,p2_radical_117_手__retry_1__G3,手__retry_1__G3,,4,radical,radical,1,False,FAIL,binary_or_4tier,2026-07-22T16:37:37,FAIL,FAIL
G3,B3,p2_radical_100_见__retry_1__G3,见__retry_1__G3,,4,radical,radical,1,False,FAIL,binary_or_4tier,2026-07-22T16:37:38,FAIL,FAIL
G3,B3,p2_radical_098_火__retry_1__G3,火__retry_1__G3,,4,radical,radical,1,False,FAIL,binary_or_4tier,2026-07-22T16:37:39,FAIL,FAIL
G3,B3,p2_radical_113_犬__retry_1__G3,犬__retry_1__G3,,4,radical,radical,1,False,FAIL,binary_or_4tier,2026-07-22T16:37:39,FAIL,FAIL
G3,B3,p2_radical_015_刀__retry_2__G3,刀__retry_2__G3,,2,radical,radical,1,False,FAIL,binary_or_4tier,2026-07-22T16:37:40,FAIL,FAIL
G3,B3,p2_radical_025_力__retry_1__G3,力__retry_1__G3,,2,radical,radical,1,False,FAIL,binary_or_4tier,2026-07-22T16:37:42,FAIL,FAIL
G4,B3,p2_radical_003_丿__retry_1__G4,丿__retry_1__G4,,1,radical,radical,1,False,FAIL,binary_or_4tier,2026-07-22T16:37:47,FAIL,FAIL
G4,B3,p2_radical_015_刀__retry_1__G4,刀__retry_1__G4,,2,radical,radical,1,False,FAIL,binary_or_4tier,2026-07-22T16:37:51,FAIL,FAIL
G4,B3,p2_radical_024_冂__retry_1__G4,冂__retry_1__G4,,2,radical,radical,1,False,FAIL,binary_or_4tier,2026-07-22T16:37:52,FAIL,FAIL
G4,B3,p2_radical_025_力__retry_1__G4,力__retry_1__G4,,2,radical,radical,1,False,PASS,binary_or_4tier,2026-07-22T16:37:54,PASS,PASS
G4,B3,p2_radical_047_飞__retry_1__G4,飞__retry_1__G4,,3,radical,radical,1,False,FAIL,binary_or_4tier,2026-07-22T16:37:55,FAIL,FAIL
G4,B3,p2_radical_050_弓__retry_1__G4,弓__retry_1__G4,,3,radical,radical,1,False,FAIL,binary_or_4tier,2026-07-22T16:37:55,FAIL,FAIL
G4,B3,p2_radical_053_己__retry_1__G4,己__retry_1__G4,,3,radical,radical,1,False,FAIL,binary_or_4tier,2026-07-22T16:37:57,FAIL,FAIL
G4,B3,p2_radical_058_马__retry_1__G4,马__retry_1__G4,,3,radical,radical,1,False,FAIL,binary_or_4tier,2026-07-22T16:37:57,FAIL,FAIL
G4,B3,p2_radical_061_女__retry_1__G4,女__retry_1__G4,,3,radical,radical,1,False,PASS,binary_or_4tier,2026-07-22T16:37:58,PASS,PASS
G4,B3,p2_radical_114_日__retry_1__G4,日__retry_1__G4,,4,radical,radical,1,False,PASS,binary_or_4tier,2026-07-22T16:38:00,PASS,PASS
G3,B3,p3_char_0009_了,了,9,2,common,character,1,False,PASS,binary_or_4tier,2026-07-22T16:35:32,PASS,PASS
G4,B3,p3_char_0009_了,了,9,2,common,character,1,False,PASS,binary_or_4tier,2026-07-22T16:35:32,PASS,PASS
G2,B3,p3_char_0009_了,了,9,2,common,character,1,False,FAIL,binary_or_4tier,2026-07-22T16:35:33,FAIL,FAIL
G1,B3,p3_char_0009_了,了,9,2,common,character,1,False,FAIL,binary_or_4tier,2026-07-22T16:35:34,FAIL,FAIL
G3,B3,p3_char_0011_人,人,11,2,common,character,1,False,FAIL,binary_or_4tier,2026-07-22T16:35:42,FAIL,FAIL
G4,B3,p3_char_0011_人,人,11,2,common,character,1,False,FAIL,binary_or_4tier,2026-07-22T16:35:42,FAIL,FAIL
G2,B3,p3_char_0011_人,人,11,2,common,character,1,False,FAIL,binary_or_4tier,2026-07-22T16:35:43,FAIL,FAIL
G1,B3,p3_char_0011_人,人,11,2,common,character,1,False,PASS,binary_or_4tier,2026-07-22T16:35:44,PASS,PASS
G4,B3,p3_char_0013_十,十,13,2,common,character,1,False,PASS,binary_or_4tier,2026-07-22T16:35:49,PASS,PASS
G3,B3,p3_char_0013_十,十,13,2,common,character,1,False,PASS,binary_or_4tier,2026-07-22T16:35:50,PASS,PASS
G2,B3,p3_char_0013_十,十,13,2,common,character,1,False,PASS,binary_or_4tier,2026-07-22T16:35:50,PASS,PASS
G1,B3,p3_char_0013_十,十,13,2,common,character,1,False,PASS,binary_or_4tier,2026-07-22T16:35:50,PASS,PASS
G3,B3,p3_char_0017_又,又,17,2,common,character,1,False,PASS,binary_or_4tier,2026-07-22T16:35:57,PASS,PASS
G1,B3,p3_char_0017_又,又,17,2,common,character,1,False,PASS,binary_or_4tier,2026-07-22T16:35:57,PASS,PASS
G2,B3,p3_char_0017_又,又,17,2,common,character,1,False,PASS,binary_or_4tier,2026-07-22T16:35:58,PASS,PASS
G4,B3,p3_char_0017_又,又,17,2,common,character,1,False,PASS,binary_or_4tier,2026-07-22T16:35:58,PASS,PASS
G3,B3,p3_char_0019_儿,儿,19,2,common,character,1,False,PASS,binary_or_4tier,2026-07-22T16:36:01,PASS,PASS
G2,B3,p3_char_0019_儿,儿,19,2,common,character,1,False,PASS,binary_or_4tier,2026-07-22T16:36:02,PASS,PASS
G4,B3,p3_char_0019_儿,儿,19,2,common,character,1,False,PASS,binary_or_4tier,2026-07-22T16:36:02,PASS,PASS
G1,B3,p3_char_0019_儿,儿,19,2,common,character,1,False,PASS,binary_or_4tier,2026-07-22T16:36:03,PASS,PASS
G3,B3,p3_char_0021_几,几,21,2,common,character,1,False,PASS,binary_or_4tier,2026-07-22T16:36:05,PASS,PASS
G4,B3,p3_char_0021_几,几,21,2,common,character,1,False,FAIL,binary_or_4tier,2026-07-22T16:36:11,FAIL,FAIL
G2,B3,p3_char_0021_几,几,21,2,common,character,1,False,FAIL,binary_or_4tier,2026-07-22T16:36:13,FAIL,FAIL
G1,B3,p3_char_0021_几,几,21,2,common,character,1,False,FAIL,binary_or_4tier,2026-07-22T16:36:14,FAIL,FAIL
G2,B3,p3_char_0023_九,九,23,2,common,character,1,False,FAIL,binary_or_4tier,2026-07-22T16:36:17,FAIL,FAIL
G1,B3,p3_char_0023_九,九,23,2,common,character,1,False,FAIL,binary_or_4tier,2026-07-22T16:36:18,FAIL,FAIL
G4,B3,p3_char_0023_九,九,23,2,common,character,1,False,FAIL,binary_or_4tier,2026-07-22T16:36:18,FAIL,FAIL
G3,B3,p3_char_0023_九,九,23,2,common,character,1,False,FAIL,binary_or_4tier,2026-07-22T16:36:19,FAIL,FAIL
G4,B3,p3_char_0025_力,力,25,2,common,character,1,False,FAIL,binary_or_4tier,2026-07-22T16:36:21,FAIL,FAIL
G2,B3,p3_char_0025_力,力,25,2,common,character,1,False,PASS,binary_or_4tier,2026-07-22T16:36:23,PASS,PASS
G3,B3,p3_char_0025_力,力,25,2,common,character,1,False,FAIL,binary_or_4tier,2026-07-22T16:36:24,FAIL,FAIL
G1,B3,p3_char_0025_力,力,25,2,common,character,1,False,PASS,binary_or_4tier,2026-07-22T16:36:26,PASS,PASS
G1,B3,p3_char_0027_七,七,27,2,common,character,1,False,PASS,binary_or_4tier,2026-07-22T16:36:32,PASS,PASS
G4,B3,p3_char_0027_七,七,27,2,common,character,1,False,PASS,binary_or_4tier,2026-07-22T16:36:33,PASS,PASS
G3,B3,p3_char_0027_七,七,27,2,common,character,1,False,PASS,binary_or_4tier,2026-07-22T16:36:33,PASS,PASS
G2,B3,p3_char_0027_七,七,27,2,common,character,1,False,PASS,binary_or_4tier,2026-07-22T16:36:34,PASS,PASS
G4,B3,p3_char_0029_入,入,29,2,common,character,1,False,PASS,binary_or_4tier,2026-07-22T16:36:38,PASS,PASS
G3,B3,p3_char_0029_入,入,29,2,common,character,1,False,FAIL,binary_or_4tier,2026-07-22T16:36:39,FAIL,FAIL
G1,B3,p3_char_0029_入,入,29,2,common,character,1,False,FAIL,binary_or_4tier,2026-07-22T16:36:39,FAIL,FAIL
G2,B3,p3_char_0029_入,入,29,2,common,character,1,False,FAIL,binary_or_4tier,2026-07-22T16:36:40,FAIL,FAIL
G4,B3,p3_char_0031_厂,厂,31,2,common,character,1,False,PASS,binary_or_4tier,2026-07-22T16:36:43,PASS,PASS
G3,B3,p3_char_0031_厂,厂,31,2,common,character,1,False,PASS,binary_or_4tier,2026-07-22T16:36:44,PASS,PASS
G2,B3,p3_char_0031_厂,厂,31,2,common,character,1,False,PASS,binary_or_4tier,2026-07-22T16:36:44,PASS,PASS
G1,B3,p3_char_0031_厂,厂,31,2,common,character,1,False,PASS,binary_or_4tier,2026-07-22T16:36:45,PASS,PASS
G3,B3,p3_char_0033_刀,刀,33,2,common,character,1,False,FAIL,binary_or_4tier,2026-07-22T16:36:52,FAIL,FAIL
G1,B3,p3_char_0033_刀,刀,33,2,common,character,1,False,PASS,binary_or_4tier,2026-07-22T16:36:53,PASS,PASS
G4,B3,p3_char_0033_刀,刀,33,2,common,character,1,False,PASS,binary_or_4tier,2026-07-22T16:36:58,PASS,PASS
G2,B3,p3_char_0033_刀,刀,33,2,common,character,1,False,FAIL,binary_or_4tier,2026-07-22T16:37:00,FAIL,FAIL
G3,B4,p3_char_0034_刁,刁,34,2,rare,character,1,False,PASS,binary_or_4tier,2026-07-22T22:16:14,PASS,PASS
G4,B4,p3_char_0034_刁,刁,34,2,rare,character,1,False,PASS,binary_or_4tier,2026-07-22T22:16:28,PASS,PASS
G2,B4,p3_char_0034_刁,刁,34,2,rare,character,1,False,PASS,binary_or_4tier,2026-07-22T22:16:29,PASS,PASS
G1,B4,p3_char_0034_刁,刁,34,2,rare,character,1,False,PASS,binary_or_4tier,2026-07-22T22:16:29,PASS,PASS
G2,B4,p3_char_0035_丁,丁,35,2,common,character,1,False,PASS,binary_or_4tier,2026-07-22T22:16:30,PASS,PASS
G4,B4,p3_char_0035_丁,丁,35,2,common,character,1,False,FAIL,binary_or_4tier,2026-07-22T22:16:34,FAIL,FAIL
G3,B4,p3_char_0035_丁,丁,35,2,common,character,1,False,PASS,binary_or_4tier,2026-07-22T22:16:35,PASS,PASS
G1,B4,p3_char_0035_丁,丁,35,2,common,character,1,False,PASS,binary_or_4tier,2026-07-22T22:16:35,PASS,PASS
G4,B4,p3_char_0036_刂,刂,36,2,rare,character,1,False,PASS,binary_or_4tier,2026-07-22T22:16:37,PASS,PASS
G2,B4,p3_char_0036_刂,刂,36,2,rare,character,1,False,PASS,binary_or_4tier,2026-07-22T22:16:37,PASS,PASS
G1,B4,p3_char_0036_刂,刂,36,2,rare,character,1,False,PASS,binary_or_4tier,2026-07-22T22:16:38,PASS,PASS
G3,B4,p3_char_0036_刂,刂,36,2,rare,character,1,False,PASS,binary_or_4tier,2026-07-22T22:16:38,PASS,PASS
G3,B4,p3_char_0037_勹,勹,37,2,rare,character,1,False,PASS,binary_or_4tier,2026-07-22T22:16:39,PASS,PASS
G2,B4,p3_char_0037_勹,勹,37,2,rare,character,1,False,PASS,binary_or_4tier,2026-07-22T22:16:40,PASS,PASS
G4,B4,p3_char_0037_勹,勹,37,2,rare,character,1,False,PASS,binary_or_4tier,2026-07-22T22:16:41,PASS,PASS
G1,B4,p3_char_0037_勹,勹,37,2,rare,character,1,False,PASS,binary_or_4tier,2026-07-22T22:16:43,PASS,PASS
G2,B4,p3_char_0038_匕,匕,38,2,rare,character,1,False,PASS,binary_or_4tier,2026-07-22T22:16:51,PASS,PASS
G4,B4,p3_char_0038_匕,匕,38,2,rare,character,1,False,FAIL,binary_or_4tier,2026-07-22T22:16:52,FAIL,FAIL
G3,B4,p3_char_0038_匕,匕,38,2,rare,character,1,False,FAIL,binary_or_4tier,2026-07-22T22:16:53,FAIL,FAIL
G1,B4,p3_char_0038_匕,匕,38,2,rare,character,1,False,FAIL,binary_or_4tier,2026-07-22T22:16:55,FAIL,FAIL
G4,B4,p3_char_0039_之,之,39,3,common,character,1,False,FAIL,binary_or_4tier,2026-07-22T22:16:56,FAIL,FAIL
G1,B4,p3_char_0039_之,之,39,3,common,character,1,False,PASS,binary_or_4tier,2026-07-22T22:16:58,PASS,PASS
G3,B4,p3_char_0039_之,之,39,3,common,character,1,False,PASS,binary_or_4tier,2026-07-22T22:16:58,PASS,PASS
G2,B4,p3_char_0039_之,之,39,3,common,character,1,False,PASS,binary_or_4tier,2026-07-22T22:17:02,PASS,PASS
G4,B4,p3_char_0040_丫,丫,40,3,rare,character,1,False,PASS,binary_or_4tier,2026-07-22T22:47:09,PASS,PASS
G3,B4,p3_char_0040_丫,丫,40,3,rare,character,1,False,PASS,binary_or_4tier,2026-07-22T22:47:10,PASS,PASS
G1,B4,p3_char_0040_丫,丫,40,3,rare,character,1,False,PASS,binary_or_4tier,2026-07-22T22:47:10,PASS,PASS
G2,B4,p3_char_0040_丫,丫,40,3,rare,character,1,False,PASS,binary_or_4tier,2026-07-22T22:47:11,PASS,PASS
G1,B4,p3_char_0041_大,大,41,3,common,character,1,False,PASS,binary_or_4tier,2026-07-22T22:47:12,PASS,PASS
G4,B4,p3_char_0041_大,大,41,3,common,character,1,False,PASS,binary_or_4tier,2026-07-22T22:47:13,PASS,PASS
G2,B4,p3_char_0041_大,大,41,3,common,character,1,False,PASS,binary_or_4tier,2026-07-22T22:47:17,PASS,PASS
G3,B4,p3_char_0041_大,大,41,3,common,character,1,False,FAIL,binary_or_4tier,2026-07-22T22:47:18,FAIL,FAIL
G4,B4,p3_char_0042_丬,丬,42,3,rare,character,1,False,PASS,binary_or_4tier,2026-07-22T22:47:19,PASS,PASS
G3,B4,p3_char_0042_丬,丬,42,3,rare,character,1,False,FAIL,binary_or_4tier,2026-07-22T22:47:31,FAIL,FAIL
G2,B4,p3_char_0042_丬,丬,42,3,rare,character,1,False,FAIL,binary_or_4tier,2026-07-22T22:47:33,FAIL,FAIL
G1,B4,p3_char_0042_丬,丬,42,3,rare,character,1,False,FAIL,binary_or_4tier,2026-07-22T22:47:50,FAIL,FAIL
G4,B4,p3_char_0043_个,个,43,3,common,character,1,False,PASS,binary_or_4tier,2026-07-22T22:47:51,PASS,PASS
G3,B4,p3_char_0043_个,个,43,3,common,character,1,False,FAIL,binary_or_4tier,2026-07-22T22:47:53,FAIL,FAIL
G1,B4,p3_char_0043_个,个,43,3,common,character,1,False,FAIL,binary_or_4tier,2026-07-22T22:47:54,FAIL,FAIL
G2,B4,p3_char_0043_个,个,43,3,common,character,1,False,FAIL,binary_or_4tier,2026-07-22T22:47:56,FAIL,FAIL
G4,B4,p3_char_0044_丸,丸,44,3,rare,character,1,False,FAIL,binary_or_4tier,2026-07-22T22:47:57,FAIL,FAIL
G2,B4,p3_char_0044_丸,丸,44,3,rare,character,1,False,FAIL,binary_or_4tier,2026-07-22T22:47:57,FAIL,FAIL
G1,B4,p3_char_0044_丸,丸,44,3,rare,character,1,False,FAIL,binary_or_4tier,2026-07-22T22:47:58,FAIL,FAIL
G3,B4,p3_char_0044_丸,丸,44,3,rare,character,1,False,FAIL,binary_or_4tier,2026-07-22T22:47:59,FAIL,FAIL
G3,B4,p3_char_0045_上,上,45,3,common,character,1,False,PASS,binary_or_4tier,2026-07-22T22:48:00,PASS,PASS
G1,B4,p3_char_0045_上,上,45,3,common,character,1,False,PASS,binary_or_4tier,2026-07-22T22:48:00,PASS,PASS
G2,B4,p3_char_0045_上,上,45,3,common,character,1,False,PASS,binary_or_4tier,2026-07-22T22:48:01,PASS,PASS
G4,B4,p3_char_0045_上,上,45,3,common,character,1,False,PASS,binary_or_4tier,2026-07-22T22:48:01,PASS,PASS
G2,B4,p3_char_0046_久,久,46,3,rare,character,1,False,FAIL,binary_or_4tier,2026-07-22T22:48:02,FAIL,FAIL
G3,B4,p3_char_0046_久,久,46,3,rare,character,1,False,PASS,binary_or_4tier,2026-07-22T22:48:05,PASS,PASS
G1,B4,p3_char_0046_久,久,46,3,rare,character,1,False,FAIL,binary_or_4tier,2026-07-22T22:48:05,FAIL,FAIL
G4,B4,p3_char_0046_久,久,46,3,rare,character,1,False,FAIL,binary_or_4tier,2026-07-22T22:48:06,FAIL,FAIL
G4,B4,p3_char_0047_也,也,47,3,common,character,1,False,FAIL,binary_or_4tier,2026-07-22T22:48:09,FAIL,FAIL
G2,B4,p3_char_0047_也,也,47,3,common,character,1,False,FAIL,binary_or_4tier,2026-07-22T22:48:10,FAIL,FAIL
G1,B4,p3_char_0047_也,也,47,3,common,character,1,False,FAIL,binary_or_4tier,2026-07-22T22:48:10,FAIL,FAIL
G3,B4,p3_char_0047_也,也,47,3,common,character,1,False,FAIL,binary_or_4tier,2026-07-22T22:48:11,FAIL,FAIL
G1,B4,p3_char_0048_乇,乇,48,3,rare,character,1,False,FAIL,binary_or_4tier,2026-07-22T22:48:12,FAIL,FAIL
G2,B4,p3_char_0048_乇,乇,48,3,rare,character,1,False,PASS,binary_or_4tier,2026-07-22T22:48:15,PASS,PASS
G4,B4,p3_char_0048_乇,乇,48,3,rare,character,1,False,PASS,binary_or_4tier,2026-07-22T22:48:16,PASS,PASS
G3,B4,p3_char_0048_乇,乇,48,3,rare,character,1,False,FAIL,binary_or_4tier,2026-07-22T22:48:21,FAIL,FAIL
G3,B4,p3_char_0049_子,子,49,3,common,character,1,False,PASS,binary_or_4tier,2026-07-22T22:48:24,PASS,PASS
G1,B4,p3_char_0049_子,子,49,3,common,character,1,False,PASS,binary_or_4tier,2026-07-22T22:48:25,PASS,PASS
G4,B4,p3_char_0049_子,子,49,3,common,character,1,False,PASS,binary_or_4tier,2026-07-22T22:48:25,PASS,PASS
G2,B4,p3_char_0049_子,子,49,3,common,character,1,False,FAIL,binary_or_4tier,2026-07-22T22:48:32,FAIL,FAIL
G3,B4,p3_char_0050_亍,亍,50,3,rare,character,1,False,PASS,binary_or_4tier,2026-07-22T22:48:35,PASS,PASS
G2,B4,p3_char_0050_亍,亍,50,3,rare,character,1,False,PASS,binary_or_4tier,2026-07-22T22:48:36,PASS,PASS
G1,B4,p3_char_0050_亍,亍,50,3,rare,character,1,False,PASS,binary_or_4tier,2026-07-22T22:48:36,PASS,PASS
G4,B4,p3_char_0050_亍,亍,50,3,rare,character,1,False,PASS,binary_or_4tier,2026-07-22T22:48:38,PASS,PASS
G1,B4,p3_char_0051_于,于,51,3,common,character,1,False,PASS,binary_or_4tier,2026-07-22T22:48:39,PASS,PASS
G4,B4,p3_char_0051_于,于,51,3,common,character,1,False,PASS,binary_or_4tier,2026-07-22T22:48:40,PASS,PASS
G2,B4,p3_char_0051_于,于,51,3,common,character,1,False,PASS,binary_or_4tier,2026-07-22T22:48:40,PASS,PASS
G3,B4,p3_char_0051_于,于,51,3,common,character,1,False,PASS,binary_or_4tier,2026-07-22T22:48:41,PASS,PASS
G4,B4,p3_char_0052_亡,亡,52,3,rare,character,1,False,PASS,binary_or_4tier,2026-07-22T22:48:42,PASS,PASS
G1,B4,p3_char_0052_亡,亡,52,3,rare,character,1,False,PASS,binary_or_4tier,2026-07-22T22:48:42,PASS,PASS
G3,B4,p3_char_0052_亡,亡,52,3,rare,character,1,False,PASS,binary_or_4tier,2026-07-22T22:48:43,PASS,PASS
G2,B4,p3_char_0052_亡,亡,52,3,rare,character,1,False,PASS,binary_or_4tier,2026-07-22T22:48:44,PASS,PASS
G3,B4,p3_char_0053_下,下,53,3,common,character,1,False,PASS,binary_or_4tier,2026-07-22T22:48:44,PASS,PASS
G1,B4,p3_char_0053_下,下,53,3,common,character,1,False,PASS,binary_or_4tier,2026-07-22T22:48:45,PASS,PASS
G4,B4,p3_char_0053_下,下,53,3,common,character,1,False,PASS,binary_or_4tier,2026-07-22T22:48:45,PASS,PASS
G2,B4,p3_char_0053_下,下,53,3,common,character,1,False,PASS,binary_or_4tier,2026-07-22T22:48:46,PASS,PASS
G3,B4,p3_char_0054_亼,亼,54,3,rare,character,1,False,PASS,binary_or_4tier,2026-07-22T22:48:48,PASS,PASS
G2,B4,p3_char_0054_亼,亼,54,3,rare,character,1,False,PASS,binary_or_4tier,2026-07-22T22:48:49,PASS,PASS
G1,B4,p3_char_0054_亼,亼,54,3,rare,character,1,False,PASS,binary_or_4tier,2026-07-22T22:48:50,PASS,PASS
G4,B4,p3_char_0054_亼,亼,54,3,rare,character,1,False,PASS,binary_or_4tier,2026-07-22T22:48:52,PASS,PASS
G2,B4,p3_char_0055_三,三,55,3,common,character,1,False,PASS,binary_or_4tier,2026-07-22T22:48:53,PASS,PASS
G3,B4,p3_char_0055_三,三,55,3,common,character,1,False,PASS,binary_or_4tier,2026-07-22T22:49:08,PASS,PASS
G1,B4,p3_char_0055_三,三,55,3,common,character,1,False,PASS,binary_or_4tier,2026-07-22T22:49:08,PASS,PASS
G4,B4,p3_char_0055_三,三,55,3,common,character,1,False,PASS,binary_or_4tier,2026-07-22T22:49:08,PASS,PASS
G2,B4,p3_char_0056_亾,亾,56,3,rare,character,1,False,FAIL,binary_or_4tier,2026-07-22T22:49:10,FAIL,FAIL
G1,B4,p3_char_0056_亾,亾,56,3,rare,character,1,False,FAIL,binary_or_4tier,2026-07-22T22:49:10,FAIL,FAIL
G4,B4,p3_char_0056_亾,亾,56,3,rare,character,1,False,FAIL,binary_or_4tier,2026-07-22T22:49:11,FAIL,FAIL
G3,B4,p3_char_0056_亾,亾,56,3,rare,character,1,False,FAIL,binary_or_4tier,2026-07-22T22:49:12,FAIL,FAIL
G1,B4,p3_char_0057_小,小,57,3,common,character,1,False,PASS,binary_or_4tier,2026-07-22T22:49:12,PASS,PASS
G2,B4,p3_char_0057_小,小,57,3,common,character,1,False,PASS,binary_or_4tier,2026-07-22T22:49:13,PASS,PASS
G4,B4,p3_char_0057_小,小,57,3,common,character,1,False,PASS,binary_or_4tier,2026-07-22T22:49:13,PASS,PASS
G3,B4,p3_char_0057_小,小,57,3,common,character,1,False,PASS,binary_or_4tier,2026-07-22T22:49:14,PASS,PASS
G3,B4,p3_char_0058_兀,兀,58,3,rare,character,1,False,PASS,binary_or_4tier,2026-07-22T22:49:18,PASS,PASS
G1,B4,p3_char_0058_兀,兀,58,3,rare,character,1,False,FAIL,binary_or_4tier,2026-07-22T22:49:19,FAIL,FAIL
G2,B4,p3_char_0058_兀,兀,58,3,rare,character,1,False,PASS,binary_or_4tier,2026-07-22T22:49:19,PASS,PASS
G4,B4,p3_char_0058_兀,兀,58,3,rare,character,1,False,FAIL,binary_or_4tier,2026-07-22T22:49:21,FAIL,FAIL
G2,B4,p3_char_0059_么,么,59,3,common,character,1,False,FAIL,binary_or_4tier,2026-07-22T22:49:22,FAIL,FAIL
G3,B4,p3_char_0059_么,么,59,3,common,character,1,False,FAIL,binary_or_4tier,2026-07-22T22:49:23,FAIL,FAIL
G1,B4,p3_char_0059_么,么,59,3,common,character,1,False,FAIL,binary_or_4tier,2026-07-22T22:49:24,FAIL,FAIL
G4,B4,p3_char_0059_么,么,59,3,common,character,1,False,FAIL,binary_or_4tier,2026-07-22T22:49:24,FAIL,FAIL
G2,B4,p3_char_0060_卂,卂,60,3,rare,character,1,False,FAIL,binary_or_4tier,2026-07-22T22:49:25,FAIL,FAIL
G4,B4,p3_char_0060_卂,卂,60,3,rare,character,1,False,FAIL,binary_or_4tier,2026-07-22T22:49:26,FAIL,FAIL
G3,B4,p3_char_0060_卂,卂,60,3,rare,character,1,False,FAIL,binary_or_4tier,2026-07-22T22:49:27,FAIL,FAIL
G1,B4,p3_char_0060_卂,卂,60,3,rare,character,1,False,FAIL,binary_or_4tier,2026-07-22T22:49:27,FAIL,FAIL
G4,B4,p3_char_0061_与,与,61,3,common,character,1,False,FAIL,binary_or_4tier,2026-07-22T22:49:29,FAIL,FAIL
G1,B4,p3_char_0061_与,与,61,3,common,character,1,False,FAIL,binary_or_4tier,2026-07-22T22:49:29,FAIL,FAIL
G2,B4,p3_char_0061_与,与,61,3,common,character,1,False,FAIL,binary_or_4tier,2026-07-22T22:49:29,FAIL,FAIL
G3,B4,p3_char_0061_与,与,61,3,common,character,1,False,FAIL,binary_or_4tier,2026-07-22T22:49:30,FAIL,FAIL
G4,B4,p3_char_0062_卄,卄,62,3,rare,character,1,False,PASS,binary_or_4tier,2026-07-22T22:49:31,PASS,PASS
G2,B4,p3_char_0062_卄,卄,62,3,rare,character,1,False,PASS,binary_or_4tier,2026-07-22T22:49:31,PASS,PASS
G1,B4,p3_char_0062_卄,卄,62,3,rare,character,1,False,FAIL,binary_or_4tier,2026-07-22T22:49:32,FAIL,FAIL
G3,B4,p3_char_0062_卄,卄,62,3,rare,character,1,False,PASS,binary_or_4tier,2026-07-22T22:49:33,PASS,PASS
G4,B4,p3_char_0063_门,门,63,3,common,character,1,False,PASS,binary_or_4tier,2026-07-22T22:49:34,PASS,PASS
G3,B4,p3_char_0063_门,门,63,3,common,character,1,False,PASS,binary_or_4tier,2026-07-22T22:49:35,PASS,PASS
G1,B4,p3_char_0063_门,门,63,3,common,character,1,False,PASS,binary_or_4tier,2026-07-22T22:49:36,PASS,PASS
G2,B4,p3_char_0063_门,门,63,3,common,character,1,False,PASS,binary_or_4tier,2026-07-22T22:49:36,PASS,PASS
G2,B4,p3_char_0064_叉,叉,64,3,rare,character,1,False,PASS,binary_or_4tier,2026-07-22T22:49:37,PASS,PASS
G1,B4,p3_char_0064_叉,叉,64,3,rare,character,1,False,PASS,binary_or_4tier,2026-07-22T22:49:38,PASS,PASS
G3,B4,p3_char_0064_叉,叉,64,3,rare,character,1,False,PASS,binary_or_4tier,2026-07-22T22:49:38,PASS,PASS
G4,B4,p3_char_0064_叉,叉,64,3,rare,character,1,False,FAIL,binary_or_4tier,2026-07-22T22:49:39,FAIL,FAIL
G4,B4,p3_char_0065_及,及,65,3,common,character,1,False,FAIL,binary_or_4tier,2026-07-22T22:49:40,FAIL,FAIL
G1,B4,p3_char_0065_及,及,65,3,common,character,1,False,FAIL,binary_or_4tier,2026-07-22T22:49:40,FAIL,FAIL
G2,B4,p3_char_0065_及,及,65,3,common,character,1,False,FAIL,binary_or_4tier,2026-07-22T22:49:41,FAIL,FAIL
G3,B4,p3_char_0065_及,及,65,3,common,character,1,False,FAIL,binary_or_4tier,2026-07-22T22:49:42,FAIL,FAIL
G2,B4,p3_char_0066_囗,囗,66,3,rare,character,1,False,PASS,binary_or_4tier,2026-07-22T22:49:43,PASS,PASS
G3,B4,p3_char_0066_囗,囗,66,3,rare,character,1,False,PASS,binary_or_4tier,2026-07-22T22:49:43,PASS,PASS
G1,B4,p3_char_0066_囗,囗,66,3,rare,character,1,False,PASS,binary_or_4tier,2026-07-22T22:49:43,PASS,PASS
G4,B4,p3_char_0066_囗,囗,66,3,rare,character,1,False,PASS,binary_or_4tier,2026-07-22T22:49:44,PASS,PASS
G3,B4,p3_char_0067_山,山,67,3,common,character,1,False,PASS,binary_or_4tier,2026-07-22T22:49:44,PASS,PASS
G2,B4,p3_char_0067_山,山,67,3,common,character,1,False,PASS,binary_or_4tier,2026-07-22T22:49:45,PASS,PASS
G4,B4,p3_char_0067_山,山,67,3,common,character,1,False,PASS,binary_or_4tier,2026-07-22T22:49:45,PASS,PASS
G1,B4,p3_char_0067_山,山,67,3,common,character,1,False,PASS,binary_or_4tier,2026-07-22T22:49:53,PASS,PASS
G1,B4,p3_char_0068_纟,纟,68,3,rare,character,1,False,FAIL,binary_or_4tier,2026-07-22T22:49:57,FAIL,FAIL
G4,B4,p3_char_0068_纟,纟,68,3,rare,character,1,False,PASS,binary_or_4tier,2026-07-22T22:49:58,PASS,PASS
G3,B4,p3_char_0068_纟,纟,68,3,rare,character,1,False,FAIL,binary_or_4tier,2026-07-22T22:49:59,FAIL,FAIL
G2,B4,p3_char_0068_纟,纟,68,3,rare,character,1,False,FAIL,binary_or_4tier,2026-07-22T22:50:04,FAIL,FAIL
G3,B4,p3_char_0069_干,干,69,3,common,character,1,False,PASS,binary_or_4tier,2026-07-22T22:50:05,PASS,PASS
G4,B4,p3_char_0069_干,干,69,3,common,character,1,False,PASS,binary_or_4tier,2026-07-22T22:50:10,PASS,PASS
G2,B4,p3_char_0069_干,干,69,3,common,character,1,False,FAIL,binary_or_4tier,2026-07-22T22:50:10,FAIL,FAIL
G1,B4,p3_char_0069_干,干,69,3,common,character,1,False,PASS,binary_or_4tier,2026-07-22T22:50:11,PASS,PASS
G1,B4,p3_char_0070_夂,夂,70,3,rare,character,1,False,FAIL,binary_or_4tier,2026-07-22T22:50:13,FAIL,FAIL
G2,B4,p3_char_0070_夂,夂,70,3,rare,character,1,False,PASS,binary_or_4tier,2026-07-22T22:50:14,PASS,PASS
G3,B4,p3_char_0070_夂,夂,70,3,rare,character,1,False,FAIL,binary_or_4tier,2026-07-22T22:50:16,FAIL,FAIL
G4,B4,p3_char_0070_夂,夂,70,3,rare,character,1,False,FAIL,binary_or_4tier,2026-07-22T22:50:17,FAIL,FAIL
G1,B4,p3_char_0071_口,口,71,3,common,character,1,False,PASS,binary_or_4tier,2026-07-22T22:50:17,PASS,PASS
G2,B4,p3_char_0071_口,口,71,3,common,character,1,False,PASS,binary_or_4tier,2026-07-22T22:50:18,PASS,PASS
G3,B4,p3_char_0071_口,口,71,3,common,character,1,False,PASS,binary_or_4tier,2026-07-22T22:50:19,PASS,PASS
G4,B4,p3_char_0071_口,口,71,3,common,character,1,False,PASS,binary_or_4tier,2026-07-22T22:50:19,PASS,PASS
G1,B4,p3_char_0072_夊,夊,72,3,rare,character,1,False,FAIL,binary_or_4tier,2026-07-22T22:50:20,FAIL,FAIL
G4,B4,p3_char_0072_夊,夊,72,3,rare,character,1,False,FAIL,binary_or_4tier,2026-07-22T22:50:21,FAIL,FAIL
G3,B4,p3_char_0072_夊,夊,72,3,rare,character,1,False,FAIL,binary_or_4tier,2026-07-22T22:50:23,FAIL,FAIL
G2,B4,p3_char_0072_夊,夊,72,3,rare,character,1,False,FAIL,binary_or_4tier,2026-07-22T22:50:25,FAIL,FAIL
G1,B4,p3_char_0073_飞,飞,73,3,common,character,1,False,FAIL,binary_or_4tier,2026-07-22T22:50:33,FAIL,FAIL
G3,B4,p3_char_0073_飞,飞,73,3,common,character,1,False,FAIL,binary_or_4tier,2026-07-22T22:50:33,FAIL,FAIL
G2,B4,p3_char_0073_飞,飞,73,3,common,character,1,False,FAIL,binary_or_4tier,2026-07-22T22:50:34,FAIL,FAIL
G4,B4,p3_char_0073_飞,飞,73,3,common,character,1,False,FAIL,binary_or_4tier,2026-07-22T22:50:34,FAIL,FAIL
G4,B4,p3_char_0074_孑,孑,74,3,rare,character,1,False,PASS,binary_or_4tier,2026-07-22T22:50:36,PASS,PASS
G3,B4,p3_char_0074_孑,孑,74,3,rare,character,1,False,PASS,binary_or_4tier,2026-07-22T22:50:37,PASS,PASS
G2,B4,p3_char_0074_孑,孑,74,3,rare,character,1,False,FAIL,binary_or_4tier,2026-07-22T22:50:38,FAIL,FAIL
G1,B4,p3_char_0074_孑,孑,74,3,rare,character,1,False,PASS,binary_or_4tier,2026-07-22T22:50:39,PASS,PASS
G2,B4,p3_char_0075_千,千,75,3,common,character,1,False,PASS,binary_or_4tier,2026-07-22T22:50:41,PASS,PASS
G1,B4,p3_char_0075_千,千,75,3,common,character,1,False,PASS,binary_or_4tier,2026-07-22T22:50:42,PASS,PASS
G4,B4,p3_char_0075_千,千,75,3,common,character,1,False,PASS,binary_or_4tier,2026-07-22T22:50:42,PASS,PASS
G3,B4,p3_char_0075_千,千,75,3,common,character,1,False,FAIL,binary_or_4tier,2026-07-22T22:50:44,FAIL,FAIL
G4,B4,p3_char_0076_孓,孓,76,3,rare,character,1,False,FAIL,binary_or_4tier,2026-07-22T22:50:54,FAIL,FAIL
G3,B4,p3_char_0076_孓,孓,76,3,rare,character,1,False,FAIL,binary_or_4tier,2026-07-22T22:50:56,FAIL,FAIL
G2,B4,p3_char_0076_孓,孓,76,3,rare,character,1,False,FAIL,binary_or_4tier,2026-07-22T22:50:57,FAIL,FAIL
G1,B4,p3_char_0076_孓,孓,76,3,rare,character,1,False,FAIL,binary_or_4tier,2026-07-22T22:51:08,FAIL,FAIL
G2,B4,p3_char_0077_习,习,77,3,common,character,1,False,FAIL,binary_or_4tier,2026-07-22T22:51:08,FAIL,FAIL
G3,B4,p3_char_0077_习,习,77,3,common,character,1,False,FAIL,binary_or_4tier,2026-07-22T22:51:09,FAIL,FAIL
G4,B4,p3_char_0077_习,习,77,3,common,character,1,False,PASS,binary_or_4tier,2026-07-22T22:51:10,PASS,PASS
G1,B4,p3_char_0077_习,习,77,3,common,character,1,False,PASS,binary_or_4tier,2026-07-22T22:51:11,PASS,PASS
G2,B4,p3_char_0078_艹,艹,78,3,rare,character,1,False,PASS,binary_or_4tier,2026-07-22T22:51:12,PASS,PASS
G3,B4,p3_char_0078_艹,艹,78,3,rare,character,1,False,PASS,binary_or_4tier,2026-07-22T22:51:12,PASS,PASS
G1,B4,p3_char_0078_艹,艹,78,3,rare,character,1,False,PASS,binary_or_4tier,2026-07-22T22:51:13,PASS,PASS
G4,B4,p3_char_0078_艹,艹,78,3,rare,character,1,False,PASS,binary_or_4tier,2026-07-22T22:51:17,PASS,PASS
G2,B4,p3_char_0079_已,已,79,3,common,character,1,False,FAIL,binary_or_4tier,2026-07-22T22:51:18,FAIL,FAIL
G1,B4,p3_char_0079_已,已,79,3,common,character,1,False,FAIL,binary_or_4tier,2026-07-22T22:51:19,FAIL,FAIL
G4,B4,p3_char_0079_已,已,79,3,common,character,1,False,PASS,binary_or_4tier,2026-07-22T22:51:24,PASS,PASS
G3,B4,p3_char_0079_已,已,79,3,common,character,1,False,FAIL,binary_or_4tier,2026-07-22T22:51:25,FAIL,FAIL
G2,B4,p3_char_0080_宀,宀,80,3,rare,character,1,False,PASS,binary_or_4tier,2026-07-22T22:51:26,PASS,PASS
G4,B4,p3_char_0080_宀,宀,80,3,rare,character,1,False,PASS,binary_or_4tier,2026-07-22T22:51:27,PASS,PASS
G3,B4,p3_char_0080_宀,宀,80,3,rare,character,1,False,PASS,binary_or_4tier,2026-07-22T22:51:27,PASS,PASS
G1,B4,p3_char_0080_宀,宀,80,3,rare,character,1,False,PASS,binary_or_4tier,2026-07-22T22:51:28,PASS,PASS
G4,B4,p3_char_0081_女,女,81,3,common,character,1,False,FAIL,binary_or_4tier,2026-07-22T22:51:29,FAIL,FAIL
G3,B4,p3_char_0081_女,女,81,3,common,character,1,False,FAIL,binary_or_4tier,2026-07-22T22:51:30,FAIL,FAIL
G1,B4,p3_char_0081_女,女,81,3,common,character,1,False,PASS,binary_or_4tier,2026-07-22T22:51:31,PASS,PASS
G2,B4,p3_char_0081_女,女,81,3,common,character,1,False,FAIL,binary_or_4tier,2026-07-22T22:51:31,FAIL,FAIL
G2,B4,p3_char_0082_尢,尢,82,3,rare,character,1,False,FAIL,binary_or_4tier,2026-07-22T22:51:33,FAIL,FAIL
G4,B4,p3_char_0082_尢,尢,82,3,rare,character,1,False,PASS,binary_or_4tier,2026-07-22T22:51:40,PASS,PASS
G3,B4,p3_char_0082_尢,尢,82,3,rare,character,1,False,FAIL,binary_or_4tier,2026-07-22T22:51:40,FAIL,FAIL
G1,B4,p3_char_0082_尢,尢,82,3,rare,character,1,False,FAIL,binary_or_4tier,2026-07-22T22:51:41,FAIL,FAIL
G2,B4,p3_char_0083_才,才,83,3,common,character,1,False,PASS,binary_or_4tier,2026-07-22T22:51:53,PASS,PASS
G4,B4,p3_char_0083_才,才,83,3,common,character,1,False,FAIL,binary_or_4tier,2026-07-22T22:51:54,FAIL,FAIL
G1,B4,p3_char_0083_才,才,83,3,common,character,1,False,PASS,binary_or_4tier,2026-07-22T22:51:55,PASS,PASS
G3,B4,p3_char_0083_才,才,83,3,common,character,1,False,FAIL,binary_or_4tier,2026-07-22T22:52:01,FAIL,FAIL
G2,B4,p2_radical_011_匕__retry_3__G2,匕__retry_3__G2,,2,radical,radical,1,False,FAIL,binary_or_4tier,2026-07-22T22:52:02,FAIL,FAIL
G2,B4,p2_radical_047_飞__retry_2__G2,飞__retry_2__G2,,3,radical,radical,1,False,FAIL,binary_or_4tier,2026-07-22T22:52:03,FAIL,FAIL
G2,B4,p2_radical_048_干__retry_2__G2,干__retry_2__G2,,3,radical,radical,1,False,PASS,binary_or_4tier,2026-07-22T22:52:08,PASS,PASS
G2,B4,p2_radical_053_己__retry_2__G2,己__retry_2__G2,,3,radical,radical,1,False,FAIL,binary_or_4tier,2026-07-22T22:52:09,FAIL,FAIL
G2,B4,p2_radical_059_门__retry_1__G2,门__retry_1__G2,,3,radical,radical,1,False,FAIL,binary_or_4tier,2026-07-22T22:52:11,FAIL,FAIL
G2,B4,p2_radical_084_夊__retry_1__G2,夊__retry_1__G2,,3,radical,radical,1,False,FAIL,binary_or_4tier,2026-07-22T22:52:12,FAIL,FAIL
G2,B4,p2_radical_133_止__retry_1__G2,止__retry_1__G2,,4,radical,radical,1,False,PASS,binary_or_4tier,2026-07-22T22:52:16,PASS,PASS
G2,B4,p3_char_0009_了__retry_1__G2,了__retry_1__G2,9,,,character,1,False,FAIL,binary_or_4tier,2026-07-22T22:52:17,FAIL,FAIL
G2,B4,p3_char_0011_人__retry_1__G2,人__retry_1__G2,11,,,character,1,False,FAIL,binary_or_4tier,2026-07-22T22:52:21,FAIL,FAIL
G2,B4,p3_char_0016_乃__retry_1__G2,乃__retry_1__G2,16,,,character,1,False,FAIL,binary_or_4tier,2026-07-22T22:52:22,FAIL,FAIL
G2,B4,p3_char_0021_几__retry_1__G2,几__retry_1__G2,21,,,character,1,False,FAIL,binary_or_4tier,2026-07-22T22:52:23,FAIL,FAIL
G2,B4,p3_char_0023_九__retry_1__G2,九__retry_1__G2,23,,,character,1,False,FAIL,binary_or_4tier,2026-07-22T22:52:24,FAIL,FAIL
G2,B4,p3_char_0029_入__retry_1__G2,入__retry_1__G2,29,,,character,1,False,PASS,binary_or_4tier,2026-07-22T22:52:25,PASS,PASS
G2,B4,p3_char_0033_刀__retry_1__G2,刀__retry_1__G2,33,,,character,1,False,FAIL,binary_or_4tier,2026-07-22T22:52:27,FAIL,FAIL
G3,B4,p2_radical_082_子__retry_1__G3,子__retry_1__G3,,3,radical,radical,1,False,PASS,binary_or_4tier,2026-07-22T22:52:30,PASS,PASS
G3,B4,p2_radical_081_夂__retry_1__G3,夂__retry_1__G3,,3,radical,radical,1,False,FAIL,binary_or_4tier,2026-07-22T22:52:31,FAIL,FAIL
G3,B4,p2_radical_084_夊__retry_1__G3,夊__retry_1__G3,,3,radical,radical,1,False,FAIL,binary_or_4tier,2026-07-22T22:52:38,FAIL,FAIL
G3,B4,p2_radical_059_门__retry_1__G3,门__retry_1__G3,,3,radical,radical,1,False,FAIL,binary_or_4tier,2026-07-22T22:52:38,FAIL,FAIL
G3,B4,p2_radical_074_兀__retry_1__G3,兀__retry_1__G3,,3,radical,radical,1,False,FAIL,binary_or_4tier,2026-07-22T22:52:39,FAIL,FAIL
G3,B4,p2_radical_080_尢__retry_1__G3,尢__retry_1__G3,,3,radical,radical,1,False,FAIL,binary_or_4tier,2026-07-22T22:52:40,FAIL,FAIL
G3,B4,p2_radical_061_女__retry_2__G3,女__retry_2__G3,,3,radical,radical,1,False,FAIL,binary_or_4tier,2026-07-22T22:52:47,FAIL,FAIL
G3,B4,p2_radical_047_飞__retry_1__G3,飞__retry_1__G3,,3,radical,radical,1,False,FAIL,binary_or_4tier,2026-07-22T22:52:49,FAIL,FAIL
G4,B4,p2_radical_039_艹__retry_1__G4,艹__retry_1__G4,,3,radical,radical,1,False,PASS,binary_or_4tier,2026-07-22T22:52:51,PASS,PASS
G4,B4,p2_radical_070_纟__retry_1__G4,纟__retry_1__G4,,3,radical,radical,1,False,FAIL,binary_or_4tier,2026-07-22T22:52:52,FAIL,FAIL
G4,B4,p2_radical_081_夂__retry_1__G4,夂__retry_1__G4,,3,radical,radical,1,False,FAIL,binary_or_4tier,2026-07-22T22:53:12,FAIL,FAIL
G4,B4,p2_radical_082_子__retry_1__G4,子__retry_1__G4,,3,radical,radical,1,False,FAIL,binary_or_4tier,2026-07-22T22:53:18,FAIL,FAIL
G4,B4,p2_radical_084_夊__retry_1__G4,夊__retry_1__G4,,3,radical,radical,1,False,FAIL,binary_or_4tier,2026-07-22T22:53:19,FAIL,FAIL
G4,B4,p3_char_0025_力__retry_1__G4,力__retry_1__G4,25,,,character,1,False,PASS,binary_or_4tier,2026-07-22T22:53:24,PASS,PASS
G4,B4,p3_char_0028_冖__retry_1__G4,冖__retry_1__G4,28,,,character,1,False,PASS,binary_or_4tier,2026-07-22T22:53:24,PASS,PASS
G4,B4,p3_char_0032_凵__retry_1__G4,凵__retry_1__G4,32,,,character,1,False,PASS,binary_or_4tier,2026-07-22T22:53:25,PASS,PASS
G1,B5,p3_char_0084_屮,屮,84,3,rare,character,1,False,FAIL,binary_or_4tier,2026-07-24T11:44:07,FAIL,FAIL
G3,B5,p3_char_0084_屮,屮,84,3,rare,character,1,False,PASS,binary_or_4tier,2026-07-24T11:44:09,PASS,PASS
G4,B5,p3_char_0084_屮,屮,84,3,rare,character,1,False,PASS,binary_or_4tier,2026-07-24T11:44:09,PASS,PASS
G2,B5,p3_char_0084_屮,屮,84,3,rare,character,1,False,PASS,binary_or_4tier,2026-07-24T11:44:10,PASS,PASS
G1,B5,p3_char_0085_马,马,85,3,common,character,1,False,FAIL,binary_or_4tier,2026-07-24T11:44:11,FAIL,FAIL
G4,B5,p3_char_0085_马,马,85,3,common,character,1,False,FAIL,binary_or_4tier,2026-07-24T11:44:12,FAIL,FAIL
G2,B5,p3_char_0085_马,马,85,3,common,character,1,False,FAIL,binary_or_4tier,2026-07-24T11:44:14,FAIL,FAIL
G3,B5,p3_char_0085_马,马,85,3,common,character,1,False,FAIL,binary_or_4tier,2026-07-24T11:44:28,FAIL,FAIL
G1,B5,p3_char_0086_巛,巛,86,3,rare,character,1,False,FAIL,binary_or_4tier,2026-07-24T11:44:31,FAIL,FAIL
G2,B5,p3_char_0086_巛,巛,86,3,rare,character,1,False,FAIL,binary_or_4tier,2026-07-24T11:44:31,FAIL,FAIL
G4,B5,p3_char_0086_巛,巛,86,3,rare,character,1,False,FAIL,binary_or_4tier,2026-07-24T11:44:32,FAIL,FAIL
G3,B5,p3_char_0086_巛,巛,86,3,rare,character,1,False,FAIL,binary_or_4tier,2026-07-24T11:44:34,FAIL,FAIL
G4,B5,p3_char_0087_工,工,87,3,common,character,1,False,PASS,binary_or_4tier,2026-07-24T11:44:35,PASS,PASS
G3,B5,p3_char_0087_工,工,87,3,common,character,1,False,PASS,binary_or_4tier,2026-07-24T11:44:35,PASS,PASS
G2,B5,p3_char_0087_工,工,87,3,common,character,1,False,PASS,binary_or_4tier,2026-07-24T11:44:35,PASS,PASS
G1,B5,p3_char_0087_工,工,87,3,common,character,1,False,PASS,binary_or_4tier,2026-07-24T11:44:35,PASS,PASS
G4,B5,p3_char_0088_川,川,88,3,rare,character,1,False,PASS,binary_or_4tier,2026-07-24T11:44:35,PASS,PASS
G2,B5,p3_char_0088_川,川,88,3,rare,character,1,False,PASS,binary_or_4tier,2026-07-24T11:44:36,PASS,PASS
G3,B5,p3_char_0088_川,川,88,3,rare,character,1,False,PASS,binary_or_4tier,2026-07-24T11:44:36,PASS,PASS
G1,B5,p3_char_0088_川,川,88,3,rare,character,1,False,PASS,binary_or_4tier,2026-07-24T11:44:37,PASS,PASS
G2,B5,p3_char_0089_义,义,89,3,common,character,1,False,PASS,binary_or_4tier,2026-07-24T11:44:44,PASS,PASS
G3,B5,p3_char_0089_义,义,89,3,common,character,1,False,FAIL,binary_or_4tier,2026-07-24T11:44:46,FAIL,FAIL
G1,B5,p3_char_0089_义,义,89,3,common,character,1,False,PASS,binary_or_4tier,2026-07-24T11:44:48,PASS,PASS
G4,B5,p3_char_0089_义,义,89,3,common,character,1,False,PASS,binary_or_4tier,2026-07-24T11:44:48,PASS,PASS
G4,B5,p3_char_0090_幺,幺,90,3,rare,character,1,False,PASS,binary_or_4tier,2026-07-24T11:44:49,PASS,PASS
G3,B5,p3_char_0090_幺,幺,90,3,rare,character,1,False,FAIL,binary_or_4tier,2026-07-24T11:44:50,FAIL,FAIL
G2,B5,p3_char_0090_幺,幺,90,3,rare,character,1,False,FAIL,binary_or_4tier,2026-07-24T11:44:51,FAIL,FAIL
G1,B5,p3_char_0090_幺,幺,90,3,rare,character,1,False,FAIL,binary_or_4tier,2026-07-24T11:44:52,FAIL,FAIL
G4,B5,p3_char_0091_乡,乡,91,3,common,character,1,False,FAIL,binary_or_4tier,2026-07-24T11:44:53,FAIL,FAIL
G3,B5,p3_char_0091_乡,乡,91,3,common,character,1,False,FAIL,binary_or_4tier,2026-07-24T11:44:54,FAIL,FAIL
G1,B5,p3_char_0091_乡,乡,91,3,common,character,1,False,PASS,binary_or_4tier,2026-07-24T11:44:55,PASS,PASS
G2,B5,p3_char_0091_乡,乡,91,3,common,character,1,False,PASS,binary_or_4tier,2026-07-24T11:44:56,PASS,PASS
G1,B5,p3_char_0092_廾,廾,92,3,rare,character,1,False,PASS,binary_or_4tier,2026-07-24T11:44:57,PASS,PASS
G2,B5,p3_char_0092_廾,廾,92,3,rare,character,1,False,PASS,binary_or_4tier,2026-07-24T11:44:57,PASS,PASS
G3,B5,p3_char_0092_廾,廾,92,3,rare,character,1,False,PASS,binary_or_4tier,2026-07-24T11:44:57,PASS,PASS
G4,B5,p3_char_0092_廾,廾,92,3,rare,character,1,False,PASS,binary_or_4tier,2026-07-24T11:44:58,PASS,PASS
G4,B5,p3_char_0093_弋,弋,93,3,rare,character,1,False,PASS,binary_or_4tier,2026-07-24T11:44:59,PASS,PASS
G3,B5,p3_char_0093_弋,弋,93,3,rare,character,1,False,PASS,binary_or_4tier,2026-07-24T11:44:59,PASS,PASS
G2,B5,p3_char_0093_弋,弋,93,3,rare,character,1,False,PASS,binary_or_4tier,2026-07-24T11:44:59,PASS,PASS
G1,B5,p3_char_0093_弋,弋,93,3,rare,character,1,False,PASS,binary_or_4tier,2026-07-24T11:45:00,PASS,PASS
G4,B5,p3_char_0094_不,不,94,4,common,character,1,False,PASS,binary_or_4tier,2026-07-24T11:45:02,PASS,PASS
G1,B5,p3_char_0094_不,不,94,4,common,character,1,False,PASS,binary_or_4tier,2026-07-24T11:45:04,PASS,PASS
G2,B5,p3_char_0094_不,不,94,4,common,character,1,False,PASS,binary_or_4tier,2026-07-24T11:45:04,PASS,PASS
G3,B5,p3_char_0094_不,不,94,4,common,character,1,False,PASS,binary_or_4tier,2026-07-24T11:45:05,PASS,PASS
G2,B5,p3_char_0095_丹,丹,95,4,rare,character,1,False,PASS,binary_or_4tier,2026-07-24T11:45:05,PASS,PASS
G4,B5,p3_char_0095_丹,丹,95,4,rare,character,1,False,PASS,binary_or_4tier,2026-07-24T11:45:07,PASS,PASS
G1,B5,p3_char_0095_丹,丹,95,4,rare,character,1,False,PASS,binary_or_4tier,2026-07-24T11:45:08,PASS,PASS
G3,B5,p3_char_0095_丹,丹,95,4,rare,character,1,False,PASS,binary_or_4tier,2026-07-24T11:45:09,PASS,PASS
G1,B5,p3_char_0096_为,为,96,4,common,character,1,False,FAIL,binary_or_4tier,2026-07-24T11:45:11,FAIL,FAIL
G2,B5,p3_char_0096_为,为,96,4,common,character,1,False,PASS,binary_or_4tier,2026-07-24T11:45:11,PASS,PASS
G3,B5,p3_char_0096_为,为,96,4,common,character,1,False,FAIL,binary_or_4tier,2026-07-24T11:45:13,FAIL,FAIL
G4,B5,p3_char_0096_为,为,96,4,common,character,1,False,FAIL,binary_or_4tier,2026-07-24T11:45:13,FAIL,FAIL
G1,B5,p3_char_0097_乌,乌,97,4,rare,character,1,False,FAIL,binary_or_4tier,2026-07-24T11:45:15,FAIL,FAIL
G3,B5,p3_char_0097_乌,乌,97,4,rare,character,1,False,FAIL,binary_or_4tier,2026-07-24T11:45:16,FAIL,FAIL
G2,B5,p3_char_0097_乌,乌,97,4,rare,character,1,False,FAIL,binary_or_4tier,2026-07-24T11:45:16,FAIL,FAIL
G4,B5,p3_char_0097_乌,乌,97,4,rare,character,1,False,FAIL,binary_or_4tier,2026-07-24T11:45:17,FAIL,FAIL
G2,B5,p3_char_0098_以,以,98,4,common,character,1,False,PASS,binary_or_4tier,2026-07-24T11:45:18,PASS,PASS
G3,B5,p3_char_0098_以,以,98,4,common,character,1,False,PASS,binary_or_4tier,2026-07-24T11:45:18,PASS,PASS
G4,B5,p3_char_0098_以,以,98,4,common,character,1,False,FAIL,binary_or_4tier,2026-07-24T11:45:19,FAIL,FAIL
G1,B5,p3_char_0098_以,以,98,4,common,character,1,False,FAIL,binary_or_4tier,2026-07-24T11:46:08,FAIL,FAIL
G4,B5,p3_char_0099_予,予,99,4,rare,character,1,False,FAIL,binary_or_4tier,2026-07-24T11:46:08,FAIL,FAIL
G1,B5,p3_char_0099_予,予,99,4,rare,character,1,False,FAIL,binary_or_4tier,2026-07-24T11:46:09,FAIL,FAIL
G2,B5,p3_char_0099_予,予,99,4,rare,character,1,False,FAIL,binary_or_4tier,2026-07-24T11:46:10,FAIL,FAIL
G3,B5,p3_char_0099_予,予,99,4,rare,character,1,False,FAIL,binary_or_4tier,2026-07-24T11:46:12,FAIL,FAIL
G1,B5,p3_char_0100_中,中,100,4,common,character,1,False,PASS,binary_or_4tier,2026-07-24T11:46:13,PASS,PASS
G2,B5,p3_char_0100_中,中,100,4,common,character,1,False,PASS,binary_or_4tier,2026-07-24T11:46:13,PASS,PASS
G4,B5,p3_char_0100_中,中,100,4,common,character,1,False,PASS,binary_or_4tier,2026-07-24T11:46:14,PASS,PASS
G3,B5,p3_char_0100_中,中,100,4,common,character,1,False,PASS,binary_or_4tier,2026-07-24T11:46:14,PASS,PASS
G4,B5,p3_char_0101_亓,亓,101,4,rare,character,1,False,FAIL,binary_or_4tier,2026-07-24T11:46:16,FAIL,FAIL
G3,B5,p3_char_0101_亓,亓,101,4,rare,character,1,False,PASS,binary_or_4tier,2026-07-24T11:46:16,PASS,PASS
G2,B5,p3_char_0101_亓,亓,101,4,rare,character,1,False,PASS,binary_or_4tier,2026-07-24T11:46:17,PASS,PASS
G1,B5,p3_char_0101_亓,亓,101,4,rare,character,1,False,PASS,binary_or_4tier,2026-07-24T11:46:18,PASS,PASS
G4,B5,p3_char_0102_天,天,102,4,common,character,1,False,PASS,binary_or_4tier,2026-07-24T11:46:19,PASS,PASS
G2,B5,p3_char_0102_天,天,102,4,common,character,1,False,FAIL,binary_or_4tier,2026-07-24T11:46:20,FAIL,FAIL
G3,B5,p3_char_0102_天,天,102,4,common,character,1,False,FAIL,binary_or_4tier,2026-07-24T11:46:20,FAIL,FAIL
G1,B5,p3_char_0102_天,天,102,4,common,character,1,False,FAIL,binary_or_4tier,2026-07-24T11:46:21,FAIL,FAIL
G4,B5,p3_char_0103_亢,亢,103,4,rare,character,1,False,FAIL,binary_or_4tier,2026-07-24T11:46:22,FAIL,FAIL
G2,B5,p3_char_0103_亢,亢,103,4,rare,character,1,False,FAIL,binary_or_4tier,2026-07-24T11:46:23,FAIL,FAIL
G3,B5,p3_char_0103_亢,亢,103,4,rare,character,1,False,FAIL,binary_or_4tier,2026-07-24T11:46:23,FAIL,FAIL
G1,B5,p3_char_0103_亢,亢,103,4,rare,character,1,False,FAIL,binary_or_4tier,2026-07-24T11:46:24,FAIL,FAIL
G1,B5,p3_char_0104_方,方,104,4,common,character,1,False,PASS,binary_or_4tier,2026-07-24T11:46:25,PASS,PASS
G4,B5,p3_char_0104_方,方,104,4,common,character,1,False,FAIL,binary_or_4tier,2026-07-24T11:46:26,FAIL,FAIL
G2,B5,p3_char_0104_方,方,104,4,common,character,1,False,FAIL,binary_or_4tier,2026-07-24T11:46:26,FAIL,FAIL
G3,B5,p3_char_0104_方,方,104,4,common,character,1,False,FAIL,binary_or_4tier,2026-07-24T11:46:34,FAIL,FAIL
G4,B5,p3_char_0105_仂,仂,105,4,rare,character,1,False,PASS,binary_or_4tier,2026-07-24T11:46:35,PASS,PASS
G1,B5,p3_char_0105_仂,仂,105,4,rare,character,1,False,FAIL,binary_or_4tier,2026-07-24T11:46:36,FAIL,FAIL
G3,B5,p3_char_0105_仂,仂,105,4,rare,character,1,False,FAIL,binary_or_4tier,2026-07-24T11:46:37,FAIL,FAIL
G2,B5,p3_char_0105_仂,仂,105,4,rare,character,1,False,PASS,binary_or_4tier,2026-07-24T11:46:38,PASS,PASS
G2,B5,p3_char_0106_日,日,106,4,common,character,1,False,PASS,binary_or_4tier,2026-07-24T11:46:39,PASS,PASS
G1,B5,p3_char_0106_日,日,106,4,common,character,1,False,PASS,binary_or_4tier,2026-07-24T11:46:40,PASS,PASS
G3,B5,p3_char_0106_日,日,106,4,common,character,1,False,PASS,binary_or_4tier,2026-07-24T11:46:40,PASS,PASS
G4,B5,p3_char_0106_日,日,106,4,common,character,1,False,PASS,binary_or_4tier,2026-07-24T11:46:40,PASS,PASS
G1,B5,p3_char_0107_仃,仃,107,4,rare,character,1,False,PASS,binary_or_4tier,2026-07-24T11:46:42,PASS,PASS
G2,B5,p3_char_0107_仃,仃,107,4,rare,character,1,False,PASS,binary_or_4tier,2026-07-24T11:46:43,PASS,PASS
G4,B5,p3_char_0107_仃,仃,107,4,rare,character,1,False,PASS,binary_or_4tier,2026-07-24T11:46:43,PASS,PASS
G3,B5,p3_char_0107_仃,仃,107,4,rare,character,1,False,PASS,binary_or_4tier,2026-07-24T11:46:44,PASS,PASS
G3,B5,p3_char_0108_无,无,108,4,common,character,1,False,FAIL,binary_or_4tier,2026-07-24T11:46:45,FAIL,FAIL
G2,B5,p3_char_0108_无,无,108,4,common,character,1,False,FAIL,binary_or_4tier,2026-07-24T11:46:46,FAIL,FAIL
G4,B5,p3_char_0108_无,无,108,4,common,character,1,False,PASS,binary_or_4tier,2026-07-24T11:46:48,PASS,PASS
G1,B5,p3_char_0108_无,无,108,4,common,character,1,False,PASS,binary_or_4tier,2026-07-24T11:46:49,PASS,PASS
G4,B5,p3_char_0109_仄,仄,109,4,rare,character,1,False,PASS,binary_or_4tier,2026-07-24T11:46:51,PASS,PASS
G2,B5,p3_char_0109_仄,仄,109,4,rare,character,1,False,PASS,binary_or_4tier,2026-07-24T11:46:51,PASS,PASS
G1,B5,p3_char_0109_仄,仄,109,4,rare,character,1,False,PASS,binary_or_4tier,2026-07-24T11:46:55,PASS,PASS
G3,B5,p3_char_0109_仄,仄,109,4,rare,character,1,False,FAIL,binary_or_4tier,2026-07-24T11:46:56,FAIL,FAIL
G4,B5,p3_char_0110_分,分,110,4,common,character,1,False,FAIL,binary_or_4tier,2026-07-24T11:46:59,FAIL,FAIL
G2,B5,p3_char_0110_分,分,110,4,common,character,1,False,FAIL,binary_or_4tier,2026-07-24T11:47:03,FAIL,FAIL
G3,B5,p3_char_0110_分,分,110,4,common,character,1,False,FAIL,binary_or_4tier,2026-07-24T11:47:04,FAIL,FAIL
G1,B5,p3_char_0110_分,分,110,4,common,character,1,False,PASS,binary_or_4tier,2026-07-24T11:47:05,PASS,PASS
G4,B5,p3_char_0111_仇,仇,111,4,rare,character,1,False,FAIL,binary_or_4tier,2026-07-24T11:47:07,FAIL,FAIL
G3,B5,p3_char_0111_仇,仇,111,4,rare,character,1,False,FAIL,binary_or_4tier,2026-07-24T11:47:08,FAIL,FAIL
G2,B5,p3_char_0111_仇,仇,111,4,rare,character,1,False,FAIL,binary_or_4tier,2026-07-24T11:47:09,FAIL,FAIL
G1,B5,p3_char_0111_仇,仇,111,4,rare,character,1,False,FAIL,binary_or_4tier,2026-07-24T11:47:10,FAIL,FAIL
G3,B5,p3_char_0112_心,心,112,4,common,character,1,False,PASS,binary_or_4tier,2026-07-24T11:47:11,PASS,PASS
G4,B5,p3_char_0112_心,心,112,4,common,character,1,False,PASS,binary_or_4tier,2026-07-24T11:47:12,PASS,PASS
G1,B5,p3_char_0112_心,心,112,4,common,character,1,False,PASS,binary_or_4tier,2026-07-24T11:47:13,PASS,PASS
G2,B5,p3_char_0112_心,心,112,4,common,character,1,False,PASS,binary_or_4tier,2026-07-24T11:47:13,PASS,PASS
G4,B5,p3_char_0113_仉,仉,113,4,rare,character,1,False,FAIL,binary_or_4tier,2026-07-24T11:47:14,FAIL,FAIL
G1,B5,p3_char_0113_仉,仉,113,4,rare,character,1,False,FAIL,binary_or_4tier,2026-07-24T11:47:15,FAIL,FAIL
G3,B5,p3_char_0113_仉,仉,113,4,rare,character,1,False,PASS,binary_or_4tier,2026-07-24T11:47:16,PASS,PASS
G2,B5,p3_char_0113_仉,仉,113,4,rare,character,1,False,PASS,binary_or_4tier,2026-07-24T11:47:18,PASS,PASS
G4,B5,p3_char_0114_见,见,114,4,common,character,1,False,FAIL,binary_or_4tier,2026-07-24T11:47:19,FAIL,FAIL
G2,B5,p3_char_0114_见,见,114,4,common,character,1,False,FAIL,binary_or_4tier,2026-07-24T11:47:19,FAIL,FAIL
G3,B5,p3_char_0114_见,见,114,4,common,character,1,False,FAIL,binary_or_4tier,2026-07-24T11:47:20,FAIL,FAIL
G1,B5,p3_char_0114_见,见,114,4,common,character,1,False,FAIL,binary_or_4tier,2026-07-24T11:47:27,FAIL,FAIL
G4,B5,p3_char_0115_仌,仌,115,4,rare,character,1,False,PASS,binary_or_4tier,2026-07-24T11:47:52,PASS,PASS
G3,B5,p3_char_0115_仌,仌,115,4,rare,character,1,False,PASS,binary_or_4tier,2026-07-24T11:47:53,PASS,PASS
G2,B5,p3_char_0115_仌,仌,115,4,rare,character,1,False,PASS,binary_or_4tier,2026-07-24T11:47:53,PASS,PASS
G1,B5,p3_char_0115_仌,仌,115,4,rare,character,1,False,PASS,binary_or_4tier,2026-07-24T11:47:54,PASS,PASS
G3,B5,p3_char_0116_公,公,116,4,common,character,1,False,FAIL,binary_or_4tier,2026-07-24T11:47:56,FAIL,FAIL
G4,B5,p3_char_0116_公,公,116,4,common,character,1,False,PASS,binary_or_4tier,2026-07-24T11:47:56,PASS,PASS
G2,B5,p3_char_0116_公,公,116,4,common,character,1,False,FAIL,binary_or_4tier,2026-07-24T11:47:59,FAIL,FAIL
G1,B5,p3_char_0116_公,公,116,4,common,character,1,False,FAIL,binary_or_4tier,2026-07-24T11:48:00,FAIL,FAIL
G3,B5,p3_char_0117_仑,仑,117,4,rare,character,1,False,FAIL,binary_or_4tier,2026-07-24T11:48:02,FAIL,FAIL
G4,B5,p3_char_0117_仑,仑,117,4,rare,character,1,False,PASS,binary_or_4tier,2026-07-24T11:48:09,PASS,PASS
G2,B5,p3_char_0117_仑,仑,117,4,rare,character,1,False,FAIL,binary_or_4tier,2026-07-24T11:48:10,FAIL,FAIL
G1,B5,p3_char_0117_仑,仑,117,4,rare,character,1,False,FAIL,binary_or_4tier,2026-07-24T11:48:43,FAIL,FAIL
G2,B5,p3_char_0118_从,从,118,4,common,character,1,False,FAIL,binary_or_4tier,2026-07-24T11:48:44,FAIL,FAIL
G1,B5,p3_char_0118_从,从,118,4,common,character,1,False,FAIL,binary_or_4tier,2026-07-24T11:48:44,FAIL,FAIL
G3,B5,p3_char_0118_从,从,118,4,common,character,1,False,FAIL,binary_or_4tier,2026-07-24T11:48:45,FAIL,FAIL
G4,B5,p3_char_0118_从,从,118,4,common,character,1,False,FAIL,binary_or_4tier,2026-07-24T11:48:46,FAIL,FAIL
G3,B5,p3_char_0119_仓,仓,119,4,rare,character,1,False,FAIL,binary_or_4tier,2026-07-24T11:48:47,FAIL,FAIL
G2,B5,p3_char_0119_仓,仓,119,4,rare,character,1,False,FAIL,binary_or_4tier,2026-07-24T11:48:47,FAIL,FAIL
G1,B5,p3_char_0119_仓,仓,119,4,rare,character,1,False,FAIL,binary_or_4tier,2026-07-24T11:48:48,FAIL,FAIL
G4,B5,p3_char_0119_仓,仓,119,4,rare,character,1,False,FAIL,binary_or_4tier,2026-07-24T11:48:49,FAIL,FAIL
G4,B5,p3_char_0120_气,气,120,4,common,character,1,False,FAIL,binary_or_4tier,2026-07-24T11:48:52,FAIL,FAIL
G3,B5,p3_char_0120_气,气,120,4,common,character,1,False,FAIL,binary_or_4tier,2026-07-24T11:48:52,FAIL,FAIL
G1,B5,p3_char_0120_气,气,120,4,common,character,1,False,FAIL,binary_or_4tier,2026-07-24T11:48:53,FAIL,FAIL
G2,B5,p3_char_0120_气,气,120,4,common,character,1,False,FAIL,binary_or_4tier,2026-07-24T11:48:53,FAIL,FAIL
G1,B5,p3_char_0121_內,內,121,4,rare,character,1,False,FAIL,binary_or_4tier,2026-07-24T11:48:54,FAIL,FAIL
G4,B5,p3_char_0121_內,內,121,4,rare,character,1,False,FAIL,binary_or_4tier,2026-07-24T11:48:55,FAIL,FAIL
G3,B5,p3_char_0121_內,內,121,4,rare,character,1,False,FAIL,binary_or_4tier,2026-07-24T11:48:55,FAIL,FAIL
G2,B5,p3_char_0121_內,內,121,4,rare,character,1,False,FAIL,binary_or_4tier,2026-07-24T11:48:56,FAIL,FAIL
G2,B5,p3_char_0122_五,五,122,4,common,character,1,False,FAIL,binary_or_4tier,2026-07-24T11:48:57,FAIL,FAIL
G4,B5,p3_char_0122_五,五,122,4,common,character,1,False,FAIL,binary_or_4tier,2026-07-24T11:48:58,FAIL,FAIL
G1,B5,p3_char_0122_五,五,122,4,common,character,1,False,FAIL,binary_or_4tier,2026-07-24T11:48:58,FAIL,FAIL
G3,B5,p3_char_0122_五,五,122,4,common,character,1,False,FAIL,binary_or_4tier,2026-07-24T11:48:59,FAIL,FAIL
G3,B5,p3_char_0123_兮,兮,123,4,rare,character,1,False,FAIL,binary_or_4tier,2026-07-24T11:49:00,FAIL,FAIL
G2,B5,p3_char_0123_兮,兮,123,4,rare,character,1,False,FAIL,binary_or_4tier,2026-07-24T11:49:00,FAIL,FAIL
G4,B5,p3_char_0123_兮,兮,123,4,rare,character,1,False,FAIL,binary_or_4tier,2026-07-24T11:49:01,FAIL,FAIL
G1,B5,p3_char_0123_兮,兮,123,4,rare,character,1,False,FAIL,binary_or_4tier,2026-07-24T11:49:01,FAIL,FAIL
G2,B5,p3_char_0124_文,文,124,4,common,character,1,False,PASS,binary_or_4tier,2026-07-24T11:49:02,PASS,PASS
G3,B5,p3_char_0124_文,文,124,4,common,character,1,False,PASS,binary_or_4tier,2026-07-24T11:49:03,PASS,PASS
G1,B5,p3_char_0124_文,文,124,4,common,character,1,False,PASS,binary_or_4tier,2026-07-24T11:49:04,PASS,PASS
G4,B5,p3_char_0124_文,文,124,4,common,character,1,False,PASS,binary_or_4tier,2026-07-24T11:49:04,PASS,PASS
G3,B5,p3_char_0125_円,円,125,4,rare,character,1,False,FAIL,binary_or_4tier,2026-07-24T11:49:05,FAIL,FAIL
G4,B5,p3_char_0125_円,円,125,4,rare,character,1,False,FAIL,binary_or_4tier,2026-07-24T11:49:06,FAIL,FAIL
G2,B5,p3_char_0125_円,円,125,4,rare,character,1,False,FAIL,binary_or_4tier,2026-07-24T11:49:07,FAIL,FAIL
G1,B5,p3_char_0125_円,円,125,4,rare,character,1,False,FAIL,binary_or_4tier,2026-07-24T11:49:08,FAIL,FAIL
G1,B5,p3_char_0126_长,长,126,4,common,character,1,False,FAIL,binary_or_4tier,2026-07-24T11:49:10,FAIL,FAIL
G4,B5,p3_char_0126_长,长,126,4,common,character,1,False,PASS,binary_or_4tier,2026-07-24T11:49:10,PASS,PASS
G3,B5,p3_char_0126_长,长,126,4,common,character,1,False,FAIL,binary_or_4tier,2026-07-24T11:49:11,FAIL,FAIL
G2,B5,p3_char_0126_长,长,126,4,common,character,1,False,FAIL,binary_or_4tier,2026-07-24T11:49:11,FAIL,FAIL
G1,B5,p3_char_0127_冈,冈,127,4,rare,character,1,False,PASS,binary_or_4tier,2026-07-24T11:49:12,PASS,PASS
G4,B5,p3_char_0127_冈,冈,127,4,rare,character,1,False,PASS,binary_or_4tier,2026-07-24T11:49:13,PASS,PASS
G2,B5,p3_char_0127_冈,冈,127,4,rare,character,1,False,PASS,binary_or_4tier,2026-07-24T11:49:13,PASS,PASS
G3,B5,p3_char_0127_冈,冈,127,4,rare,character,1,False,PASS,binary_or_4tier,2026-07-24T11:49:13,PASS,PASS
G2,B5,p3_char_0128_太,太,128,4,common,character,1,False,PASS,binary_or_4tier,2026-07-24T11:49:16,PASS,PASS
G1,B5,p3_char_0128_太,太,128,4,common,character,1,False,PASS,binary_or_4tier,2026-07-24T11:49:16,PASS,PASS
G3,B5,p3_char_0128_太,太,128,4,common,character,1,False,PASS,binary_or_4tier,2026-07-24T11:49:16,PASS,PASS
G4,B5,p3_char_0128_太,太,128,4,common,character,1,False,PASS,binary_or_4tier,2026-07-24T11:49:17,PASS,PASS
G3,B5,p3_char_0129_龶,龶,129,4,rare,character,1,False,PASS,binary_or_4tier,2026-07-24T11:49:20,PASS,PASS
G2,B5,p3_char_0129_龶,龶,129,4,rare,character,1,False,PASS,binary_or_4tier,2026-07-24T11:49:21,PASS,PASS
G4,B5,p3_char_0129_龶,龶,129,4,rare,character,1,False,PASS,binary_or_4tier,2026-07-24T11:49:21,PASS,PASS
G1,B5,p3_char_0129_龶,龶,129,4,rare,character,1,False,PASS,binary_or_4tier,2026-07-24T11:49:22,PASS,PASS
G1,B5,p3_char_0130_切,切,130,4,common,character,1,False,PASS,binary_or_4tier,2026-07-24T11:49:23,PASS,PASS
G4,B5,p3_char_0130_切,切,130,4,common,character,1,False,FAIL,binary_or_4tier,2026-07-24T11:49:39,FAIL,FAIL
G3,B5,p3_char_0130_切,切,130,4,common,character,1,False,FAIL,binary_or_4tier,2026-07-24T11:49:39,FAIL,FAIL
G2,B5,p3_char_0130_切,切,130,4,common,character,1,False,FAIL,binary_or_4tier,2026-07-24T11:49:45,FAIL,FAIL
G4,B5,p3_char_0131_冗,冗,131,4,rare,character,1,False,PASS,binary_or_4tier,2026-07-24T11:49:47,PASS,PASS
G2,B5,p3_char_0131_冗,冗,131,4,rare,character,1,False,FAIL,binary_or_4tier,2026-07-24T11:49:48,FAIL,FAIL
G1,B5,p3_char_0131_冗,冗,131,4,rare,character,1,False,FAIL,binary_or_4tier,2026-07-24T11:49:48,FAIL,FAIL
G3,B5,p3_char_0131_冗,冗,131,4,rare,character,1,False,FAIL,binary_or_4tier,2026-07-24T11:49:53,FAIL,FAIL
G3,B5,p3_char_0132_内,内,132,4,common,character,1,False,FAIL,binary_or_4tier,2026-07-24T11:49:54,FAIL,FAIL
G2,B5,p3_char_0132_内,内,132,4,common,character,1,False,FAIL,binary_or_4tier,2026-07-24T11:49:54,FAIL,FAIL
G1,B5,p3_char_0132_内,内,132,4,common,character,1,False,FAIL,binary_or_4tier,2026-07-24T11:49:54,FAIL,FAIL
G4,B5,p3_char_0132_内,内,132,4,common,character,1,False,FAIL,binary_or_4tier,2026-07-24T11:49:55,FAIL,FAIL
G2,B5,p3_char_0133_冘,冘,133,4,rare,character,1,False,FAIL,binary_or_4tier,2026-07-24T11:49:56,FAIL,FAIL
G3,B5,p3_char_0133_冘,冘,133,4,rare,character,1,False,FAIL,binary_or_4tier,2026-07-24T11:49:57,FAIL,FAIL
G1,B5,p3_char_0133_冘,冘,133,4,rare,character,1,False,FAIL,binary_or_4tier,2026-07-24T11:49:58,FAIL,FAIL
G4,B5,p3_char_0133_冘,冘,133,4,rare,character,1,False,FAIL,binary_or_4tier,2026-07-24T11:49:58,FAIL,FAIL
G2,B5,p2_radical_058_马__retry_2__G2,马__retry_2__G2,,3,radical,radical,1,False,FAIL,binary_or_4tier,2026-07-24T11:50:00,FAIL,FAIL
G2,B5,p2_radical_042_巛__retry_2__G2,巛__retry_2__G2,,3,radical,radical,1,False,FAIL,binary_or_4tier,2026-07-24T11:50:02,FAIL,FAIL
G2,B5,p2_radical_093_方__retry_2__G2,方__retry_2__G2,,4,radical,radical,1,False,FAIL,binary_or_4tier,2026-07-24T11:50:03,FAIL,FAIL
G2,B5,p2_radical_099_旡__retry_2__G2,旡__retry_2__G2,,4,radical,radical,1,False,FAIL,binary_or_4tier,2026-07-24T11:50:04,FAIL,FAIL
G2,B5,p2_radical_100_见__retry_2__G2,见__retry_2__G2,,4,radical,radical,1,False,FAIL,binary_or_4tier,2026-07-24T11:50:05,FAIL,FAIL
G2,B5,p2_radical_088_长__retry_2__G2,长__retry_2__G2,,4,radical,radical,1,False,FAIL,binary_or_4tier,2026-07-24T11:50:06,FAIL,FAIL
G2,B5,p2_radical_094_风__retry_2__G2,风__retry_2__G2,,4,radical,radical,1,False,FAIL,binary_or_4tier,2026-07-24T11:50:07,FAIL,FAIL
G2,B5,p2_radical_080_尢__retry_2__G2,尢__retry_2__G2,,3,radical,radical,1,False,FAIL,binary_or_4tier,2026-07-24T11:50:08,FAIL,FAIL
G2,B5,p2_radical_081_夂__retry_2__G2,夂__retry_2__G2,,3,radical,radical,1,False,FAIL,binary_or_4tier,2026-07-24T11:50:11,FAIL,FAIL
G2,B5,p2_radical_067_士__retry_2__G2,士__retry_2__G2,,3,radical,radical,1,False,PASS,binary_or_4tier,2026-07-24T11:50:11,PASS,PASS
G2,B5,p2_radical_089_车__retry_2__G2,车__retry_2__G2,,4,radical,radical,1,False,FAIL,binary_or_4tier,2026-07-24T11:50:12,FAIL,FAIL
G2,B5,p2_radical_106_牛__retry_2__G2,牛__retry_2__G2,,4,radical,radical,1,False,FAIL,binary_or_4tier,2026-07-24T11:50:15,FAIL,FAIL
G2,B5,p2_radical_109_攴__retry_2__G2,攴__retry_2__G2,,4,radical,radical,1,False,PASS,binary_or_4tier,2026-07-24T11:50:16,PASS,PASS
G3,B5,p2_radical_028_人__retry_4__G3,人__retry_4__G3,,2,radical,radical,1,False,FAIL,binary_or_4tier,2026-07-24T11:50:17,FAIL,FAIL
G3,B5,p2_radical_030_入__retry_4__G3,入__retry_4__G3,,2,radical,radical,1,False,FAIL,binary_or_4tier,2026-07-24T11:50:18,FAIL,FAIL
G3,B5,p2_radical_046_大__retry_4__G3,大__retry_4__G3,,3,radical,radical,1,False,FAIL,binary_or_4tier,2026-07-24T11:50:22,FAIL,FAIL
G3,B5,p2_radical_098_火__retry_2__G3,火__retry_2__G3,,4,radical,radical,1,False,FAIL,binary_or_4tier,2026-07-24T11:50:23,FAIL,FAIL
G3,B5,p2_radical_021_丷__retry_4__G3,丷__retry_4__G3,,2,radical,radical,1,False,PASS,binary_or_4tier,2026-07-24T11:50:24,PASS,PASS
G3,B5,p2_radical_077_忄__retry_2__G3,忄__retry_2__G3,,3,radical,radical,1,False,FAIL,binary_or_4tier,2026-07-24T11:50:27,FAIL,FAIL
G3,B5,p2_radical_100_见__retry_2__G3,见__retry_2__G3,,4,radical,radical,1,False,FAIL,binary_or_4tier,2026-07-24T11:50:28,FAIL,FAIL
G3,B5,p2_radical_088_长__retry_2__G3,长__retry_2__G3,,4,radical,radical,1,False,FAIL,binary_or_4tier,2026-07-24T11:50:29,FAIL,FAIL
G3,B5,p2_radical_040_屮__retry_1__G3,屮__retry_1__G3,,3,radical,radical,1,False,FAIL,binary_or_4tier,2026-07-24T11:50:30,FAIL,FAIL
G3,B5,p2_radical_058_马__retry_2__G3,马__retry_2__G3,,3,radical,radical,1,False,FAIL,binary_or_4tier,2026-07-24T11:50:31,FAIL,FAIL
G3,B5,p2_radical_042_巛__retry_1__G3,巛__retry_1__G3,,3,radical,radical,1,False,FAIL,binary_or_4tier,2026-07-24T11:50:33,FAIL,FAIL
G3,B5,p2_radical_079_弋__retry_1__G3,弋__retry_1__G3,,3,radical,radical,1,False,FAIL,binary_or_4tier,2026-07-24T11:50:34,FAIL,FAIL
G3,B5,p2_radical_093_方__retry_2__G3,方__retry_2__G3,,4,radical,radical,1,False,FAIL,binary_or_4tier,2026-07-24T11:50:36,FAIL,FAIL
G3,B5,p2_radical_135_无__retry_1__G3,无__retry_1__G3,,4,radical,radical,1,False,FAIL,binary_or_4tier,2026-07-24T11:50:38,FAIL,FAIL
G3,B5,p2_radical_111_气__retry_1__G3,气__retry_1__G3,,4,radical,radical,1,False,FAIL,binary_or_4tier,2026-07-24T11:50:38,FAIL,FAIL
G3,B5,p2_radical_015_刀__retry_3__G3,刀__retry_3__G3,,2,radical,radical,1,False,FAIL,binary_or_4tier,2026-07-24T11:50:39,FAIL,FAIL
G3,B5,p2_radical_083_丬__retry_2__G3,丬__retry_2__G3,,3,radical,radical,1,False,FAIL,binary_or_4tier,2026-07-24T11:50:41,FAIL,FAIL
G4,B5,p2_radical_058_马__retry_2__G4,马__retry_2__G4,,3,radical,radical,1,False,FAIL,binary_or_4tier,2026-07-24T11:50:42,FAIL,FAIL
G4,B5,p2_radical_100_见__retry_2__G4,见__retry_2__G4,,4,radical,radical,1,False,FAIL,binary_or_4tier,2026-07-24T11:50:43,FAIL,FAIL
G4,B5,p2_radical_088_长__retry_2__G4,长__retry_2__G4,,4,radical,radical,1,False,FAIL,binary_or_4tier,2026-07-24T11:50:43,FAIL,FAIL
G4,B5,p2_radical_093_方__retry_2__G4,方__retry_2__G4,,4,radical,radical,1,False,FAIL,binary_or_4tier,2026-07-24T11:50:44,FAIL,FAIL
G4,B5,p2_radical_135_无__retry_1__G4,无__retry_1__G4,,4,radical,radical,1,False,FAIL,binary_or_4tier,2026-07-24T11:50:44,FAIL,FAIL
G4,B5,p2_radical_111_气__retry_1__G4,气__retry_1__G4,,4,radical,radical,1,False,FAIL,binary_or_4tier,2026-07-24T11:50:45,FAIL,FAIL
G4,B5,p2_radical_124_文__retry_1__G4,文__retry_1__G4,,4,radical,radical,1,False,FAIL,binary_or_4tier,2026-07-24T11:50:47,FAIL,FAIL
G4,B5,p2_radical_024_冂__retry_2__G4,冂__retry_2__G4,,2,radical,radical,1,False,FAIL,binary_or_4tier,2026-07-24T11:50:48,FAIL,FAIL
G4,B5,p2_radical_003_丿__retry_3__G4,丿__retry_3__G4,,1,radical,radical,1,False,FAIL,binary_or_4tier,2026-07-24T11:50:48,FAIL,FAIL
G4,B5,p2_radical_015_刀__retry_2__G4,刀__retry_2__G4,,2,radical,radical,1,False,FAIL,binary_or_4tier,2026-07-24T11:50:50,FAIL,FAIL
G4,B5,p2_radical_050_弓__retry_2__G4,弓__retry_2__G4,,3,radical,radical,1,False,FAIL,binary_or_4tier,2026-07-24T11:50:51,FAIL,FAIL
G4,B6,p3_char_0134_化,化,134,4,common,character,1,False,PASS,binary_or_4tier,2026-07-26T13:47:40,PASS,PASS
G3,B6,p3_char_0134_化,化,134,4,common,character,1,False,FAIL,binary_or_4tier,2026-07-26T13:47:43,FAIL,FAIL
G2,B6,p3_char_0134_化,化,134,4,common,character,1,False,FAIL,binary_or_4tier,2026-07-26T13:47:43,FAIL,FAIL
G1,B6,p3_char_0134_化,化,134,4,common,character,1,False,FAIL,binary_or_4tier,2026-07-26T13:47:48,FAIL,FAIL
G4,B6,p3_char_0135_刅,刅,135,4,rare,character,1,False,FAIL,binary_or_4tier,2026-07-26T13:47:49,FAIL,FAIL
G2,B6,p3_char_0135_刅,刅,135,4,rare,character,1,False,FAIL,binary_or_4tier,2026-07-26T13:47:51,FAIL,FAIL
G1,B6,p3_char_0135_刅,刅,135,4,rare,character,1,False,FAIL,binary_or_4tier,2026-07-26T13:47:51,FAIL,FAIL
G3,B6,p3_char_0135_刅,刅,135,4,rare,character,1,False,FAIL,binary_or_4tier,2026-07-26T13:47:52,FAIL,FAIL
G3,B6,p3_char_0136_比,比,136,4,common,character,1,False,PASS,binary_or_4tier,2026-07-26T13:48:00,PASS,PASS
G1,B6,p3_char_0136_比,比,136,4,common,character,1,False,FAIL,binary_or_4tier,2026-07-26T13:48:00,FAIL,FAIL
G2,B6,p3_char_0136_比,比,136,4,common,character,1,False,FAIL,binary_or_4tier,2026-07-26T13:48:01,FAIL,FAIL
G4,B6,p3_char_0136_比,比,136,4,common,character,1,False,FAIL,binary_or_4tier,2026-07-26T13:48:02,FAIL,FAIL
G1,B6,p3_char_0137_刈,刈,137,4,rare,character,1,False,PASS,binary_or_4tier,2026-07-26T13:48:04,PASS,PASS
G4,B6,p3_char_0137_刈,刈,137,4,rare,character,1,False,PASS,binary_or_4tier,2026-07-26T13:48:05,PASS,PASS
G3,B6,p3_char_0137_刈,刈,137,4,rare,character,1,False,PASS,binary_or_4tier,2026-07-26T13:48:05,PASS,PASS
G2,B6,p3_char_0137_刈,刈,137,4,rare,character,1,False,PASS,binary_or_4tier,2026-07-26T13:48:06,PASS,PASS
G4,B6,p3_char_0138_水,水,138,4,common,character,1,False,FAIL,binary_or_4tier,2026-07-26T13:48:07,FAIL,FAIL
G3,B6,p3_char_0138_水,水,138,4,common,character,1,False,FAIL,binary_or_4tier,2026-07-26T13:48:07,FAIL,FAIL
G2,B6,p3_char_0138_水,水,138,4,common,character,1,False,FAIL,binary_or_4tier,2026-07-26T13:48:08,FAIL,FAIL
G1,B6,p3_char_0138_水,水,138,4,common,character,1,False,FAIL,binary_or_4tier,2026-07-26T13:48:09,FAIL,FAIL
G4,B6,p3_char_0139_礻,礻,139,4,rare,character,1,False,FAIL,binary_or_4tier,2026-07-26T13:48:10,FAIL,FAIL
G2,B6,p3_char_0139_礻,礻,139,4,rare,character,1,False,PASS,binary_or_4tier,2026-07-26T13:48:11,PASS,PASS
G1,B6,p3_char_0139_礻,礻,139,4,rare,character,1,False,FAIL,binary_or_4tier,2026-07-26T13:48:13,FAIL,FAIL
G3,B6,p3_char_0139_礻,礻,139,4,rare,character,1,False,PASS,binary_or_4tier,2026-07-26T13:48:13,PASS,PASS
G3,B6,p3_char_0140_反,反,140,4,common,character,1,False,FAIL,binary_or_4tier,2026-07-26T13:48:18,FAIL,FAIL
G4,B6,p3_char_0140_反,反,140,4,common,character,1,False,FAIL,binary_or_4tier,2026-07-26T13:48:18,FAIL,FAIL
G2,B6,p3_char_0140_反,反,140,4,common,character,1,False,FAIL,binary_or_4tier,2026-07-26T13:48:19,FAIL,FAIL
G1,B6,p3_char_0140_反,反,140,4,common,character,1,False,FAIL,binary_or_4tier,2026-07-26T13:48:20,FAIL,FAIL
G2,B6,p3_char_0141_办,办,141,4,rare,character,1,False,PASS,binary_or_4tier,2026-07-26T13:48:27,PASS,PASS
G3,B6,p3_char_0141_办,办,141,4,rare,character,1,False,PASS,binary_or_4tier,2026-07-26T13:48:28,PASS,PASS
G1,B6,p3_char_0141_办,办,141,4,rare,character,1,False,FAIL,binary_or_4tier,2026-07-26T13:48:28,FAIL,FAIL
G4,B6,p3_char_0141_办,办,141,4,rare,character,1,False,FAIL,binary_or_4tier,2026-07-26T13:48:29,FAIL,FAIL
G3,B6,p3_char_0142_区,区,142,4,common,character,1,False,PASS,binary_or_4tier,2026-07-26T13:48:29,PASS,PASS
G4,B6,p3_char_0142_区,区,142,4,common,character,1,False,FAIL,binary_or_4tier,2026-07-26T13:48:32,FAIL,FAIL
G1,B6,p3_char_0142_区,区,142,4,common,character,1,False,PASS,binary_or_4tier,2026-07-26T13:48:33,PASS,PASS
G2,B6,p3_char_0142_区,区,142,4,common,character,1,False,PASS,binary_or_4tier,2026-07-26T13:48:33,PASS,PASS
G1,B6,p3_char_0143_勻,勻,143,4,rare,character,1,False,PASS,binary_or_4tier,2026-07-26T13:48:35,PASS,PASS
G2,B6,p3_char_0143_勻,勻,143,4,rare,character,1,False,PASS,binary_or_4tier,2026-07-26T13:48:35,PASS,PASS
G3,B6,p3_char_0143_勻,勻,143,4,rare,character,1,False,PASS,binary_or_4tier,2026-07-26T13:48:36,PASS,PASS
G4,B6,p3_char_0143_勻,勻,143,4,rare,character,1,False,FAIL,binary_or_4tier,2026-07-26T13:48:36,FAIL,FAIL
G1,B6,p3_char_0144_风,风,144,4,common,character,1,False,FAIL,binary_or_4tier,2026-07-26T13:48:38,FAIL,FAIL
G4,B6,p3_char_0144_风,风,144,4,common,character,1,False,FAIL,binary_or_4tier,2026-07-26T13:48:39,FAIL,FAIL
G3,B6,p3_char_0144_风,风,144,4,common,character,1,False,PASS,binary_or_4tier,2026-07-26T13:48:40,PASS,PASS
G2,B6,p3_char_0144_风,风,144,4,common,character,1,False,FAIL,binary_or_4tier,2026-07-26T13:48:43,FAIL,FAIL
G2,B6,p3_char_0145_勿,勿,145,4,rare,character,1,False,PASS,binary_or_4tier,2026-07-26T13:48:44,PASS,PASS
G3,B6,p3_char_0145_勿,勿,145,4,rare,character,1,False,PASS,binary_or_4tier,2026-07-26T13:48:44,PASS,PASS
G4,B6,p3_char_0145_勿,勿,145,4,rare,character,1,False,PASS,binary_or_4tier,2026-07-26T13:48:48,PASS,PASS
G1,B6,p3_char_0145_勿,勿,145,4,rare,character,1,False,FAIL,binary_or_4tier,2026-07-26T13:48:49,FAIL,FAIL
G3,B6,p3_char_0146_队,队,146,4,common,character,1,False,FAIL,binary_or_4tier,2026-07-26T13:48:50,FAIL,FAIL
G2,B6,p3_char_0146_队,队,146,4,common,character,1,False,FAIL,binary_or_4tier,2026-07-26T13:48:50,FAIL,FAIL
G1,B6,p3_char_0146_队,队,146,4,common,character,1,False,FAIL,binary_or_4tier,2026-07-26T13:48:51,FAIL,FAIL
G4,B6,p3_char_0146_队,队,146,4,common,character,1,False,FAIL,binary_or_4tier,2026-07-26T13:48:52,FAIL,FAIL
G4,B6,p3_char_0147_卅,卅,147,4,rare,character,1,False,PASS,binary_or_4tier,2026-07-26T13:49:00,PASS,PASS
G2,B6,p3_char_0147_卅,卅,147,4,rare,character,1,False,PASS,binary_or_4tier,2026-07-26T13:49:00,PASS,PASS
G1,B6,p3_char_0147_卅,卅,147,4,rare,character,1,False,PASS,binary_or_4tier,2026-07-26T13:49:01,PASS,PASS
G3,B6,p3_char_0147_卅,卅,147,4,rare,character,1,False,PASS,binary_or_4tier,2026-07-26T13:49:01,PASS,PASS
G3,B6,p3_char_0148_书,书,148,4,common,character,1,False,FAIL,binary_or_4tier,2026-07-26T13:49:02,FAIL,FAIL
G2,B6,p3_char_0148_书,书,148,4,common,character,1,False,FAIL,binary_or_4tier,2026-07-26T13:49:02,FAIL,FAIL
G4,B6,p3_char_0148_书,书,148,4,common,character,1,False,FAIL,binary_or_4tier,2026-07-26T13:49:03,FAIL,FAIL
G1,B6,p3_char_0148_书,书,148,4,common,character,1,False,FAIL,binary_or_4tier,2026-07-26T13:49:13,FAIL,FAIL
G4,B6,p3_char_0149_升,升,149,4,rare,character,1,False,PASS,binary_or_4tier,2026-07-26T13:49:15,PASS,PASS
G2,B6,p3_char_0149_升,升,149,4,rare,character,1,False,PASS,binary_or_4tier,2026-07-26T13:49:21,PASS,PASS
G1,B6,p3_char_0149_升,升,149,4,rare,character,1,False,FAIL,binary_or_4tier,2026-07-26T13:49:22,FAIL,FAIL
G3,B6,p3_char_0149_升,升,149,4,rare,character,1,False,FAIL,binary_or_4tier,2026-07-26T13:49:23,FAIL,FAIL
G4,B6,p3_char_0150_引,引,150,4,common,character,1,False,FAIL,binary_or_4tier,2026-07-26T13:49:23,FAIL,FAIL
G2,B6,p3_char_0150_引,引,150,4,common,character,1,False,FAIL,binary_or_4tier,2026-07-26T13:49:25,FAIL,FAIL
G1,B6,p3_char_0150_引,引,150,4,common,character,1,False,FAIL,binary_or_4tier,2026-07-26T13:49:25,FAIL,FAIL
G3,B6,p3_char_0150_引,引,150,4,common,character,1,False,FAIL,binary_or_4tier,2026-07-26T13:49:26,FAIL,FAIL
G3,B6,p3_char_0151_卞,卞,151,4,rare,character,1,False,PASS,binary_or_4tier,2026-07-26T13:49:27,PASS,PASS
G1,B6,p3_char_0151_卞,卞,151,4,rare,character,1,False,PASS,binary_or_4tier,2026-07-26T13:49:28,PASS,PASS
G4,B6,p3_char_0151_卞,卞,151,4,rare,character,1,False,PASS,binary_or_4tier,2026-07-26T13:49:28,PASS,PASS
G2,B6,p3_char_0151_卞,卞,151,4,rare,character,1,False,PASS,binary_or_4tier,2026-07-26T13:49:29,PASS,PASS
G1,B6,p3_char_0152_元,元,152,4,common,character,1,False,PASS,binary_or_4tier,2026-07-26T13:49:35,PASS,PASS
G2,B6,p3_char_0152_元,元,152,4,common,character,1,False,PASS,binary_or_4tier,2026-07-26T13:49:35,PASS,PASS
G3,B6,p3_char_0152_元,元,152,4,common,character,1,False,PASS,binary_or_4tier,2026-07-26T13:49:35,PASS,PASS
G4,B6,p3_char_0152_元,元,152,4,common,character,1,False,PASS,binary_or_4tier,2026-07-26T13:49:36,PASS,PASS
G2,B6,p3_char_0153_卬,卬,153,4,rare,character,1,False,FAIL,binary_or_4tier,2026-07-26T13:49:41,FAIL,FAIL
G3,B6,p3_char_0153_卬,卬,153,4,rare,character,1,False,PASS,binary_or_4tier,2026-07-26T13:49:42,PASS,PASS
G4,B6,p3_char_0153_卬,卬,153,4,rare,character,1,False,FAIL,binary_or_4tier,2026-07-26T13:49:43,FAIL,FAIL
G1,B6,p3_char_0153_卬,卬,153,4,rare,character,1,False,FAIL,binary_or_4tier,2026-07-26T13:49:44,FAIL,FAIL
G3,B6,p3_char_0154_他,他,154,5,common,character,1,False,FAIL,binary_or_4tier,2026-07-26T13:49:45,FAIL,FAIL
G4,B6,p3_char_0154_他,他,154,5,common,character,1,False,PASS,binary_or_4tier,2026-07-26T13:49:50,PASS,PASS
G2,B6,p3_char_0154_他,他,154,5,common,character,1,False,FAIL,binary_or_4tier,2026-07-26T13:49:51,FAIL,FAIL
G1,B6,p3_char_0154_他,他,154,5,common,character,1,False,FAIL,binary_or_4tier,2026-07-26T13:49:51,FAIL,FAIL
G2,B6,p3_char_0155_必,必,155,5,rare,character,1,False,FAIL,binary_or_4tier,2026-07-26T13:49:53,FAIL,FAIL
G4,B6,p3_char_0155_必,必,155,5,rare,character,1,False,FAIL,binary_or_4tier,2026-07-26T13:49:55,FAIL,FAIL
G3,B6,p3_char_0155_必,必,155,5,rare,character,1,False,FAIL,binary_or_4tier,2026-07-26T13:49:56,FAIL,FAIL
G1,B6,p3_char_0155_必,必,155,5,rare,character,1,False,FAIL,binary_or_4tier,2026-07-26T13:49:57,FAIL,FAIL
G4,B6,p3_char_0156_们,们,156,5,common,character,1,False,FAIL,binary_or_4tier,2026-07-26T13:49:58,FAIL,FAIL
G1,B6,p3_char_0156_们,们,156,5,common,character,1,False,FAIL,binary_or_4tier,2026-07-26T13:49:59,FAIL,FAIL
G2,B6,p3_char_0156_们,们,156,5,common,character,1,False,PASS,binary_or_4tier,2026-07-26T13:50:01,PASS,PASS
G3,B6,p3_char_0156_们,们,156,5,common,character,1,False,PASS,binary_or_4tier,2026-07-26T13:50:04,PASS,PASS
G3,B6,p3_char_0157_甲,甲,157,5,rare,character,1,False,PASS,binary_or_4tier,2026-07-26T13:50:05,PASS,PASS
G4,B6,p3_char_0157_甲,甲,157,5,rare,character,1,False,PASS,binary_or_4tier,2026-07-26T13:50:05,PASS,PASS
G2,B6,p3_char_0157_甲,甲,157,5,rare,character,1,False,PASS,binary_or_4tier,2026-07-26T13:50:06,PASS,PASS
G1,B6,p3_char_0157_甲,甲,157,5,rare,character,1,False,PASS,binary_or_4tier,2026-07-26T13:50:06,PASS,PASS
G1,B6,p3_char_0158_出,出,158,5,common,character,1,False,FAIL,binary_or_4tier,2026-07-26T13:50:11,FAIL,FAIL
G4,B6,p3_char_0158_出,出,158,5,common,character,1,False,FAIL,binary_or_4tier,2026-07-26T13:50:12,FAIL,FAIL
G3,B6,p3_char_0158_出,出,158,5,common,character,1,False,FAIL,binary_or_4tier,2026-07-26T13:50:12,FAIL,FAIL
G2,B6,p3_char_0158_出,出,158,5,common,character,1,False,FAIL,binary_or_4tier,2026-07-26T13:50:13,FAIL,FAIL
G3,B6,p3_char_0159_申,申,159,5,rare,character,1,False,PASS,binary_or_4tier,2026-07-26T13:50:14,PASS,PASS
G1,B6,p3_char_0159_申,申,159,5,rare,character,1,False,PASS,binary_or_4tier,2026-07-26T13:50:14,PASS,PASS
G4,B6,p3_char_0159_申,申,159,5,rare,character,1,False,PASS,binary_or_4tier,2026-07-26T13:50:15,PASS,PASS
G2,B6,p3_char_0159_申,申,159,5,rare,character,1,False,PASS,binary_or_4tier,2026-07-26T13:50:16,PASS,PASS
G4,B6,p3_char_0160_可,可,160,5,common,character,1,False,PASS,binary_or_4tier,2026-07-26T13:50:17,PASS,PASS
G3,B6,p3_char_0160_可,可,160,5,common,character,1,False,PASS,binary_or_4tier,2026-07-26T13:50:18,PASS,PASS
G2,B6,p3_char_0160_可,可,160,5,common,character,1,False,PASS,binary_or_4tier,2026-07-26T13:50:18,PASS,PASS
G1,B6,p3_char_0160_可,可,160,5,common,character,1,False,FAIL,binary_or_4tier,2026-07-26T13:50:19,FAIL,FAIL
G1,B6,p3_char_0161_甴,甴,161,5,rare,character,1,False,FAIL,binary_or_4tier,2026-07-26T13:50:21,FAIL,FAIL
G3,B6,p3_char_0161_甴,甴,161,5,rare,character,1,False,FAIL,binary_or_4tier,2026-07-26T13:50:21,FAIL,FAIL
G2,B6,p3_char_0161_甴,甴,161,5,rare,character,1,False,FAIL,binary_or_4tier,2026-07-26T13:50:22,FAIL,FAIL
G4,B6,p3_char_0161_甴,甴,161,5,rare,character,1,False,PASS,binary_or_4tier,2026-07-26T13:50:24,PASS,PASS
G3,B6,p3_char_0162_生,生,162,5,common,character,1,False,FAIL,binary_or_4tier,2026-07-26T13:50:49,FAIL,FAIL
G2,B6,p3_char_0162_生,生,162,5,common,character,1,False,FAIL,binary_or_4tier,2026-07-26T13:50:49,FAIL,FAIL
G1,B6,p3_char_0162_生,生,162,5,common,character,1,False,FAIL,binary_or_4tier,2026-07-26T13:50:50,FAIL,FAIL
G4,B6,p3_char_0162_生,生,162,5,common,character,1,False,PASS,binary_or_4tier,2026-07-26T13:50:51,PASS,PASS
G2,B6,p3_char_0163_丱,丱,163,5,rare,character,1,False,FAIL,binary_or_4tier,2026-07-26T13:50:52,FAIL,FAIL
G4,B6,p3_char_0163_丱,丱,163,5,rare,character,1,False,FAIL,binary_or_4tier,2026-07-26T13:50:53,FAIL,FAIL
G3,B6,p3_char_0163_丱,丱,163,5,rare,character,1,False,FAIL,binary_or_4tier,2026-07-26T13:50:53,FAIL,FAIL
G1,B6,p3_char_0163_丱,丱,163,5,rare,character,1,False,FAIL,binary_or_4tier,2026-07-26T13:50:55,FAIL,FAIL
G1,B6,p3_char_0164_对,对,164,5,common,character,1,False,FAIL,binary_or_4tier,2026-07-26T13:50:56,FAIL,FAIL
G2,B6,p3_char_0164_对,对,164,5,common,character,1,False,PASS,binary_or_4tier,2026-07-26T13:50:57,PASS,PASS
G3,B6,p3_char_0164_对,对,164,5,common,character,1,False,PASS,binary_or_4tier,2026-07-26T13:50:58,PASS,PASS
G4,B6,p3_char_0164_对,对,164,5,common,character,1,False,FAIL,binary_or_4tier,2026-07-26T13:50:59,FAIL,FAIL
G2,B6,p3_char_0165_乍,乍,165,5,rare,character,1,False,PASS,binary_or_4tier,2026-07-26T13:51:05,PASS,PASS
G1,B6,p3_char_0165_乍,乍,165,5,rare,character,1,False,PASS,binary_or_4tier,2026-07-26T13:51:06,PASS,PASS
G4,B6,p3_char_0165_乍,乍,165,5,rare,character,1,False,PASS,binary_or_4tier,2026-07-26T13:51:06,PASS,PASS
G3,B6,p3_char_0165_乍,乍,165,5,rare,character,1,False,FAIL,binary_or_4tier,2026-07-26T13:51:07,FAIL,FAIL
G1,B6,p3_char_0166_去,去,166,5,common,character,1,False,FAIL,binary_or_4tier,2026-07-26T13:51:09,FAIL,FAIL
G3,B6,p3_char_0166_去,去,166,5,common,character,1,False,FAIL,binary_or_4tier,2026-07-26T13:51:10,FAIL,FAIL
G4,B6,p3_char_0166_去,去,166,5,common,character,1,False,FAIL,binary_or_4tier,2026-07-26T13:51:11,FAIL,FAIL
G2,B6,p3_char_0166_去,去,166,5,common,character,1,False,FAIL,binary_or_4tier,2026-07-26T13:51:12,FAIL,FAIL
G1,B6,p3_char_0167_乎,乎,167,5,rare,character,1,False,FAIL,binary_or_4tier,2026-07-26T13:51:13,FAIL,FAIL
G4,B6,p3_char_0167_乎,乎,167,5,rare,character,1,False,PASS,binary_or_4tier,2026-07-26T13:51:17,PASS,PASS
G3,B6,p3_char_0167_乎,乎,167,5,rare,character,1,False,FAIL,binary_or_4tier,2026-07-26T13:51:17,FAIL,FAIL
G2,B6,p3_char_0167_乎,乎,167,5,rare,character,1,False,FAIL,binary_or_4tier,2026-07-26T13:51:18,FAIL,FAIL
G2,B6,p3_char_0168_用,用,168,5,common,character,1,False,PASS,binary_or_4tier,2026-07-26T13:51:19,PASS,PASS
G1,B6,p3_char_0168_用,用,168,5,common,character,1,False,PASS,binary_or_4tier,2026-07-26T13:51:20,PASS,PASS
G4,B6,p3_char_0168_用,用,168,5,common,character,1,False,FAIL,binary_or_4tier,2026-07-26T13:51:22,FAIL,FAIL
G3,B6,p3_char_0168_用,用,168,5,common,character,1,False,PASS,binary_or_4tier,2026-07-26T13:51:22,PASS,PASS
G2,B6,p3_char_0169_疋,疋,169,5,rare,character,1,False,FAIL,binary_or_4tier,2026-07-26T13:51:23,FAIL,FAIL
G3,B6,p3_char_0169_疋,疋,169,5,rare,character,1,False,FAIL,binary_or_4tier,2026-07-26T13:51:24,FAIL,FAIL
G4,B6,p3_char_0169_疋,疋,169,5,rare,character,1,False,FAIL,binary_or_4tier,2026-07-26T13:51:25,FAIL,FAIL
G1,B6,p3_char_0169_疋,疋,169,5,rare,character,1,False,FAIL,binary_or_4tier,2026-07-26T13:51:25,FAIL,FAIL
G2,B6,p3_char_0170_发,发,170,5,common,character,1,False,FAIL,binary_or_4tier,2026-07-26T13:51:26,FAIL,FAIL
G4,B6,p3_char_0170_发,发,170,5,common,character,1,False,FAIL,binary_or_4tier,2026-07-26T13:51:27,FAIL,FAIL
G3,B6,p3_char_0170_发,发,170,5,common,character,1,False,FAIL,binary_or_4tier,2026-07-26T13:51:27,FAIL,FAIL
G1,B6,p3_char_0170_发,发,170,5,common,character,1,False,FAIL,binary_or_4tier,2026-07-26T13:51:28,FAIL,FAIL
G1,B6,p3_char_0171_疒,疒,171,5,rare,character,1,False,PASS,binary_or_4tier,2026-07-26T13:51:29,PASS,PASS
G4,B6,p3_char_0171_疒,疒,171,5,rare,character,1,False,PASS,binary_or_4tier,2026-07-26T13:51:32,PASS,PASS
G3,B6,p3_char_0171_疒,疒,171,5,rare,character,1,False,FAIL,binary_or_4tier,2026-07-26T13:51:33,FAIL,FAIL
G2,B6,p3_char_0171_疒,疒,171,5,rare,character,1,False,PASS,binary_or_4tier,2026-07-26T13:51:33,PASS,PASS
G3,B6,p3_char_0172_只,只,172,5,common,character,1,False,PASS,binary_or_4tier,2026-07-26T13:51:34,PASS,PASS
G4,B6,p3_char_0172_只,只,172,5,common,character,1,False,PASS,binary_or_4tier,2026-07-26T13:51:35,PASS,PASS
G2,B6,p3_char_0172_只,只,172,5,common,character,1,False,PASS,binary_or_4tier,2026-07-26T13:51:35,PASS,PASS
G1,B6,p3_char_0172_只,只,172,5,common,character,1,False,PASS,binary_or_4tier,2026-07-26T13:51:36,PASS,PASS
G3,B6,p3_char_0173_仔,仔,173,5,rare,character,1,False,FAIL,binary_or_4tier,2026-07-26T13:51:37,FAIL,FAIL
G2,B6,p3_char_0173_仔,仔,173,5,rare,character,1,False,PASS,binary_or_4tier,2026-07-26T13:51:52,PASS,PASS
G4,B6,p3_char_0173_仔,仔,173,5,rare,character,1,False,PASS,binary_or_4tier,2026-07-26T13:52:00,PASS,PASS
G1,B6,p3_char_0173_仔,仔,173,5,rare,character,1,False,FAIL,binary_or_4tier,2026-07-26T13:52:00,FAIL,FAIL
G3,B6,p3_char_0174_主,主,174,5,common,character,1,False,FAIL,binary_or_4tier,2026-07-26T13:52:02,FAIL,FAIL
G2,B6,p3_char_0174_主,主,174,5,common,character,1,False,PASS,binary_or_4tier,2026-07-26T13:52:03,PASS,PASS
G4,B6,p3_char_0174_主,主,174,5,common,character,1,False,PASS,binary_or_4tier,2026-07-26T13:52:08,PASS,PASS
G1,B6,p3_char_0174_主,主,174,5,common,character,1,False,FAIL,binary_or_4tier,2026-07-26T13:52:08,FAIL,FAIL
G4,B6,p3_char_0175_仕,仕,175,5,rare,character,1,False,PASS,binary_or_4tier,2026-07-26T13:52:09,PASS,PASS
G3,B6,p3_char_0175_仕,仕,175,5,rare,character,1,False,FAIL,binary_or_4tier,2026-07-26T13:52:12,FAIL,FAIL
G2,B6,p3_char_0175_仕,仕,175,5,rare,character,1,False,FAIL,binary_or_4tier,2026-07-26T13:52:13,FAIL,FAIL
G1,B6,p3_char_0175_仕,仕,175,5,rare,character,1,False,FAIL,binary_or_4tier,2026-07-26T13:52:13,FAIL,FAIL
G1,B6,p3_char_0176_平,平,176,5,common,character,1,False,PASS,binary_or_4tier,2026-07-26T13:52:15,PASS,PASS
G2,B6,p3_char_0176_平,平,176,5,common,character,1,False,PASS,binary_or_4tier,2026-07-26T13:52:16,PASS,PASS
G3,B6,p3_char_0176_平,平,176,5,common,character,1,False,FAIL,binary_or_4tier,2026-07-26T13:52:18,FAIL,FAIL
G4,B6,p3_char_0176_平,平,176,5,common,character,1,False,PASS,binary_or_4tier,2026-07-26T13:52:19,PASS,PASS
G2,B6,p3_char_0177_仗,仗,177,5,rare,character,1,False,FAIL,binary_or_4tier,2026-07-26T13:52:24,FAIL,FAIL
G1,B6,p3_char_0177_仗,仗,177,5,rare,character,1,False,FAIL,binary_or_4tier,2026-07-26T13:52:25,FAIL,FAIL
G3,B6,p3_char_0177_仗,仗,177,5,rare,character,1,False,FAIL,binary_or_4tier,2026-07-26T13:52:26,FAIL,FAIL
G4,B6,p3_char_0177_仗,仗,177,5,rare,character,1,False,FAIL,binary_or_4tier,2026-07-26T13:52:26,FAIL,FAIL
G2,B6,p3_char_0178_外,外,178,5,common,character,1,False,PASS,binary_or_4tier,2026-07-26T13:52:28,PASS,PASS
G3,B6,p3_char_0178_外,外,178,5,common,character,1,False,PASS,binary_or_4tier,2026-07-26T13:52:29,PASS,PASS
G1,B6,p3_char_0178_外,外,178,5,common,character,1,False,FAIL,binary_or_4tier,2026-07-26T13:52:34,FAIL,FAIL
G4,B6,p3_char_0178_外,外,178,5,common,character,1,False,PASS,binary_or_4tier,2026-07-26T13:52:35,PASS,PASS
G4,B6,p3_char_0179_付,付,179,5,rare,character,1,False,PASS,binary_or_4tier,2026-07-26T13:52:36,PASS,PASS
G1,B6,p3_char_0179_付,付,179,5,rare,character,1,False,PASS,binary_or_4tier,2026-07-26T13:52:36,PASS,PASS
G3,B6,p3_char_0179_付,付,179,5,rare,character,1,False,PASS,binary_or_4tier,2026-07-26T13:52:36,PASS,PASS
G2,B6,p3_char_0179_付,付,179,5,rare,character,1,False,FAIL,binary_or_4tier,2026-07-26T13:52:37,FAIL,FAIL
G4,B6,p3_char_0180_打,打,180,5,common,character,1,False,PASS,binary_or_4tier,2026-07-26T13:52:39,PASS,PASS
G2,B6,p3_char_0180_打,打,180,5,common,character,1,False,PASS,binary_or_4tier,2026-07-26T13:52:41,PASS,PASS
G1,B6,p3_char_0180_打,打,180,5,common,character,1,False,PASS,binary_or_4tier,2026-07-26T13:52:41,PASS,PASS
G3,B6,p3_char_0180_打,打,180,5,common,character,1,False,PASS,binary_or_4tier,2026-07-26T13:52:42,PASS,PASS
G1,B6,p3_char_0181_仝,仝,181,5,rare,character,1,False,PASS,binary_or_4tier,2026-07-26T13:52:44,PASS,PASS
G2,B6,p3_char_0181_仝,仝,181,5,rare,character,1,False,PASS,binary_or_4tier,2026-07-26T13:52:45,PASS,PASS
G4,B6,p3_char_0181_仝,仝,181,5,rare,character,1,False,PASS,binary_or_4tier,2026-07-26T13:52:54,PASS,PASS
G3,B6,p3_char_0181_仝,仝,181,5,rare,character,1,False,PASS,binary_or_4tier,2026-07-26T13:52:56,PASS,PASS
G2,B6,p3_char_0182_正,正,182,5,common,character,1,False,FAIL,binary_or_4tier,2026-07-26T13:52:57,FAIL,FAIL
G3,B6,p3_char_0182_正,正,182,5,common,character,1,False,FAIL,binary_or_4tier,2026-07-26T13:52:58,FAIL,FAIL
G4,B6,p3_char_0182_正,正,182,5,common,character,1,False,PASS,binary_or_4tier,2026-07-26T13:53:01,PASS,PASS
G1,B6,p3_char_0182_正,正,182,5,common,character,1,False,FAIL,binary_or_4tier,2026-07-26T13:53:01,FAIL,FAIL
G1,B6,p3_char_0183_仞,仞,183,5,rare,character,1,False,FAIL,binary_or_4tier,2026-07-26T13:53:03,FAIL,FAIL
G4,B6,p3_char_0183_仞,仞,183,5,rare,character,1,False,FAIL,binary_or_4tier,2026-07-26T13:53:10,FAIL,FAIL
G2,B6,p3_char_0183_仞,仞,183,5,rare,character,1,False,PASS,binary_or_4tier,2026-07-26T13:53:10,PASS,PASS
G3,B6,p3_char_0183_仞,仞,183,5,rare,character,1,False,FAIL,binary_or_4tier,2026-07-26T13:53:12,FAIL,FAIL
G2,B6,p2_radical_086_比__retry_1__G2,比__retry_1__G2,,4,radical,radical,1,False,FAIL,binary_or_4tier,2026-07-26T13:53:14,FAIL,FAIL
G2,B6,p2_radical_119_水__retry_1__G2,水__retry_1__G2,,4,radical,radical,1,False,FAIL,binary_or_4tier,2026-07-26T13:53:15,FAIL,FAIL
G2,B6,p2_radical_116_礻__retry_1__G2,礻__retry_1__G2,,4,radical,radical,1,False,FAIL,binary_or_4tier,2026-07-26T13:53:18,FAIL,FAIL
G2,B6,p2_radical_050_弓__retry_1__G2,弓__retry_1__G2,,3,radical,radical,1,False,FAIL,binary_or_4tier,2026-07-26T13:53:18,FAIL,FAIL
G2,B6,p2_radical_020_阝__retry_1__G2,阝__retry_1__G2,,2,radical,radical,1,False,FAIL,binary_or_4tier,2026-07-26T13:53:19,FAIL,FAIL
G2,B6,p2_radical_011_匕__retry_4__G2,匕__retry_4__G2,,2,radical,radical,1,False,FAIL,binary_or_4tier,2026-07-26T13:53:20,FAIL,FAIL
G2,B6,p3_char_0033_刀__retry_2__G2,刀__retry_2__G2,33,,,character,1,False,FAIL,binary_or_4tier,2026-07-26T13:53:21,FAIL,FAIL
G2,B6,p3_char_0111_仇__retry_1__G2,仇__retry_1__G2,111,,,character,1,False,FAIL,binary_or_4tier,2026-07-26T13:53:23,FAIL,FAIL
G2,B6,p3_char_0117_仑__retry_1__G2,仑__retry_1__G2,117,,,character,1,False,FAIL,binary_or_4tier,2026-07-26T13:53:26,FAIL,FAIL
G2,B6,p3_char_0011_人__retry_2__G2,人__retry_2__G2,11,,,character,1,False,FAIL,binary_or_4tier,2026-07-26T13:53:29,FAIL,FAIL
G2,B6,p3_char_0132_内__retry_1__G2,内__retry_1__G2,132,,,character,1,False,FAIL,binary_or_4tier,2026-07-26T13:53:31,FAIL,FAIL
G4,B6,p2_radical_086_比__retry_1__G4,比__retry_1__G4,,4,radical,radical,1,False,FAIL,binary_or_4tier,2026-07-26T13:53:32,FAIL,FAIL
G4,B6,p2_radical_094_风__retry_1__G4,风__retry_1__G4,,4,radical,radical,1,False,FAIL,binary_or_4tier,2026-07-26T13:53:33,FAIL,FAIL
G4,B6,p2_radical_116_礻__retry_1__G4,礻__retry_1__G4,,4,radical,radical,1,False,FAIL,binary_or_4tier,2026-07-26T13:53:37,FAIL,FAIL
G4,B6,p2_radical_119_水__retry_1__G4,水__retry_1__G4,,4,radical,radical,1,False,FAIL,binary_or_4tier,2026-07-26T13:53:37,FAIL,FAIL
G4,B6,p2_radical_045_寸__retry_1__G4,寸__retry_1__G4,,3,radical,radical,1,False,FAIL,binary_or_4tier,2026-07-26T13:53:44,FAIL,FAIL
G4,B6,p2_radical_075_夕__retry_1__G4,夕__retry_1__G4,,3,radical,radical,1,False,FAIL,binary_or_4tier,2026-07-26T13:53:45,FAIL,FAIL
G4,B6,p2_radical_088_长__retry_3__G4,长__retry_3__G4,,4,radical,radical,1,False,FAIL,binary_or_4tier,2026-07-26T13:53:46,FAIL,FAIL
G4,B6,p2_radical_124_文__retry_2__G4,文__retry_2__G4,,4,radical,radical,1,False,FAIL,binary_or_4tier,2026-07-26T13:53:46,FAIL,FAIL
G4,B6,p2_radical_081_夂__retry_3__G4,夂__retry_3__G4,,3,radical,radical,1,False,FAIL,binary_or_4tier,2026-07-26T13:53:47,FAIL,FAIL
G4,B6,p2_radical_084_夊__retry_3__G4,夊__retry_3__G4,,3,radical,radical,1,False,FAIL,binary_or_4tier,2026-07-26T13:53:48,FAIL,FAIL
G1,B7,p3_char_0184_业,业,184,5,common,character,1,False,FAIL,binary_or_4tier,2026-07-27T16:35:29,FAIL,FAIL
G3,B7,p3_char_0184_业,业,184,5,common,character,1,False,FAIL,binary_or_4tier,2026-07-27T16:35:30,FAIL,FAIL
G2,B7,p3_char_0184_业,业,184,5,common,character,1,False,PASS,binary_or_4tier,2026-07-27T16:35:30,PASS,PASS
G4,B7,p3_char_0184_业,业,184,5,common,character,1,False,PASS,binary_or_4tier,2026-07-27T16:35:31,PASS,PASS
G1,B7,p3_char_0185_仟,仟,185,5,rare,character,1,False,PASS,binary_or_4tier,2026-07-27T16:35:34,PASS,PASS
G4,B7,p3_char_0185_仟,仟,185,5,rare,character,1,False,PASS,binary_or_4tier,2026-07-27T16:35:34,PASS,PASS
G3,B7,p3_char_0185_仟,仟,185,5,rare,character,1,False,PASS,binary_or_4tier,2026-07-27T16:35:35,PASS,PASS
G2,B7,p3_char_0185_仟,仟,185,5,rare,character,1,False,PASS,binary_or_4tier,2026-07-27T16:35:35,PASS,PASS
G4,B7,p3_char_0186_本,本,186,5,common,character,1,False,PASS,binary_or_4tier,2026-07-27T16:35:36,PASS,PASS
G2,B7,p3_char_0186_本,本,186,5,common,character,1,False,PASS,binary_or_4tier,2026-07-27T16:35:37,PASS,PASS
G1,B7,p3_char_0186_本,本,186,5,common,character,1,False,PASS,binary_or_4tier,2026-07-27T16:35:39,PASS,PASS
G3,B7,p3_char_0186_本,本,186,5,common,character,1,False,PASS,binary_or_4tier,2026-07-27T16:35:39,PASS,PASS
G4,B7,p3_char_0187_仡,仡,187,5,rare,character,1,False,FAIL,binary_or_4tier,2026-07-27T16:35:41,FAIL,FAIL
G1,B7,p3_char_0187_仡,仡,187,5,rare,character,1,False,FAIL,binary_or_4tier,2026-07-27T16:35:44,FAIL,FAIL
G3,B7,p3_char_0187_仡,仡,187,5,rare,character,1,False,FAIL,binary_or_4tier,2026-07-27T16:35:45,FAIL,FAIL
G2,B7,p3_char_0187_仡,仡,187,5,rare,character,1,False,FAIL,binary_or_4tier,2026-07-27T16:36:02,FAIL,FAIL
G3,B7,p3_char_0188_边,边,188,5,common,character,1,False,PASS,binary_or_4tier,2026-07-27T16:36:03,PASS,PASS
G1,B7,p3_char_0188_边,边,188,5,common,character,1,False,FAIL,binary_or_4tier,2026-07-27T16:36:04,FAIL,FAIL
G4,B7,p3_char_0188_边,边,188,5,common,character,1,False,FAIL,binary_or_4tier,2026-07-27T16:36:04,FAIL,FAIL
G2,B7,p3_char_0188_边,边,188,5,common,character,1,False,FAIL,binary_or_4tier,2026-07-27T16:36:07,FAIL,FAIL
G4,B7,p3_char_0189_仨,仨,189,5,rare,character,1,False,PASS,binary_or_4tier,2026-07-27T16:36:07,PASS,PASS
G1,B7,p3_char_0189_仨,仨,189,5,rare,character,1,False,PASS,binary_or_4tier,2026-07-27T16:36:12,PASS,PASS
G2,B7,p3_char_0189_仨,仨,189,5,rare,character,1,False,PASS,binary_or_4tier,2026-07-27T16:36:13,PASS,PASS
G3,B7,p3_char_0189_仨,仨,189,5,rare,character,1,False,PASS,binary_or_4tier,2026-07-27T16:36:13,PASS,PASS
G3,B7,p3_char_0190_加,加,190,5,common,character,1,False,FAIL,binary_or_4tier,2026-07-27T16:36:14,FAIL,FAIL
G4,B7,p3_char_0190_加,加,190,5,common,character,1,False,PASS,binary_or_4tier,2026-07-27T16:36:14,PASS,PASS
G1,B7,p3_char_0190_加,加,190,5,common,character,1,False,FAIL,binary_or_4tier,2026-07-27T16:36:18,FAIL,FAIL
G2,B7,p3_char_0190_加,加,190,5,common,character,1,False,FAIL,binary_or_4tier,2026-07-27T16:36:19,FAIL,FAIL
G2,B7,p3_char_0191_仫,仫,191,5,rare,character,1,False,FAIL,binary_or_4tier,2026-07-27T16:36:20,FAIL,FAIL
G1,B7,p3_char_0191_仫,仫,191,5,rare,character,1,False,FAIL,binary_or_4tier,2026-07-27T16:36:24,FAIL,FAIL
G3,B7,p3_char_0191_仫,仫,191,5,rare,character,1,False,FAIL,binary_or_4tier,2026-07-27T16:36:25,FAIL,FAIL
G4,B7,p3_char_0191_仫,仫,191,5,rare,character,1,False,FAIL,binary_or_4tier,2026-07-27T16:36:25,FAIL,FAIL
G4,B7,p3_char_0192_代,代,192,5,common,character,1,False,PASS,binary_or_4tier,2026-07-27T16:36:26,PASS,PASS
G2,B7,p3_char_0192_代,代,192,5,common,character,1,False,FAIL,binary_or_4tier,2026-07-27T16:36:26,FAIL,FAIL
G3,B7,p3_char_0192_代,代,192,5,common,character,1,False,FAIL,binary_or_4tier,2026-07-27T16:36:28,FAIL,FAIL
G1,B7,p3_char_0192_代,代,192,5,common,character,1,False,FAIL,binary_or_4tier,2026-07-27T16:36:28,FAIL,FAIL
G2,B7,p3_char_0193_癶,癶,193,5,rare,character,1,False,FAIL,binary_or_4tier,2026-07-27T16:36:29,FAIL,FAIL
G3,B7,p3_char_0193_癶,癶,193,5,rare,character,1,False,FAIL,binary_or_4tier,2026-07-27T16:36:30,FAIL,FAIL
G1,B7,p3_char_0193_癶,癶,193,5,rare,character,1,False,FAIL,binary_or_4tier,2026-07-27T16:36:30,FAIL,FAIL
G4,B7,p3_char_0193_癶,癶,193,5,rare,character,1,False,FAIL,binary_or_4tier,2026-07-27T16:36:32,FAIL,FAIL
G1,B7,p3_char_0194_世,世,194,5,common,character,1,False,FAIL,binary_or_4tier,2026-07-27T16:36:33,FAIL,FAIL
G4,B7,p3_char_0194_世,世,194,5,common,character,1,False,PASS,binary_or_4tier,2026-07-27T16:36:34,PASS,PASS
G2,B7,p3_char_0194_世,世,194,5,common,character,1,False,FAIL,binary_or_4tier,2026-07-27T16:36:35,FAIL,FAIL
G3,B7,p3_char_0194_世,世,194,5,common,character,1,False,FAIL,binary_or_4tier,2026-07-27T16:36:35,FAIL,FAIL
G3,B7,p3_char_0195_皿,皿,195,5,rare,character,1,False,PASS,binary_or_4tier,2026-07-27T16:36:36,PASS,PASS
G2,B7,p3_char_0195_皿,皿,195,5,rare,character,1,False,PASS,binary_or_4tier,2026-07-27T16:36:37,PASS,PASS
G4,B7,p3_char_0195_皿,皿,195,5,rare,character,1,False,PASS,binary_or_4tier,2026-07-27T16:36:37,PASS,PASS
G1,B7,p3_char_0195_皿,皿,195,5,rare,character,1,False,FAIL,binary_or_4tier,2026-07-27T16:36:40,FAIL,FAIL
G1,B7,p3_char_0196_东,东,196,5,common,character,1,False,FAIL,binary_or_4tier,2026-07-27T16:36:42,FAIL,FAIL
G2,B7,p3_char_0196_东,东,196,5,common,character,1,False,FAIL,binary_or_4tier,2026-07-27T16:36:42,FAIL,FAIL
G4,B7,p3_char_0196_东,东,196,5,common,character,1,False,FAIL,binary_or_4tier,2026-07-27T16:36:44,FAIL,FAIL
G3,B7,p3_char_0196_东,东,196,5,common,character,1,False,FAIL,binary_or_4tier,2026-07-27T16:36:45,FAIL,FAIL
G3,B7,p3_char_0197_矢,矢,197,5,rare,character,1,False,FAIL,binary_or_4tier,2026-07-27T16:36:45,FAIL,FAIL
G1,B7,p3_char_0197_矢,矢,197,5,rare,character,1,False,FAIL,binary_or_4tier,2026-07-27T16:36:46,FAIL,FAIL
G4,B7,p3_char_0197_矢,矢,197,5,rare,character,1,False,PASS,binary_or_4tier,2026-07-27T16:36:47,PASS,PASS
G2,B7,p3_char_0197_矢,矢,197,5,rare,character,1,False,PASS,binary_or_4tier,2026-07-27T16:36:48,PASS,PASS
G3,B7,p3_char_0198_立,立,198,5,common,character,1,False,FAIL,binary_or_4tier,2026-07-27T16:36:50,FAIL,FAIL
G4,B7,p3_char_0198_立,立,198,5,common,character,1,False,PASS,binary_or_4tier,2026-07-27T16:36:51,PASS,PASS
G2,B7,p3_char_0198_立,立,198,5,common,character,1,False,FAIL,binary_or_4tier,2026-07-27T16:36:55,FAIL,FAIL
G1,B7,p3_char_0198_立,立,198,5,common,character,1,False,FAIL,binary_or_4tier,2026-07-27T16:37:01,FAIL,FAIL
G3,B7,p3_char_0199_兰,兰,199,5,rare,character,1,False,PASS,binary_or_4tier,2026-07-27T16:37:02,PASS,PASS
G1,B7,p3_char_0199_兰,兰,199,5,rare,character,1,False,PASS,binary_or_4tier,2026-07-27T16:37:02,PASS,PASS
G2,B7,p3_char_0199_兰,兰,199,5,rare,character,1,False,PASS,binary_or_4tier,2026-07-27T16:37:02,PASS,PASS
G4,B7,p3_char_0199_兰,兰,199,5,rare,character,1,False,PASS,binary_or_4tier,2026-07-27T16:37:19,PASS,PASS
G1,B7,p3_char_0200_市,市,200,5,common,character,1,False,FAIL,binary_or_4tier,2026-07-27T16:37:33,FAIL,FAIL
G2,B7,p3_char_0200_市,市,200,5,common,character,1,False,PASS,binary_or_4tier,2026-07-27T16:37:33,PASS,PASS
G3,B7,p3_char_0200_市,市,200,5,common,character,1,False,PASS,binary_or_4tier,2026-07-27T16:37:35,PASS,PASS
G4,B7,p3_char_0200_市,市,200,5,common,character,1,False,FAIL,binary_or_4tier,2026-07-27T16:37:37,FAIL,FAIL
G3,B7,p3_char_0201_冉,冉,201,5,rare,character,1,False,FAIL,binary_or_4tier,2026-07-27T16:37:38,FAIL,FAIL
G4,B7,p3_char_0201_冉,冉,201,5,rare,character,1,False,PASS,binary_or_4tier,2026-07-27T16:37:39,PASS,PASS
G2,B7,p3_char_0201_冉,冉,201,5,rare,character,1,False,FAIL,binary_or_4tier,2026-07-27T16:37:41,FAIL,FAIL
G1,B7,p3_char_0201_冉,冉,201,5,rare,character,1,False,FAIL,binary_or_4tier,2026-07-27T16:37:41,FAIL,FAIL
G3,B7,p3_char_0202_术,术,202,5,common,character,1,False,PASS,binary_or_4tier,2026-07-27T16:37:45,PASS,PASS
G4,B7,p3_char_0202_术,术,202,5,common,character,1,False,PASS,binary_or_4tier,2026-07-27T16:37:46,PASS,PASS
G2,B7,p3_char_0202_术,术,202,5,common,character,1,False,PASS,binary_or_4tier,2026-07-27T16:37:47,PASS,PASS
G1,B7,p3_char_0202_术,术,202,5,common,character,1,False,PASS,binary_or_4tier,2026-07-27T16:37:47,PASS,PASS
G3,B7,p3_char_0203_冊,冊,203,5,rare,character,1,False,FAIL,binary_or_4tier,2026-07-27T16:37:50,FAIL,FAIL
G1,B7,p3_char_0203_冊,冊,203,5,rare,character,1,False,FAIL,binary_or_4tier,2026-07-27T16:37:51,FAIL,FAIL
G2,B7,p3_char_0203_冊,冊,203,5,rare,character,1,False,FAIL,binary_or_4tier,2026-07-27T16:37:51,FAIL,FAIL
G4,B7,p3_char_0203_冊,冊,203,5,rare,character,1,False,FAIL,binary_or_4tier,2026-07-27T16:37:55,FAIL,FAIL
G4,B7,p3_char_0204_由,由,204,5,common,character,1,False,PASS,binary_or_4tier,2026-07-27T16:37:56,PASS,PASS
G1,B7,p3_char_0204_由,由,204,5,common,character,1,False,PASS,binary_or_4tier,2026-07-27T16:37:56,PASS,PASS
G3,B7,p3_char_0204_由,由,204,5,common,character,1,False,FAIL,binary_or_4tier,2026-07-27T16:37:57,FAIL,FAIL
G2,B7,p3_char_0204_由,由,204,5,common,character,1,False,PASS,binary_or_4tier,2026-07-27T16:37:58,PASS,PASS
G1,B7,p3_char_0205_冋,冋,205,5,rare,character,1,False,FAIL,binary_or_4tier,2026-07-27T16:38:00,FAIL,FAIL
G3,B7,p3_char_0205_冋,冋,205,5,rare,character,1,False,PASS,binary_or_4tier,2026-07-27T16:38:01,PASS,PASS
G4,B7,p3_char_0205_冋,冋,205,5,rare,character,1,False,FAIL,binary_or_4tier,2026-07-27T16:38:04,FAIL,FAIL
G2,B7,p3_char_0205_冋,冋,205,5,rare,character,1,False,PASS,binary_or_4tier,2026-07-27T16:38:05,PASS,PASS
G3,B7,p3_char_0206_白,白,206,5,common,character,1,False,PASS,binary_or_4tier,2026-07-27T16:38:07,PASS,PASS
G1,B7,p3_char_0206_白,白,206,5,common,character,1,False,PASS,binary_or_4tier,2026-07-27T16:38:07,PASS,PASS
G4,B7,p3_char_0206_白,白,206,5,common,character,1,False,PASS,binary_or_4tier,2026-07-27T16:38:08,PASS,PASS
G2,B7,p3_char_0206_白,白,206,5,common,character,1,False,PASS,binary_or_4tier,2026-07-27T16:38:08,PASS,PASS
G2,B7,p3_char_0207_册,册,207,5,rare,character,1,False,PASS,binary_or_4tier,2026-07-27T16:38:11,PASS,PASS
G3,B7,p3_char_0207_册,册,207,5,rare,character,1,False,PASS,binary_or_4tier,2026-07-27T16:38:20,PASS,PASS
G4,B7,p3_char_0207_册,册,207,5,rare,character,1,False,FAIL,binary_or_4tier,2026-07-27T16:38:20,FAIL,FAIL
G1,B7,p3_char_0207_册,册,207,5,rare,character,1,False,FAIL,binary_or_4tier,2026-07-27T16:38:21,FAIL,FAIL
G1,B7,p3_char_0208_北,北,208,5,common,character,1,False,FAIL,binary_or_4tier,2026-07-27T16:38:22,FAIL,FAIL
G2,B7,p3_char_0208_北,北,208,5,common,character,1,False,FAIL,binary_or_4tier,2026-07-27T16:38:22,FAIL,FAIL
G4,B7,p3_char_0208_北,北,208,5,common,character,1,False,PASS,binary_or_4tier,2026-07-27T16:38:23,PASS,PASS
G3,B7,p3_char_0208_北,北,208,5,common,character,1,False,FAIL,binary_or_4tier,2026-07-27T16:38:33,FAIL,FAIL
G1,B7,p3_char_0209_冎,冎,209,5,rare,character,1,False,FAIL,binary_or_4tier,2026-07-27T16:38:35,FAIL,FAIL
G2,B7,p3_char_0209_冎,冎,209,5,rare,character,1,False,FAIL,binary_or_4tier,2026-07-27T16:38:36,FAIL,FAIL
G3,B7,p3_char_0209_冎,冎,209,5,rare,character,1,False,FAIL,binary_or_4tier,2026-07-27T16:38:37,FAIL,FAIL
G4,B7,p3_char_0209_冎,冎,209,5,rare,character,1,False,FAIL,binary_or_4tier,2026-07-27T16:38:38,FAIL,FAIL
G3,B7,p3_char_0210_四,四,210,5,common,character,1,False,PASS,binary_or_4tier,2026-07-27T16:38:39,PASS,PASS
G1,B7,p3_char_0210_四,四,210,5,common,character,1,False,PASS,binary_or_4tier,2026-07-27T16:38:40,PASS,PASS
G2,B7,p3_char_0210_四,四,210,5,common,character,1,False,PASS,binary_or_4tier,2026-07-27T16:38:40,PASS,PASS
G4,B7,p3_char_0210_四,四,210,5,common,character,1,False,PASS,binary_or_4tier,2026-07-27T16:38:43,PASS,PASS
G3,B7,p3_char_0211_冯,冯,211,5,rare,character,1,False,FAIL,binary_or_4tier,2026-07-27T16:38:44,FAIL,FAIL
G2,B7,p3_char_0211_冯,冯,211,5,rare,character,1,False,PASS,binary_or_4tier,2026-07-27T16:38:52,PASS,PASS
G1,B7,p3_char_0211_冯,冯,211,5,rare,character,1,False,FAIL,binary_or_4tier,2026-07-27T16:38:53,FAIL,FAIL
G4,B7,p3_char_0211_冯,冯,211,5,rare,character,1,False,FAIL,binary_or_4tier,2026-07-27T16:38:56,FAIL,FAIL
G2,B7,p3_char_0212_处,处,212,5,common,character,1,False,FAIL,binary_or_4tier,2026-07-27T16:38:58,FAIL,FAIL
G3,B7,p3_char_0212_处,处,212,5,common,character,1,False,FAIL,binary_or_4tier,2026-07-27T16:39:01,FAIL,FAIL
G4,B7,p3_char_0212_处,处,212,5,common,character,1,False,FAIL,binary_or_4tier,2026-07-27T16:39:01,FAIL,FAIL
G1,B7,p3_char_0212_处,处,212,5,common,character,1,False,PASS,binary_or_4tier,2026-07-27T16:39:03,PASS,PASS
G2,B7,p3_char_0213_処,処,213,5,rare,character,1,False,FAIL,binary_or_4tier,2026-07-27T16:39:04,FAIL,FAIL
G1,B7,p3_char_0213_処,処,213,5,rare,character,1,False,FAIL,binary_or_4tier,2026-07-27T16:39:05,FAIL,FAIL
G3,B7,p3_char_0213_処,処,213,5,rare,character,1,False,FAIL,binary_or_4tier,2026-07-27T16:39:05,FAIL,FAIL
G4,B7,p3_char_0213_処,処,213,5,rare,character,1,False,FAIL,binary_or_4tier,2026-07-27T16:39:05,FAIL,FAIL
G1,B7,p3_char_0214_记,记,214,5,common,character,1,False,FAIL,binary_or_4tier,2026-07-27T16:39:07,FAIL,FAIL
G4,B7,p3_char_0214_记,记,214,5,common,character,1,False,FAIL,binary_or_4tier,2026-07-27T16:39:07,FAIL,FAIL
G2,B7,p3_char_0214_记,记,214,5,common,character,1,False,FAIL,binary_or_4tier,2026-07-27T16:39:08,FAIL,FAIL
G3,B7,p3_char_0214_记,记,214,5,common,character,1,False,FAIL,binary_or_4tier,2026-07-27T16:39:11,FAIL,FAIL
G3,B7,p3_char_0215_凸,凸,215,5,rare,character,1,False,PASS,binary_or_4tier,2026-07-27T16:39:12,PASS,PASS
G2,B7,p3_char_0215_凸,凸,215,5,rare,character,1,False,PASS,binary_or_4tier,2026-07-27T16:39:12,PASS,PASS
G1,B7,p3_char_0215_凸,凸,215,5,rare,character,1,False,PASS,binary_or_4tier,2026-07-27T16:39:14,PASS,PASS
G4,B7,p3_char_0215_凸,凸,215,5,rare,character,1,False,PASS,binary_or_4tier,2026-07-27T16:39:17,PASS,PASS
G3,B7,p3_char_0216_失,失,216,5,common,character,1,False,FAIL,binary_or_4tier,2026-07-27T16:39:18,FAIL,FAIL
G1,B7,p3_char_0216_失,失,216,5,common,character,1,False,PASS,binary_or_4tier,2026-07-27T16:39:22,PASS,PASS
G4,B7,p3_char_0216_失,失,216,5,common,character,1,False,FAIL,binary_or_4tier,2026-07-27T16:39:26,FAIL,FAIL
G2,B7,p3_char_0216_失,失,216,5,common,character,1,False,FAIL,binary_or_4tier,2026-07-27T16:39:27,FAIL,FAIL
G2,B7,p3_char_0217_凹,凹,217,5,rare,character,1,False,PASS,binary_or_4tier,2026-07-27T16:39:28,PASS,PASS
G4,B7,p3_char_0217_凹,凹,217,5,rare,character,1,False,FAIL,binary_or_4tier,2026-07-27T16:39:29,FAIL,FAIL
G3,B7,p3_char_0217_凹,凹,217,5,rare,character,1,False,FAIL,binary_or_4tier,2026-07-27T16:39:31,FAIL,FAIL
G1,B7,p3_char_0217_凹,凹,217,5,rare,character,1,False,PASS,binary_or_4tier,2026-07-27T16:39:33,PASS,PASS
G2,B7,p3_char_0218_刍,刍,218,5,rare,character,1,False,FAIL,binary_or_4tier,2026-07-27T16:39:35,FAIL,FAIL
G3,B7,p3_char_0218_刍,刍,218,5,rare,character,1,False,FAIL,binary_or_4tier,2026-07-27T16:39:35,FAIL,FAIL
G4,B7,p3_char_0218_刍,刍,218,5,rare,character,1,False,FAIL,binary_or_4tier,2026-07-27T16:39:36,FAIL,FAIL
G1,B7,p3_char_0218_刍,刍,218,5,rare,character,1,False,FAIL,binary_or_4tier,2026-07-27T16:39:36,FAIL,FAIL
G2,B7,p3_char_0219_在,在,219,6,common,character,1,False,FAIL,binary_or_4tier,2026-07-27T16:39:38,FAIL,FAIL
G3,B7,p3_char_0219_在,在,219,6,common,character,1,False,FAIL,binary_or_4tier,2026-07-27T16:39:38,FAIL,FAIL
G4,B7,p3_char_0219_在,在,219,6,common,character,1,False,PASS,binary_or_4tier,2026-07-27T16:39:40,PASS,PASS
G1,B7,p3_char_0219_在,在,219,6,common,character,1,False,FAIL,binary_or_4tier,2026-07-27T16:39:45,FAIL,FAIL
G1,B7,p3_char_0220_丢,丢,220,6,rare,character,1,False,FAIL,binary_or_4tier,2026-07-27T16:39:46,FAIL,FAIL
G2,B7,p3_char_0220_丢,丢,220,6,rare,character,1,False,PASS,binary_or_4tier,2026-07-27T16:39:49,PASS,PASS
G4,B7,p3_char_0220_丢,丢,220,6,rare,character,1,False,FAIL,binary_or_4tier,2026-07-27T16:39:50,FAIL,FAIL
G3,B7,p3_char_0220_丢,丢,220,6,rare,character,1,False,FAIL,binary_or_4tier,2026-07-27T16:39:51,FAIL,FAIL
G2,B7,p3_char_0221_有,有,221,6,common,character,1,False,PASS,binary_or_4tier,2026-07-27T16:39:54,PASS,PASS
G3,B7,p3_char_0221_有,有,221,6,common,character,1,False,PASS,binary_or_4tier,2026-07-27T16:39:59,PASS,PASS
G4,B7,p3_char_0221_有,有,221,6,common,character,1,False,FAIL,binary_or_4tier,2026-07-27T16:40:00,FAIL,FAIL
G1,B7,p3_char_0221_有,有,221,6,common,character,1,False,PASS,binary_or_4tier,2026-07-27T16:40:03,PASS,PASS
G1,B7,p3_char_0222_乑,乑,222,6,rare,character,1,False,FAIL,binary_or_4tier,2026-07-27T16:40:05,FAIL,FAIL
G4,B7,p3_char_0222_乑,乑,222,6,rare,character,1,False,PASS,binary_or_4tier,2026-07-27T16:40:08,PASS,PASS
G3,B7,p3_char_0222_乑,乑,222,6,rare,character,1,False,FAIL,binary_or_4tier,2026-07-27T16:40:09,FAIL,FAIL
G2,B7,p3_char_0222_乑,乑,222,6,rare,character,1,False,FAIL,binary_or_4tier,2026-07-27T16:40:10,FAIL,FAIL
G3,B7,p3_char_0223_地,地,223,6,common,character,1,False,FAIL,binary_or_4tier,2026-07-27T16:40:11,FAIL,FAIL
G2,B7,p3_char_0223_地,地,223,6,common,character,1,False,FAIL,binary_or_4tier,2026-07-27T16:40:11,FAIL,FAIL
G4,B7,p3_char_0223_地,地,223,6,common,character,1,False,PASS,binary_or_4tier,2026-07-27T16:40:19,PASS,PASS
G1,B7,p3_char_0223_地,地,223,6,common,character,1,False,FAIL,binary_or_4tier,2026-07-27T16:40:20,FAIL,FAIL
G1,B7,p3_char_0224_乓,乓,224,6,rare,character,1,False,FAIL,binary_or_4tier,2026-07-27T16:40:23,FAIL,FAIL
G3,B7,p3_char_0224_乓,乓,224,6,rare,character,1,False,FAIL,binary_or_4tier,2026-07-27T16:40:23,FAIL,FAIL
G2,B7,p3_char_0224_乓,乓,224,6,rare,character,1,False,FAIL,binary_or_4tier,2026-07-27T16:40:23,FAIL,FAIL
G4,B7,p3_char_0224_乓,乓,224,6,rare,character,1,False,PASS,binary_or_4tier,2026-07-27T16:40:24,PASS,PASS
G4,B7,p3_char_0225_而,而,225,6,common,character,1,False,FAIL,binary_or_4tier,2026-07-27T16:40:30,FAIL,FAIL
G3,B7,p3_char_0225_而,而,225,6,common,character,1,False,FAIL,binary_or_4tier,2026-07-27T16:40:33,FAIL,FAIL
G1,B7,p3_char_0225_而,而,225,6,common,character,1,False,FAIL,binary_or_4tier,2026-07-27T16:40:34,FAIL,FAIL
G2,B7,p3_char_0225_而,而,225,6,common,character,1,False,FAIL,binary_or_4tier,2026-07-27T16:40:35,FAIL,FAIL
G1,B7,p3_char_0226_乔,乔,226,6,rare,character,1,False,FAIL,binary_or_4tier,2026-07-27T16:40:36,FAIL,FAIL
G2,B7,p3_char_0226_乔,乔,226,6,rare,character,1,False,FAIL,binary_or_4tier,2026-07-27T16:40:36,FAIL,FAIL
G4,B7,p3_char_0226_乔,乔,226,6,rare,character,1,False,PASS,binary_or_4tier,2026-07-27T16:40:39,PASS,PASS
G3,B7,p3_char_0226_乔,乔,226,6,rare,character,1,False,FAIL,binary_or_4tier,2026-07-27T16:40:42,FAIL,FAIL
G3,B7,p3_char_0227_年,年,227,6,common,character,1,False,FAIL,binary_or_4tier,2026-07-27T16:40:43,FAIL,FAIL
G1,B7,p3_char_0227_年,年,227,6,common,character,1,False,FAIL,binary_or_4tier,2026-07-27T16:40:44,FAIL,FAIL
G2,B7,p3_char_0227_年,年,227,6,common,character,1,False,FAIL,binary_or_4tier,2026-07-27T16:40:45,FAIL,FAIL
G4,B7,p3_char_0227_年,年,227,6,common,character,1,False,PASS,binary_or_4tier,2026-07-27T16:40:46,PASS,PASS
G1,B7,p3_char_0228_乩,乩,228,6,rare,character,1,False,FAIL,binary_or_4tier,2026-07-27T16:40:50,FAIL,FAIL
G4,B7,p3_char_0228_乩,乩,228,6,rare,character,1,False,FAIL,binary_or_4tier,2026-07-27T16:40:55,FAIL,FAIL
G3,B7,p3_char_0228_乩,乩,228,6,rare,character,1,False,PASS,binary_or_4tier,2026-07-27T16:40:56,PASS,PASS
G2,B7,p3_char_0228_乩,乩,228,6,rare,character,1,False,PASS,binary_or_4tier,2026-07-27T16:41:00,PASS,PASS
G2,B7,p3_char_0229_自,自,229,6,common,character,1,False,FAIL,binary_or_4tier,2026-07-27T16:41:02,FAIL,FAIL
G4,B7,p3_char_0229_自,自,229,6,common,character,1,False,PASS,binary_or_4tier,2026-07-27T16:41:02,PASS,PASS
G1,B7,p3_char_0229_自,自,229,6,common,character,1,False,PASS,binary_or_4tier,2026-07-27T16:41:03,PASS,PASS
G3,B7,p3_char_0229_自,自,229,6,common,character,1,False,FAIL,binary_or_4tier,2026-07-27T16:41:03,FAIL,FAIL
G1,B7,p3_char_0230_亘,亘,230,6,rare,character,1,False,PASS,binary_or_4tier,2026-07-27T16:41:05,PASS,PASS
G4,B7,p3_char_0230_亘,亘,230,6,rare,character,1,False,FAIL,binary_or_4tier,2026-07-27T16:41:06,FAIL,FAIL
G2,B7,p3_char_0230_亘,亘,230,6,rare,character,1,False,PASS,binary_or_4tier,2026-07-27T16:41:07,PASS,PASS
G3,B7,p3_char_0230_亘,亘,230,6,rare,character,1,False,PASS,binary_or_4tier,2026-07-27T16:41:09,PASS,PASS
G2,B7,p3_char_0231_会,会,231,6,common,character,1,False,FAIL,binary_or_4tier,2026-07-27T16:41:10,FAIL,FAIL
G3,B7,p3_char_0231_会,会,231,6,common,character,1,False,FAIL,binary_or_4tier,2026-07-27T16:41:10,FAIL,FAIL
G4,B7,p3_char_0231_会,会,231,6,common,character,1,False,FAIL,binary_or_4tier,2026-07-27T16:41:11,FAIL,FAIL
G1,B7,p3_char_0231_会,会,231,6,common,character,1,False,FAIL,binary_or_4tier,2026-07-27T16:41:13,FAIL,FAIL
G3,B7,p3_char_0232_亙,亙,232,6,rare,character,1,False,FAIL,binary_or_4tier,2026-07-27T16:41:14,FAIL,FAIL
G2,B7,p3_char_0232_亙,亙,232,6,rare,character,1,False,FAIL,binary_or_4tier,2026-07-27T16:41:15,FAIL,FAIL
G4,B7,p3_char_0232_亙,亙,232,6,rare,character,1,False,FAIL,binary_or_4tier,2026-07-27T16:41:15,FAIL,FAIL
G1,B7,p3_char_0232_亙,亙,232,6,rare,character,1,False,FAIL,binary_or_4tier,2026-07-27T16:41:17,FAIL,FAIL
G1,B7,p3_char_0233_那,那,233,6,common,character,1,False,FAIL,binary_or_4tier,2026-07-27T16:41:19,FAIL,FAIL
G3,B7,p3_char_0233_那,那,233,6,common,character,1,False,FAIL,binary_or_4tier,2026-07-27T16:41:20,FAIL,FAIL
G2,B7,p3_char_0233_那,那,233,6,common,character,1,False,FAIL,binary_or_4tier,2026-07-27T16:41:20,FAIL,FAIL
G4,B7,p3_char_0233_那,那,233,6,common,character,1,False,FAIL,binary_or_4tier,2026-07-27T16:41:21,FAIL,FAIL
G3,B7,p2_radical_028_人__retry_5__G3,人__retry_5__G3,,,radical,radical,1,False,FAIL,binary_or_4tier,2026-07-27T16:41:30,FAIL,FAIL
G3,B7,p2_radical_030_入__retry_5__G3,入__retry_5__G3,,,radical,radical,1,False,FAIL,binary_or_4tier,2026-07-27T16:41:31,FAIL,FAIL
G3,B7,p2_radical_046_大__retry_5__G3,大__retry_5__G3,,,radical,radical,1,False,FAIL,binary_or_4tier,2026-07-27T16:41:32,FAIL,FAIL
G3,B7,p2_radical_011_匕__retry_4__G3,匕__retry_4__G3,,,radical,radical,1,False,FAIL,binary_or_4tier,2026-07-27T16:41:33,FAIL,FAIL
G3,B7,p3_char_0154_他__retry_1__G3,他__retry_1__G3,154,,,character,1,False,FAIL,binary_or_4tier,2026-07-27T16:41:34,FAIL,FAIL
G3,B7,p3_char_0173_仔__retry_1__G3,仔__retry_1__G3,173,,,character,1,False,FAIL,binary_or_4tier,2026-07-27T16:41:36,FAIL,FAIL
G3,B7,p3_char_0176_平__retry_1__G3,平__retry_1__G3,176,,,character,1,False,FAIL,binary_or_4tier,2026-07-27T16:41:37,FAIL,FAIL
G3,B7,p3_char_0174_主__retry_1__G3,主__retry_1__G3,174,,,character,1,False,FAIL,binary_or_4tier,2026-07-27T16:41:40,FAIL,FAIL
G3,B7,p3_char_0171_疒__retry_1__G3,疒__retry_1__G3,171,,,character,1,False,FAIL,binary_or_4tier,2026-07-27T16:41:41,FAIL,FAIL
G3,B7,p3_char_0134_化__retry_1__G3,化__retry_1__G3,134,,,character,1,False,FAIL,binary_or_4tier,2026-07-27T16:41:44,FAIL,FAIL
G4,B7,p2_radical_088_长__retry_3__G4,长__retry_3__G4,,,radical,radical,1,False,FAIL,binary_or_4tier,2026-07-27T16:41:44,FAIL,FAIL
G4,B7,p2_radical_081_夂__retry_3__G4,夂__retry_3__G4,,,radical,radical,1,False,FAIL,binary_or_4tier,2026-07-27T16:41:45,FAIL,FAIL
G4,B7,p2_radical_084_夊__retry_3__G4,夊__retry_3__G4,,,radical,radical,1,False,FAIL,binary_or_4tier,2026-07-27T16:41:46,FAIL,FAIL
G4,B7,p2_radical_086_比__retry_1__G4,比__retry_1__G4,,,radical,radical,1,False,FAIL,binary_or_4tier,2026-07-27T16:41:48,FAIL,FAIL
G4,B7,p2_radical_119_水__retry_1__G4,水__retry_1__G4,,,radical,radical,1,False,FAIL,binary_or_4tier,2026-07-27T16:41:48,FAIL,FAIL
G4,B7,p2_radical_116_礻__retry_1__G4,礻__retry_1__G4,,,radical,radical,1,False,FAIL,binary_or_4tier,2026-07-27T16:41:49,FAIL,FAIL
G4,B7,p2_radical_094_风__retry_1__G4,风__retry_1__G4,,,radical,radical,1,False,FAIL,binary_or_4tier,2026-07-27T16:41:50,FAIL,FAIL
G4,B7,p2_radical_124_文__retry_2__G4,文__retry_2__G4,,,radical,radical,1,False,FAIL,binary_or_4tier,2026-07-27T16:41:51,FAIL,FAIL
G4,B7,p2_radical_135_无__retry_2__G4,无__retry_2__G4,,,radical,radical,1,False,FAIL,binary_or_4tier,2026-07-27T16:41:52,FAIL,FAIL
G4,B7,p2_radical_111_气__retry_2__G4,气__retry_2__G4,,,radical,radical,1,False,FAIL,binary_or_4tier,2026-07-27T16:41:52,FAIL,FAIL
G4,B7,p2_radical_045_寸__retry_1__G4,寸__retry_1__G4,,,radical,radical,1,False,FAIL,binary_or_4tier,2026-07-27T16:41:53,FAIL,FAIL
G4,B7,p2_radical_075_夕__retry_1__G4,夕__retry_1__G4,,,radical,radical,1,False,FAIL,binary_or_4tier,2026-07-27T16:41:54,FAIL,FAIL
G3,B7r,p2_radical_028_人__retry_5__G3__rerun,人__retry_5__G3__rerun,,,radical,radical,1,False,FAIL,binary_or_4tier,2026-07-27T17:08:45,FAIL,FAIL
G3,B7r,p2_radical_030_入__retry_5__G3__rerun,入__retry_5__G3__rerun,,,radical,radical,1,False,FAIL,binary_or_4tier,2026-07-27T17:08:46,FAIL,FAIL
G3,B7r,p2_radical_046_大__retry_5__G3__rerun,大__retry_5__G3__rerun,,,radical,radical,1,False,PASS,binary_or_4tier,2026-07-27T17:08:47,PASS,PASS
G3,B7r,p2_radical_011_匕__retry_4__G3__rerun,匕__retry_4__G3__rerun,,,radical,radical,1,False,FAIL,binary_or_4tier,2026-07-27T17:08:48,FAIL,FAIL
G3,B7r,p3_char_0154_他__retry_1__G3__rerun,他__retry_1__G3__rerun,154,,,character,1,False,FAIL,binary_or_4tier,2026-07-27T17:08:48,FAIL,FAIL
G3,B7r,p3_char_0173_仔__retry_1__G3__rerun,仔__retry_1__G3__rerun,173,,,character,1,False,FAIL,binary_or_4tier,2026-07-27T17:08:54,FAIL,FAIL
G3,B7r,p3_char_0176_平__retry_1__G3__rerun,平__retry_1__G3__rerun,176,,,character,1,False,FAIL,binary_or_4tier,2026-07-27T17:08:55,FAIL,FAIL
G3,B7r,p3_char_0174_主__retry_1__G3__rerun,主__retry_1__G3__rerun,174,,,character,1,False,PASS,binary_or_4tier,2026-07-27T17:08:56,PASS,PASS
G3,B7r,p3_char_0171_疒__retry_1__G3__rerun,疒__retry_1__G3__rerun,171,,,character,1,False,PASS,binary_or_4tier,2026-07-27T17:08:57,PASS,PASS
G3,B7r,p3_char_0134_化__retry_1__G3__rerun,化__retry_1__G3__rerun,134,,,character,1,False,FAIL,binary_or_4tier,2026-07-27T17:08:58,FAIL,FAIL
G4,B7r,p2_radical_088_长__retry_3__G4__rerun,长__retry_3__G4__rerun,,,radical,radical,1,False,FAIL,binary_or_4tier,2026-07-27T17:08:59,FAIL,FAIL
G4,B7r,p2_radical_081_夂__retry_3__G4__rerun,夂__retry_3__G4__rerun,,,radical,radical,1,False,FAIL,binary_or_4tier,2026-07-27T17:09:00,FAIL,FAIL
G4,B7r,p2_radical_084_夊__retry_3__G4__rerun,夊__retry_3__G4__rerun,,,radical,radical,1,False,FAIL,binary_or_4tier,2026-07-27T17:09:01,FAIL,FAIL
G4,B7r,p2_radical_086_比__retry_1__G4__rerun,比__retry_1__G4__rerun,,,radical,radical,1,False,PASS,binary_or_4tier,2026-07-27T17:09:02,PASS,PASS
G4,B7r,p2_radical_119_水__retry_1__G4__rerun,水__retry_1__G4__rerun,,,radical,radical,1,False,FAIL,binary_or_4tier,2026-07-27T17:09:03,FAIL,FAIL
G4,B7r,p2_radical_116_礻__retry_1__G4__rerun,礻__retry_1__G4__rerun,,,radical,radical,1,False,FAIL,binary_or_4tier,2026-07-27T17:09:04,FAIL,FAIL
G4,B7r,p2_radical_094_风__retry_1__G4__rerun,风__retry_1__G4__rerun,,,radical,radical,1,False,FAIL,binary_or_4tier,2026-07-27T17:09:05,FAIL,FAIL
G4,B7r,p2_radical_124_文__retry_2__G4__rerun,文__retry_2__G4__rerun,,,radical,radical,1,False,PASS,binary_or_4tier,2026-07-27T17:09:06,PASS,PASS
G4,B7r,p2_radical_135_无__retry_2__G4__rerun,无__retry_2__G4__rerun,,,radical,radical,1,False,FAIL,binary_or_4tier,2026-07-27T17:09:07,FAIL,FAIL
G4,B7r,p2_radical_111_气__retry_2__G4__rerun,气__retry_2__G4__rerun,,,radical,radical,1,False,FAIL,binary_or_4tier,2026-07-27T17:09:08,FAIL,FAIL
G4,B7r,p2_radical_045_寸__retry_1__G4__rerun,寸__retry_1__G4__rerun,,,radical,radical,1,False,FAIL,binary_or_4tier,2026-07-27T17:09:09,FAIL,FAIL
G4,B7r,p2_radical_075_夕__retry_1__G4__rerun,夕__retry_1__G4__rerun,,,radical,radical,1,False,FAIL,binary_or_4tier,2026-07-27T17:09:10,FAIL,FAIL
G4,B8,p3_char_0234_亚,亚,234,6,rare,character,1,False,PASS,binary_or_4tier,2026-07-27T19:42:48,PASS,PASS
G1,B8,p3_char_0234_亚,亚,234,6,rare,character,1,False,FAIL,binary_or_4tier,2026-07-27T19:42:49,FAIL,FAIL
G3,B8,p3_char_0234_亚,亚,234,6,rare,character,1,False,FAIL,binary_or_4tier,2026-07-27T19:42:49,FAIL,FAIL
G2,B8,p3_char_0234_亚,亚,234,6,rare,character,1,False,FAIL,binary_or_4tier,2026-07-27T19:42:50,FAIL,FAIL
G3,B8,p3_char_0235_后,后,235,6,common,character,1,False,FAIL,binary_or_4tier,2026-07-27T19:42:51,FAIL,FAIL
G4,B8,p3_char_0235_后,后,235,6,common,character,1,False,PASS,binary_or_4tier,2026-07-27T19:42:52,PASS,PASS
G1,B8,p3_char_0235_后,后,235,6,common,character,1,False,FAIL,binary_or_4tier,2026-07-27T19:42:52,FAIL,FAIL
G2,B8,p3_char_0235_后,后,235,6,common,character,1,False,FAIL,binary_or_4tier,2026-07-27T19:42:55,FAIL,FAIL
G1,B8,p3_char_0236_亥,亥,236,6,rare,character,1,False,FAIL,binary_or_4tier,2026-07-27T19:42:56,FAIL,FAIL
G2,B8,p3_char_0236_亥,亥,236,6,rare,character,1,False,FAIL,binary_or_4tier,2026-07-27T19:42:57,FAIL,FAIL
G3,B8,p3_char_0236_亥,亥,236,6,rare,character,1,False,FAIL,binary_or_4tier,2026-07-27T19:42:57,FAIL,FAIL
G4,B8,p3_char_0236_亥,亥,236,6,rare,character,1,False,FAIL,binary_or_4tier,2026-07-27T19:42:58,FAIL,FAIL
G1,B8,p3_char_0237_行,行,237,6,common,character,1,False,FAIL,binary_or_4tier,2026-07-27T19:42:59,FAIL,FAIL
G2,B8,p3_char_0237_行,行,237,6,common,character,1,False,PASS,binary_or_4tier,2026-07-27T19:43:02,PASS,PASS
G4,B8,p3_char_0237_行,行,237,6,common,character,1,False,FAIL,binary_or_4tier,2026-07-27T19:43:03,FAIL,FAIL
G3,B8,p3_char_0237_行,行,237,6,common,character,1,False,FAIL,binary_or_4tier,2026-07-27T19:43:04,FAIL,FAIL
G1,B8,p3_char_0238_亦,亦,238,6,rare,character,1,False,FAIL,binary_or_4tier,2026-07-27T19:43:05,FAIL,FAIL
G3,B8,p3_char_0238_亦,亦,238,6,rare,character,1,False,FAIL,binary_or_4tier,2026-07-27T19:43:05,FAIL,FAIL
G2,B8,p3_char_0238_亦,亦,238,6,rare,character,1,False,FAIL,binary_or_4tier,2026-07-27T19:43:09,FAIL,FAIL
G4,B8,p3_char_0238_亦,亦,238,6,rare,character,1,False,FAIL,binary_or_4tier,2026-07-27T19:43:10,FAIL,FAIL
G2,B8,p3_char_0239_过,过,239,6,common,character,1,False,FAIL,binary_or_4tier,2026-07-27T19:43:14,FAIL,FAIL
G3,B8,p3_char_0239_过,过,239,6,common,character,1,False,PASS,binary_or_4tier,2026-07-27T19:43:16,PASS,PASS
G4,B8,p3_char_0239_过,过,239,6,common,character,1,False,FAIL,binary_or_4tier,2026-07-27T19:43:16,FAIL,FAIL
G1,B8,p3_char_0239_过,过,239,6,common,character,1,False,FAIL,binary_or_4tier,2026-07-27T19:43:17,FAIL,FAIL
G4,B8,p3_char_0240_仰,仰,240,6,rare,character,1,False,FAIL,binary_or_4tier,2026-07-27T19:43:18,FAIL,FAIL
G2,B8,p3_char_0240_仰,仰,240,6,rare,character,1,False,FAIL,binary_or_4tier,2026-07-27T19:43:22,FAIL,FAIL
G1,B8,p3_char_0240_仰,仰,240,6,rare,character,1,False,FAIL,binary_or_4tier,2026-07-27T19:43:23,FAIL,FAIL
G3,B8,p3_char_0240_仰,仰,240,6,rare,character,1,False,FAIL,binary_or_4tier,2026-07-27T19:43:28,FAIL,FAIL
G1,B8,p3_char_0241_如,如,241,6,common,character,1,False,FAIL,binary_or_4tier,2026-07-27T19:43:29,FAIL,FAIL
G3,B8,p3_char_0241_如,如,241,6,common,character,1,False,FAIL,binary_or_4tier,2026-07-27T19:43:30,FAIL,FAIL
G4,B8,p3_char_0241_如,如,241,6,common,character,1,False,FAIL,binary_or_4tier,2026-07-27T19:43:32,FAIL,FAIL
G2,B8,p3_char_0241_如,如,241,6,common,character,1,False,FAIL,binary_or_4tier,2026-07-27T19:43:35,FAIL,FAIL
G4,B8,p3_char_0242_仲,仲,242,6,rare,character,1,False,FAIL,binary_or_4tier,2026-07-27T19:43:38,FAIL,FAIL
G1,B8,p3_char_0242_仲,仲,242,6,rare,character,1,False,PASS,binary_or_4tier,2026-07-27T19:43:39,PASS,PASS
G2,B8,p3_char_0242_仲,仲,242,6,rare,character,1,False,PASS,binary_or_4tier,2026-07-27T19:43:40,PASS,PASS
G3,B8,p3_char_0242_仲,仲,242,6,rare,character,1,False,PASS,binary_or_4tier,2026-07-27T19:43:42,PASS,PASS
G3,B8,p3_char_0243_成,成,243,6,common,character,1,False,FAIL,binary_or_4tier,2026-07-27T19:43:43,FAIL,FAIL
G4,B8,p3_char_0243_成,成,243,6,common,character,1,False,FAIL,binary_or_4tier,2026-07-27T19:43:43,FAIL,FAIL
G2,B8,p3_char_0243_成,成,243,6,common,character,1,False,FAIL,binary_or_4tier,2026-07-27T19:43:44,FAIL,FAIL
G1,B8,p3_char_0243_成,成,243,6,common,character,1,False,FAIL,binary_or_4tier,2026-07-27T19:43:44,FAIL,FAIL
G2,B8,p3_char_0244_仳,仳,244,6,rare,character,1,False,FAIL,binary_or_4tier,2026-07-27T19:43:45,FAIL,FAIL
G3,B8,p3_char_0244_仳,仳,244,6,rare,character,1,False,FAIL,binary_or_4tier,2026-07-27T19:43:45,FAIL,FAIL
G1,B8,p3_char_0244_仳,仳,244,6,rare,character,1,False,FAIL,binary_or_4tier,2026-07-27T19:43:46,FAIL,FAIL
G4,B8,p3_char_0244_仳,仳,244,6,rare,character,1,False,PASS,binary_or_4tier,2026-07-27T19:43:47,PASS,PASS
G2,B8,p3_char_0245_多,多,245,6,common,character,1,False,FAIL,binary_or_4tier,2026-07-27T19:43:49,FAIL,FAIL
G4,B8,p3_char_0245_多,多,245,6,common,character,1,False,PASS,binary_or_4tier,2026-07-27T19:43:49,PASS,PASS
G3,B8,p3_char_0245_多,多,245,6,common,character,1,False,PASS,binary_or_4tier,2026-07-27T19:43:50,PASS,PASS
G1,B8,p3_char_0245_多,多,245,6,common,character,1,False,PASS,binary_or_4tier,2026-07-27T19:43:51,PASS,PASS
G1,B8,p3_char_0246_仵,仵,246,6,rare,character,1,False,FAIL,binary_or_4tier,2026-07-27T19:43:52,FAIL,FAIL
G4,B8,p3_char_0246_仵,仵,246,6,rare,character,1,False,PASS,binary_or_4tier,2026-07-27T19:43:53,PASS,PASS
G3,B8,p3_char_0246_仵,仵,246,6,rare,character,1,False,FAIL,binary_or_4tier,2026-07-27T19:43:54,FAIL,FAIL
G2,B8,p3_char_0246_仵,仵,246,6,rare,character,1,False,FAIL,binary_or_4tier,2026-07-27T19:43:55,FAIL,FAIL
G4,B8,p3_char_0247_军,军,247,6,common,character,1,False,FAIL,binary_or_4tier,2026-07-27T19:43:56,FAIL,FAIL
G2,B8,p3_char_0247_军,军,247,6,common,character,1,False,FAIL,binary_or_4tier,2026-07-27T19:43:56,FAIL,FAIL
G3,B8,p3_char_0247_军,军,247,6,common,character,1,False,FAIL,binary_or_4tier,2026-07-27T19:43:58,FAIL,FAIL
G1,B8,p3_char_0247_军,军,247,6,common,character,1,False,FAIL,binary_or_4tier,2026-07-27T19:43:59,FAIL,FAIL
G3,B8,p3_char_0248_伄,伄,248,6,rare,character,1,False,FAIL,binary_or_4tier,2026-07-27T19:44:00,FAIL,FAIL
G2,B8,p3_char_0248_伄,伄,248,6,rare,character,1,False,FAIL,binary_or_4tier,2026-07-27T19:44:01,FAIL,FAIL
G1,B8,p3_char_0248_伄,伄,248,6,rare,character,1,False,FAIL,binary_or_4tier,2026-07-27T19:44:01,FAIL,FAIL
G4,B8,p3_char_0248_伄,伄,248,6,rare,character,1,False,FAIL,binary_or_4tier,2026-07-27T19:44:02,FAIL,FAIL
G3,B8,p3_char_0249_同,同,249,6,common,character,1,False,PASS,binary_or_4tier,2026-07-27T19:44:06,PASS,PASS
G4,B8,p3_char_0249_同,同,249,6,common,character,1,False,FAIL,binary_or_4tier,2026-07-27T19:44:07,FAIL,FAIL
G2,B8,p3_char_0249_同,同,249,6,common,character,1,False,FAIL,binary_or_4tier,2026-07-27T19:44:08,FAIL,FAIL
G1,B8,p3_char_0249_同,同,249,6,common,character,1,False,FAIL,binary_or_4tier,2026-07-27T19:44:08,FAIL,FAIL
G1,B8,p3_char_0250_伉,伉,250,6,rare,character,1,False,FAIL,binary_or_4tier,2026-07-27T19:44:10,FAIL,FAIL
G4,B8,p3_char_0250_伉,伉,250,6,rare,character,1,False,FAIL,binary_or_4tier,2026-07-27T19:44:11,FAIL,FAIL
G2,B8,p3_char_0250_伉,伉,250,6,rare,character,1,False,FAIL,binary_or_4tier,2026-07-27T19:44:12,FAIL,FAIL
G3,B8,p3_char_0250_伉,伉,250,6,rare,character,1,False,PASS,binary_or_4tier,2026-07-27T19:44:13,PASS,PASS
G4,B8,p3_char_0251_当,当,251,6,common,character,1,False,PASS,binary_or_4tier,2026-07-27T19:44:16,PASS,PASS
G2,B8,p3_char_0251_当,当,251,6,common,character,1,False,FAIL,binary_or_4tier,2026-07-27T19:44:18,FAIL,FAIL
G3,B8,p3_char_0251_当,当,251,6,common,character,1,False,FAIL,binary_or_4tier,2026-07-27T19:44:19,FAIL,FAIL
G1,B8,p3_char_0251_当,当,251,6,common,character,1,False,FAIL,binary_or_4tier,2026-07-27T19:44:22,FAIL,FAIL
G3,B8,p3_char_0252_伊,伊,252,6,rare,character,1,False,FAIL,binary_or_4tier,2026-07-27T19:44:23,FAIL,FAIL
G4,B8,p3_char_0252_伊,伊,252,6,rare,character,1,False,FAIL,binary_or_4tier,2026-07-27T19:44:26,FAIL,FAIL
G2,B8,p3_char_0252_伊,伊,252,6,rare,character,1,False,FAIL,binary_or_4tier,2026-07-27T19:44:26,FAIL,FAIL
G1,B8,p3_char_0252_伊,伊,252,6,rare,character,1,False,FAIL,binary_or_4tier,2026-07-27T19:44:27,FAIL,FAIL
G2,B8,p3_char_0253_好,好,253,6,common,character,1,False,FAIL,binary_or_4tier,2026-07-27T19:44:35,FAIL,FAIL
G1,B8,p3_char_0253_好,好,253,6,common,character,1,False,FAIL,binary_or_4tier,2026-07-27T19:44:36,FAIL,FAIL
G3,B8,p3_char_0253_好,好,253,6,common,character,1,False,FAIL,binary_or_4tier,2026-07-27T19:44:37,FAIL,FAIL
G4,B8,p3_char_0253_好,好,253,6,common,character,1,False,FAIL,binary_or_4tier,2026-07-27T19:44:37,FAIL,FAIL
G1,B8,p3_char_0254_伎,伎,254,6,rare,character,1,False,FAIL,binary_or_4tier,2026-07-27T19:44:38,FAIL,FAIL
G2,B8,p3_char_0254_伎,伎,254,6,rare,character,1,False,FAIL,binary_or_4tier,2026-07-27T19:44:40,FAIL,FAIL
G4,B8,p3_char_0254_伎,伎,254,6,rare,character,1,False,FAIL,binary_or_4tier,2026-07-27T19:44:40,FAIL,FAIL
G3,B8,p3_char_0254_伎,伎,254,6,rare,character,1,False,FAIL,binary_or_4tier,2026-07-27T19:44:42,FAIL,FAIL
G4,B8,p3_char_0255_此,此,255,6,common,character,1,False,PASS,binary_or_4tier,2026-07-27T19:44:43,PASS,PASS
G3,B8,p3_char_0255_此,此,255,6,common,character,1,False,FAIL,binary_or_4tier,2026-07-27T19:44:46,FAIL,FAIL
G2,B8,p3_char_0255_此,此,255,6,common,character,1,False,FAIL,binary_or_4tier,2026-07-27T19:44:48,FAIL,FAIL
G1,B8,p3_char_0255_此,此,255,6,common,character,1,False,FAIL,binary_or_4tier,2026-07-27T19:44:49,FAIL,FAIL
G4,B8,p3_char_0256_伐,伐,256,6,rare,character,1,False,PASS,binary_or_4tier,2026-07-27T19:44:55,PASS,PASS
G2,B8,p3_char_0256_伐,伐,256,6,rare,character,1,False,FAIL,binary_or_4tier,2026-07-27T19:44:56,FAIL,FAIL
G3,B8,p3_char_0256_伐,伐,256,6,rare,character,1,False,FAIL,binary_or_4tier,2026-07-27T19:44:57,FAIL,FAIL
G1,B8,p3_char_0256_伐,伐,256,6,rare,character,1,False,FAIL,binary_or_4tier,2026-07-27T19:44:57,FAIL,FAIL
G4,B8,p3_char_0257_问,问,257,6,common,character,1,False,PASS,binary_or_4tier,2026-07-27T19:44:59,PASS,PASS
G2,B8,p3_char_0257_问,问,257,6,common,character,1,False,FAIL,binary_or_4tier,2026-07-27T19:45:02,FAIL,FAIL
G1,B8,p3_char_0257_问,问,257,6,common,character,1,False,PASS,binary_or_4tier,2026-07-27T19:45:03,PASS,PASS
G3,B8,p3_char_0257_问,问,257,6,common,character,1,False,PASS,binary_or_4tier,2026-07-27T19:45:04,PASS,PASS
G2,B8,p3_char_0258_伕,伕,258,6,rare,character,1,False,FAIL,binary_or_4tier,2026-07-27T19:45:05,FAIL,FAIL
G3,B8,p3_char_0258_伕,伕,258,6,rare,character,1,False,FAIL,binary_or_4tier,2026-07-27T19:45:07,FAIL,FAIL
G1,B8,p3_char_0258_伕,伕,258,6,rare,character,1,False,PASS,binary_or_4tier,2026-07-27T19:45:11,PASS,PASS
G4,B8,p3_char_0258_伕,伕,258,6,rare,character,1,False,FAIL,binary_or_4tier,2026-07-27T19:45:12,FAIL,FAIL
G1,B8,p3_char_0259_回,回,259,6,common,character,1,False,PASS,binary_or_4tier,2026-07-27T19:45:13,PASS,PASS
G4,B8,p3_char_0259_回,回,259,6,common,character,1,False,PASS,binary_or_4tier,2026-07-27T19:45:13,PASS,PASS
G2,B8,p3_char_0259_回,回,259,6,common,character,1,False,PASS,binary_or_4tier,2026-07-27T19:45:13,PASS,PASS
G3,B8,p3_char_0259_回,回,259,6,common,character,1,False,PASS,binary_or_4tier,2026-07-27T19:45:16,PASS,PASS
G3,B8,p3_char_0260_伙,伙,260,6,rare,character,1,False,FAIL,binary_or_4tier,2026-07-27T19:45:17,FAIL,FAIL
G2,B8,p3_char_0260_伙,伙,260,6,rare,character,1,False,FAIL,binary_or_4tier,2026-07-27T19:45:18,FAIL,FAIL
G1,B8,p3_char_0260_伙,伙,260,6,rare,character,1,False,FAIL,binary_or_4tier,2026-07-27T19:45:24,FAIL,FAIL
G4,B8,p3_char_0260_伙,伙,260,6,rare,character,1,False,PASS,binary_or_4tier,2026-07-27T19:45:24,PASS,PASS
G1,B8,p3_char_0261_再,再,261,6,common,character,1,False,FAIL,binary_or_4tier,2026-07-27T19:45:26,FAIL,FAIL
G4,B8,p3_char_0261_再,再,261,6,common,character,1,False,PASS,binary_or_4tier,2026-07-27T19:45:27,PASS,PASS
G2,B8,p3_char_0261_再,再,261,6,common,character,1,False,FAIL,binary_or_4tier,2026-07-27T19:45:27,FAIL,FAIL
G3,B8,p3_char_0261_再,再,261,6,common,character,1,False,FAIL,binary_or_4tier,2026-07-27T19:45:28,FAIL,FAIL
G1,B8,p3_char_0262_伛,伛,262,6,rare,character,1,False,FAIL,binary_or_4tier,2026-07-27T19:45:29,FAIL,FAIL
G4,B8,p3_char_0262_伛,伛,262,6,rare,character,1,False,PASS,binary_or_4tier,2026-07-27T19:45:30,PASS,PASS
G3,B8,p3_char_0262_伛,伛,262,6,rare,character,1,False,PASS,binary_or_4tier,2026-07-27T19:45:31,PASS,PASS
G2,B8,p3_char_0262_伛,伛,262,6,rare,character,1,False,PASS,binary_or_4tier,2026-07-27T19:45:31,PASS,PASS
G3,B8,p3_char_0263_她,她,263,6,common,character,1,False,FAIL,binary_or_4tier,2026-07-27T19:45:32,FAIL,FAIL
G4,B8,p3_char_0263_她,她,263,6,common,character,1,False,FAIL,binary_or_4tier,2026-07-27T19:45:33,FAIL,FAIL
G1,B8,p3_char_0263_她,她,263,6,common,character,1,False,FAIL,binary_or_4tier,2026-07-27T19:45:34,FAIL,FAIL
G2,B8,p3_char_0263_她,她,263,6,common,character,1,False,FAIL,binary_or_4tier,2026-07-27T19:45:36,FAIL,FAIL
G2,B8,p3_char_0264_伢,伢,264,6,rare,character,1,False,FAIL,binary_or_4tier,2026-07-27T19:45:37,FAIL,FAIL
G1,B8,p3_char_0264_伢,伢,264,6,rare,character,1,False,FAIL,binary_or_4tier,2026-07-27T19:45:37,FAIL,FAIL
G3,B8,p3_char_0264_伢,伢,264,6,rare,character,1,False,FAIL,binary_or_4tier,2026-07-27T19:45:38,FAIL,FAIL
G4,B8,p3_char_0264_伢,伢,264,6,rare,character,1,False,FAIL,binary_or_4tier,2026-07-27T19:45:38,FAIL,FAIL
G1,B8,p3_char_0265_名,名,265,6,common,character,1,False,FAIL,binary_or_4tier,2026-07-27T19:45:40,FAIL,FAIL
G4,B8,p3_char_0265_名,名,265,6,common,character,1,False,FAIL,binary_or_4tier,2026-07-27T19:45:43,FAIL,FAIL
G3,B8,p3_char_0265_名,名,265,6,common,character,1,False,FAIL,binary_or_4tier,2026-07-27T19:45:44,FAIL,FAIL
G2,B8,p3_char_0265_名,名,265,6,common,character,1,False,FAIL,binary_or_4tier,2026-07-27T19:45:44,FAIL,FAIL
G4,B8,p3_char_0266_伥,伥,266,6,rare,character,1,False,FAIL,binary_or_4tier,2026-07-27T19:45:47,FAIL,FAIL
G2,B8,p3_char_0266_伥,伥,266,6,rare,character,1,False,FAIL,binary_or_4tier,2026-07-27T19:45:47,FAIL,FAIL
G3,B8,p3_char_0266_伥,伥,266,6,rare,character,1,False,FAIL,binary_or_4tier,2026-07-27T19:45:47,FAIL,FAIL
G1,B8,p3_char_0266_伥,伥,266,6,rare,character,1,False,FAIL,binary_or_4tier,2026-07-27T19:45:48,FAIL,FAIL
G1,B8,p3_char_0267_西,西,267,6,common,character,1,False,FAIL,binary_or_4tier,2026-07-27T19:45:48,FAIL,FAIL
G2,B8,p3_char_0267_西,西,267,6,common,character,1,False,FAIL,binary_or_4tier,2026-07-27T19:45:49,FAIL,FAIL
G3,B8,p3_char_0267_西,西,267,6,common,character,1,False,FAIL,binary_or_4tier,2026-07-27T19:45:49,FAIL,FAIL
G4,B8,p3_char_0267_西,西,267,6,common,character,1,False,FAIL,binary_or_4tier,2026-07-27T19:45:50,FAIL,FAIL
G3,B8,p3_char_0268_伦,伦,268,6,rare,character,1,False,FAIL,binary_or_4tier,2026-07-27T19:45:51,FAIL,FAIL
G1,B8,p3_char_0268_伦,伦,268,6,rare,character,1,False,FAIL,binary_or_4tier,2026-07-27T19:45:51,FAIL,FAIL
G2,B8,p3_char_0268_伦,伦,268,6,rare,character,1,False,PASS,binary_or_4tier,2026-07-27T19:45:53,PASS,PASS
G4,B8,p3_char_0268_伦,伦,268,6,rare,character,1,False,PASS,binary_or_4tier,2026-07-27T19:45:54,PASS,PASS
G4,B8,p3_char_0269_合,合,269,6,common,character,1,False,PASS,binary_or_4tier,2026-07-27T19:46:01,PASS,PASS
G2,B8,p3_char_0269_合,合,269,6,common,character,1,False,FAIL,binary_or_4tier,2026-07-27T19:46:02,FAIL,FAIL
G1,B8,p3_char_0269_合,合,269,6,common,character,1,False,FAIL,binary_or_4tier,2026-07-27T19:46:03,FAIL,FAIL
G3,B8,p3_char_0269_合,合,269,6,common,character,1,False,FAIL,binary_or_4tier,2026-07-27T19:46:04,FAIL,FAIL
G1,B8,p3_char_0270_伧,伧,270,6,rare,character,1,False,FAIL,binary_or_4tier,2026-07-27T19:46:04,FAIL,FAIL
G2,B8,p3_char_0270_伧,伧,270,6,rare,character,1,False,FAIL,binary_or_4tier,2026-07-27T19:46:05,FAIL,FAIL
G3,B8,p3_char_0270_伧,伧,270,6,rare,character,1,False,FAIL,binary_or_4tier,2026-07-27T19:46:05,FAIL,FAIL
G4,B8,p3_char_0270_伧,伧,270,6,rare,character,1,False,FAIL,binary_or_4tier,2026-07-27T19:46:06,FAIL,FAIL
G1,B8,p3_char_0271_老,老,271,6,common,character,1,False,FAIL,binary_or_4tier,2026-07-27T19:46:10,FAIL,FAIL
G4,B8,p3_char_0271_老,老,271,6,common,character,1,False,PASS,binary_or_4tier,2026-07-27T19:46:11,PASS,PASS
G2,B8,p3_char_0271_老,老,271,6,common,character,1,False,FAIL,binary_or_4tier,2026-07-27T19:46:13,FAIL,FAIL
G3,B8,p3_char_0271_老,老,271,6,common,character,1,False,FAIL,binary_or_4tier,2026-07-27T19:46:14,FAIL,FAIL
G1,B8,p3_char_0272_伪,伪,272,6,rare,character,1,False,FAIL,binary_or_4tier,2026-07-27T19:46:15,FAIL,FAIL
G2,B8,p3_char_0272_伪,伪,272,6,rare,character,1,False,PASS,binary_or_4tier,2026-07-27T19:46:18,PASS,PASS
G4,B8,p3_char_0272_伪,伪,272,6,rare,character,1,False,FAIL,binary_or_4tier,2026-07-27T19:46:19,FAIL,FAIL
G3,B8,p3_char_0272_伪,伪,272,6,rare,character,1,False,FAIL,binary_or_4tier,2026-07-27T19:46:33,FAIL,FAIL
G1,B8,p3_char_0273_次,次,273,6,common,character,1,False,FAIL,binary_or_4tier,2026-07-27T19:46:33,FAIL,FAIL
G2,B8,p3_char_0273_次,次,273,6,common,character,1,False,FAIL,binary_or_4tier,2026-07-27T19:46:34,FAIL,FAIL
G3,B8,p3_char_0273_次,次,273,6,common,character,1,False,FAIL,binary_or_4tier,2026-07-27T19:46:35,FAIL,FAIL
G4,B8,p3_char_0273_次,次,273,6,common,character,1,False,FAIL,binary_or_4tier,2026-07-27T19:46:37,FAIL,FAIL
G2,B8,p3_char_0274_伫,伫,274,6,rare,character,1,False,FAIL,binary_or_4tier,2026-07-27T19:46:38,FAIL,FAIL
G1,B8,p3_char_0274_伫,伫,274,6,rare,character,1,False,PASS,binary_or_4tier,2026-07-27T19:46:41,PASS,PASS
G3,B8,p3_char_0274_伫,伫,274,6,rare,character,1,False,FAIL,binary_or_4tier,2026-07-27T19:46:46,FAIL,FAIL
G4,B8,p3_char_0274_伫,伫,274,6,rare,character,1,False,FAIL,binary_or_4tier,2026-07-27T19:46:50,FAIL,FAIL
G3,B8,p3_char_0275_任,任,275,6,common,character,1,False,FAIL,binary_or_4tier,2026-07-27T19:46:50,FAIL,FAIL
G2,B8,p3_char_0275_任,任,275,6,common,character,1,False,FAIL,binary_or_4tier,2026-07-27T19:46:57,FAIL,FAIL
G4,B8,p3_char_0275_任,任,275,6,common,character,1,False,PASS,binary_or_4tier,2026-07-27T19:46:58,PASS,PASS
G1,B8,p3_char_0275_任,任,275,6,common,character,1,False,FAIL,binary_or_4tier,2026-07-27T19:46:58,FAIL,FAIL
G1,B8,p3_char_0276_佤,佤,276,6,rare,character,1,False,FAIL,binary_or_4tier,2026-07-27T19:46:59,FAIL,FAIL
G3,B8,p3_char_0276_佤,佤,276,6,rare,character,1,False,FAIL,binary_or_4tier,2026-07-27T19:47:00,FAIL,FAIL
G4,B8,p3_char_0276_佤,佤,276,6,rare,character,1,False,FAIL,binary_or_4tier,2026-07-27T19:47:00,FAIL,FAIL
G2,B8,p3_char_0276_佤,佤,276,6,rare,character,1,False,FAIL,binary_or_4tier,2026-07-27T19:47:01,FAIL,FAIL
G4,B8,p3_char_0277_先,先,277,6,common,character,1,False,PASS,binary_or_4tier,2026-07-27T19:47:07,PASS,PASS
G3,B8,p3_char_0277_先,先,277,6,common,character,1,False,FAIL,binary_or_4tier,2026-07-27T19:47:08,FAIL,FAIL
G2,B8,p3_char_0277_先,先,277,6,common,character,1,False,FAIL,binary_or_4tier,2026-07-27T19:47:08,FAIL,FAIL
G1,B8,p3_char_0277_先,先,277,6,common,character,1,False,FAIL,binary_or_4tier,2026-07-27T19:47:09,FAIL,FAIL
G4,B8,p3_char_0278_齐,齐,278,6,rare,character,1,False,PASS,binary_or_4tier,2026-07-27T19:47:10,PASS,PASS
G2,B8,p3_char_0278_齐,齐,278,6,rare,character,1,False,FAIL,binary_or_4tier,2026-07-27T19:47:10,FAIL,FAIL
G3,B8,p3_char_0278_齐,齐,278,6,rare,character,1,False,FAIL,binary_or_4tier,2026-07-27T19:47:11,FAIL,FAIL
G1,B8,p3_char_0278_齐,齐,278,6,rare,character,1,False,FAIL,binary_or_4tier,2026-07-27T19:47:11,FAIL,FAIL
G3,B8,p3_char_0279_色,色,279,6,common,character,1,False,FAIL,binary_or_4tier,2026-07-27T19:47:12,FAIL,FAIL
G4,B8,p3_char_0279_色,色,279,6,common,character,1,False,FAIL,binary_or_4tier,2026-07-27T19:47:12,FAIL,FAIL
G2,B8,p3_char_0279_色,色,279,6,common,character,1,False,FAIL,binary_or_4tier,2026-07-27T19:47:13,FAIL,FAIL
G1,B8,p3_char_0279_色,色,279,6,common,character,1,False,FAIL,binary_or_4tier,2026-07-27T19:47:13,FAIL,FAIL
G4,B8,p3_char_0280_兆,兆,280,6,rare,character,1,False,FAIL,binary_or_4tier,2026-07-27T19:47:20,FAIL,FAIL
G1,B8,p3_char_0280_兆,兆,280,6,rare,character,1,False,FAIL,binary_or_4tier,2026-07-27T19:47:21,FAIL,FAIL
G2,B8,p3_char_0280_兆,兆,280,6,rare,character,1,False,FAIL,binary_or_4tier,2026-07-27T19:47:21,FAIL,FAIL
G3,B8,p3_char_0280_兆,兆,280,6,rare,character,1,False,FAIL,binary_or_4tier,2026-07-27T19:47:22,FAIL,FAIL
G2,B8,p3_char_0281_设,设,281,6,common,character,1,False,FAIL,binary_or_4tier,2026-07-27T19:47:22,FAIL,FAIL
G1,B8,p3_char_0281_设,设,281,6,common,character,1,False,FAIL,binary_or_4tier,2026-07-27T19:47:23,FAIL,FAIL
G3,B8,p3_char_0281_设,设,281,6,common,character,1,False,FAIL,binary_or_4tier,2026-07-27T19:47:23,FAIL,FAIL
G4,B8,p3_char_0281_设,设,281,6,common,character,1,False,FAIL,binary_or_4tier,2026-07-27T19:47:28,FAIL,FAIL
G4,B8,p3_char_0282_兇,兇,282,6,rare,character,1,False,PASS,binary_or_4tier,2026-07-27T19:47:34,PASS,PASS
G1,B8,p3_char_0282_兇,兇,282,6,rare,character,1,False,FAIL,binary_or_4tier,2026-07-27T19:47:35,FAIL,FAIL
G2,B8,p3_char_0282_兇,兇,282,6,rare,character,1,False,FAIL,binary_or_4tier,2026-07-27T19:47:35,FAIL,FAIL
G3,B8,p3_char_0282_兇,兇,282,6,rare,character,1,False,PASS,binary_or_4tier,2026-07-27T19:47:37,PASS,PASS
G2,B8,p3_char_0283_传,传,283,6,common,character,1,False,FAIL,binary_or_4tier,2026-07-27T19:47:38,FAIL,FAIL
G1,B8,p3_char_0283_传,传,283,6,common,character,1,False,FAIL,binary_or_4tier,2026-07-27T19:47:38,FAIL,FAIL
G3,B8,p3_char_0283_传,传,283,6,common,character,1,False,FAIL,binary_or_4tier,2026-07-27T19:47:38,FAIL,FAIL
G4,B8,p3_char_0283_传,传,283,6,common,character,1,False,FAIL,binary_or_4tier,2026-07-27T19:47:39,FAIL,FAIL
G3,B8,p3_char_0197_矢__retry_1__G3,矢__retry_1__G3,197,,,character,1,False,FAIL,binary_or_4tier,2026-07-27T19:47:44,FAIL,FAIL
G3,B8,p3_char_0216_失__retry_1__G3,失__retry_1__G3,216,,,character,1,False,FAIL,binary_or_4tier,2026-07-27T19:47:44,FAIL,FAIL
G3,B8,p3_char_0226_乔__retry_1__G3,乔__retry_1__G3,226,,,character,1,False,FAIL,binary_or_4tier,2026-07-27T19:47:50,FAIL,FAIL
G3,B8,p3_char_0193_癶__retry_1__G3,癶__retry_1__G3,193,,,character,1,False,FAIL,binary_or_4tier,2026-07-27T19:47:52,FAIL,FAIL
G3,B8,p2_radical_011_匕__retry_5__G3,匕__retry_5__G3,,,radical,radical,1,False,FAIL,binary_or_4tier,2026-07-27T19:47:53,FAIL,FAIL
G3,B8,p3_char_0173_仔__retry_2__G3,仔__retry_2__G3,173,,,character,1,False,FAIL,binary_or_4tier,2026-07-27T19:47:54,FAIL,FAIL
G3,B8,p3_char_0176_平__retry_2__G3,平__retry_2__G3,176,,,character,1,False,FAIL,binary_or_4tier,2026-07-27T19:47:54,FAIL,FAIL
G4,B8,p2_radical_088_长__retry_4__G4,长__retry_4__G4,,,radical,radical,1,False,FAIL,binary_or_4tier,2026-07-27T19:47:55,FAIL,FAIL
G4,B8,p2_radical_081_夂__retry_4__G4,夂__retry_4__G4,,,radical,radical,1,False,FAIL,binary_or_4tier,2026-07-27T19:47:56,FAIL,FAIL
G4,B8,p2_radical_084_夊__retry_4__G4,夊__retry_4__G4,,,radical,radical,1,False,FAIL,binary_or_4tier,2026-07-27T19:47:58,FAIL,FAIL
G4,B8,p2_radical_119_水__retry_2__G4,水__retry_2__G4,,,radical,radical,1,False,FAIL,binary_or_4tier,2026-07-27T19:47:59,FAIL,FAIL
G4,B8,p2_radical_116_礻__retry_2__G4,礻__retry_2__G4,,,radical,radical,1,False,FAIL,binary_or_4tier,2026-07-27T19:48:00,FAIL,FAIL
G4,B8,p2_radical_135_无__retry_3__G4,无__retry_3__G4,,,radical,radical,1,False,FAIL,binary_or_4tier,2026-07-27T19:48:00,FAIL,FAIL
G4,B8,p2_radical_111_气__retry_3__G4,气__retry_3__G4,,,radical,radical,1,False,FAIL,binary_or_4tier,2026-07-27T19:48:01,FAIL,FAIL
G4,B9,p3_char_0284_龹,龹,284,6,rare,character,1,False,FAIL,binary_or_4tier,2026-07-30T14:29:57,FAIL,FAIL
G2,B9,p3_char_0284_龹,龹,284,6,rare,character,1,False,FAIL,binary_or_4tier,2026-07-30T14:29:57,FAIL,FAIL
G1,B9,p3_char_0284_龹,龹,284,6,rare,character,1,False,PASS,binary_or_4tier,2026-07-30T14:30:01,PASS,PASS
G3,B9,p3_char_0284_龹,龹,284,6,rare,character,1,False,FAIL,binary_or_4tier,2026-07-30T14:30:05,FAIL,FAIL
G4,B9,p3_char_0285_师,师,285,6,common,character,1,False,FAIL,binary_or_4tier,2026-07-30T14:30:10,FAIL,FAIL
G1,B9,p3_char_0285_师,师,285,6,common,character,1,False,FAIL,binary_or_4tier,2026-07-30T14:30:12,FAIL,FAIL
G2,B9,p3_char_0285_师,师,285,6,common,character,1,False,FAIL,binary_or_4tier,2026-07-30T14:30:13,FAIL,FAIL
G3,B9,p3_char_0285_师,师,285,6,common,character,1,False,FAIL,binary_or_4tier,2026-07-30T14:30:13,FAIL,FAIL
G3,B9,p3_char_0286_冱,冱,286,6,rare,character,1,False,FAIL,binary_or_4tier,2026-07-30T14:30:15,FAIL,FAIL
G4,B9,p3_char_0286_冱,冱,286,6,rare,character,1,False,FAIL,binary_or_4tier,2026-07-30T14:30:15,FAIL,FAIL
G1,B9,p3_char_0286_冱,冱,286,6,rare,character,1,False,FAIL,binary_or_4tier,2026-07-30T14:30:16,FAIL,FAIL
G2,B9,p3_char_0286_冱,冱,286,6,rare,character,1,False,FAIL,binary_or_4tier,2026-07-30T14:30:17,FAIL,FAIL
G1,B9,p3_char_0287_光,光,287,6,common,character,1,False,FAIL,binary_or_4tier,2026-07-30T14:30:19,FAIL,FAIL
G3,B9,p3_char_0287_光,光,287,6,common,character,1,False,PASS,binary_or_4tier,2026-07-30T14:30:20,PASS,PASS
G4,B9,p3_char_0287_光,光,287,6,common,character,1,False,A,4tier,2026-07-30T14:30:26,A,A
G2,B9,p3_char_0287_光,光,287,6,common,character,1,False,FAIL,binary_or_4tier,2026-07-30T14:30:31,FAIL,FAIL
G3,B9,p3_char_0288_凫,凫,288,6,rare,character,1,False,FAIL,binary_or_4tier,2026-07-30T14:30:32,FAIL,FAIL
G2,B9,p3_char_0288_凫,凫,288,6,rare,character,1,False,FAIL,binary_or_4tier,2026-07-30T14:30:32,FAIL,FAIL
G4,B9,p3_char_0288_凫,凫,288,6,rare,character,1,False,FAIL,binary_or_4tier,2026-07-30T14:30:33,FAIL,FAIL
G1,B9,p3_char_0288_凫,凫,288,6,rare,character,1,False,FAIL,binary_or_4tier,2026-07-30T14:30:34,FAIL,FAIL
G2,B9,p3_char_0289_我,我,289,7,common,character,1,False,FAIL,binary_or_4tier,2026-07-30T14:30:39,FAIL,FAIL
G3,B9,p3_char_0289_我,我,289,7,common,character,1,False,FAIL,binary_or_4tier,2026-07-30T14:30:40,FAIL,FAIL
G1,B9,p3_char_0289_我,我,289,7,common,character,1,False,FAIL,binary_or_4tier,2026-07-30T14:30:41,FAIL,FAIL
G4,B9,p3_char_0289_我,我,289,7,common,character,1,False,PASS,binary_or_4tier,2026-07-30T14:30:49,PASS,PASS
G2,B9,p3_char_0290_甸,甸,290,7,rare,character,1,False,FAIL,binary_or_4tier,2026-07-30T14:30:51,FAIL,FAIL
G3,B9,p3_char_0290_甸,甸,290,7,rare,character,1,False,PASS,binary_or_4tier,2026-07-30T14:30:52,PASS,PASS
G4,B9,p3_char_0290_甸,甸,290,7,rare,character,1,False,FAIL,binary_or_4tier,2026-07-30T14:30:54,FAIL,FAIL
G1,B9,p3_char_0290_甸,甸,290,7,rare,character,1,False,PASS,binary_or_4tier,2026-07-30T14:30:55,PASS,PASS
G3,B9,p3_char_0291_这,这,291,7,common,character,1,False,PASS,binary_or_4tier,2026-07-30T14:31:03,PASS,PASS
G2,B9,p3_char_0291_这,这,291,7,common,character,1,False,FAIL,binary_or_4tier,2026-07-30T14:31:05,FAIL,FAIL
G1,B9,p3_char_0291_这,这,291,7,common,character,1,False,FAIL,binary_or_4tier,2026-07-30T14:31:06,FAIL,FAIL
G4,B9,p3_char_0291_这,这,291,7,common,character,1,False,A,4tier,2026-07-30T14:31:10,A,A
G1,B9,p3_char_0292_甹,甹,292,7,rare,character,1,False,FAIL,binary_or_4tier,2026-07-30T14:31:12,FAIL,FAIL
G3,B9,p3_char_0292_甹,甹,292,7,rare,character,1,False,FAIL,binary_or_4tier,2026-07-30T14:31:13,FAIL,FAIL
G2,B9,p3_char_0292_甹,甹,292,7,rare,character,1,False,FAIL,binary_or_4tier,2026-07-30T14:31:14,FAIL,FAIL
G4,B9,p3_char_0292_甹,甹,292,7,rare,character,1,False,FAIL,binary_or_4tier,2026-07-30T14:31:28,FAIL,FAIL
G3,B9,p3_char_0293_来,来,293,7,common,character,1,False,FAIL,binary_or_4tier,2026-07-30T14:31:29,FAIL,FAIL
G2,B9,p3_char_0293_来,来,293,7,common,character,1,False,FAIL,binary_or_4tier,2026-07-30T14:31:31,FAIL,FAIL
G4,B9,p3_char_0293_来,来,293,7,common,character,1,False,A,4tier,2026-07-30T14:31:32,A,A
G1,B9,p3_char_0293_来,来,293,7,common,character,1,False,PASS,binary_or_4tier,2026-07-30T14:31:33,PASS,PASS
G4,B9,p3_char_0294_町,町,294,7,rare,character,1,False,PASS,binary_or_4tier,2026-07-30T14:31:40,PASS,PASS
G2,B9,p3_char_0294_町,町,294,7,rare,character,1,False,PASS,binary_or_4tier,2026-07-30T14:31:41,PASS,PASS
G3,B9,p3_char_0294_町,町,294,7,rare,character,1,False,PASS,binary_or_4tier,2026-07-30T14:31:41,PASS,PASS
G1,B9,p3_char_0294_町,町,294,7,rare,character,1,False,PASS,binary_or_4tier,2026-07-30T14:31:42,PASS,PASS
G2,B9,p3_char_0295_时,时,295,7,common,character,1,False,PASS,binary_or_4tier,2026-07-30T14:31:43,PASS,PASS
G1,B9,p3_char_0295_时,时,295,7,common,character,1,False,PASS,binary_or_4tier,2026-07-30T14:31:44,PASS,PASS
G4,B9,p3_char_0295_时,时,295,7,common,character,1,False,FAIL,binary_or_4tier,2026-07-30T14:31:45,FAIL,FAIL
G3,B9,p3_char_0295_时,时,295,7,common,character,1,False,FAIL,binary_or_4tier,2026-07-30T14:31:50,FAIL,FAIL
G3,B9,p3_char_0296_串,串,296,7,rare,character,1,False,FAIL,binary_or_4tier,2026-07-30T14:31:53,FAIL,FAIL
G1,B9,p3_char_0296_串,串,296,7,rare,character,1,False,FAIL,binary_or_4tier,2026-07-30T14:31:53,FAIL,FAIL
G4,B9,p3_char_0296_串,串,296,7,rare,character,1,False,FAIL,binary_or_4tier,2026-07-30T14:31:54,FAIL,FAIL
G2,B9,p3_char_0296_串,串,296,7,rare,character,1,False,FAIL,binary_or_4tier,2026-07-30T14:31:55,FAIL,FAIL
G4,B9,p3_char_0297_你,你,297,7,common,character,1,False,FAIL,binary_or_4tier,2026-07-30T14:31:56,FAIL,FAIL
G2,B9,p3_char_0297_你,你,297,7,common,character,1,False,A,4tier,2026-07-30T14:32:01,A,A
G1,B9,p3_char_0297_你,你,297,7,common,character,1,False,FAIL,binary_or_4tier,2026-07-30T14:32:03,FAIL,FAIL
G3,B9,p3_char_0297_你,你,297,7,common,character,1,False,FAIL,binary_or_4tier,2026-07-30T14:32:06,FAIL,FAIL
G1,B9,p3_char_0298_丽,丽,298,7,rare,character,1,False,FAIL,binary_or_4tier,2026-07-30T14:32:07,FAIL,FAIL
G4,B9,p3_char_0298_丽,丽,298,7,rare,character,1,False,FAIL,binary_or_4tier,2026-07-30T14:32:16,FAIL,FAIL
G3,B9,p3_char_0298_丽,丽,298,7,rare,character,1,False,FAIL,binary_or_4tier,2026-07-30T14:32:17,FAIL,FAIL
G2,B9,p3_char_0298_丽,丽,298,7,rare,character,1,False,FAIL,binary_or_4tier,2026-07-30T14:32:33,FAIL,FAIL
G2,B9,p3_char_0299_里,里,299,7,common,character,1,False,PASS,binary_or_4tier,2026-07-30T14:32:33,PASS,PASS
G1,B9,p3_char_0299_里,里,299,7,common,character,1,False,FAIL,binary_or_4tier,2026-07-30T14:32:34,FAIL,FAIL
G3,B9,p3_char_0299_里,里,299,7,common,character,1,False,PASS,binary_or_4tier,2026-07-30T14:32:36,PASS,PASS
G4,B9,p3_char_0299_里,里,299,7,common,character,1,False,PASS,binary_or_4tier,2026-07-30T14:32:38,PASS,PASS
G4,B9,p3_char_0300_乱,乱,300,7,rare,character,1,False,A,4tier,2026-07-30T14:32:40,A,A
G3,B9,p3_char_0300_乱,乱,300,7,rare,character,1,False,FAIL,binary_or_4tier,2026-07-30T14:32:42,FAIL,FAIL
G1,B9,p3_char_0300_乱,乱,300,7,rare,character,1,False,FAIL,binary_or_4tier,2026-07-30T14:32:43,FAIL,FAIL
G2,B9,p3_char_0300_乱,乱,300,7,rare,character,1,False,FAIL,binary_or_4tier,2026-07-30T14:32:44,FAIL,FAIL
G3,B9,p3_char_0301_作,作,301,7,common,character,1,False,PASS,binary_or_4tier,2026-07-30T14:32:48,PASS,PASS
G1,B9,p3_char_0301_作,作,301,7,common,character,1,False,FAIL,binary_or_4tier,2026-07-30T14:33:07,FAIL,FAIL
G2,B9,p3_char_0301_作,作,301,7,common,character,1,False,FAIL,binary_or_4tier,2026-07-30T14:33:07,FAIL,FAIL
G4,B9,p3_char_0301_作,作,301,7,common,character,1,False,PASS,binary_or_4tier,2026-07-30T14:33:08,PASS,PASS
G4,B9,p3_char_0302_疔,疔,302,7,rare,character,1,False,FAIL,binary_or_4tier,2026-07-30T14:33:10,FAIL,FAIL
G1,B9,p3_char_0302_疔,疔,302,7,rare,character,1,False,FAIL,binary_or_4tier,2026-07-30T14:33:11,FAIL,FAIL
G3,B9,p3_char_0302_疔,疔,302,7,rare,character,1,False,PASS,binary_or_4tier,2026-07-30T14:33:13,PASS,PASS
G2,B9,p3_char_0302_疔,疔,302,7,rare,character,1,False,FAIL,binary_or_4tier,2026-07-30T14:33:21,FAIL,FAIL
G4,B9,p3_char_0303_进,进,303,7,common,character,1,False,FAIL,binary_or_4tier,2026-07-30T14:33:22,FAIL,FAIL
G3,B9,p3_char_0303_进,进,303,7,common,character,1,False,PASS,binary_or_4tier,2026-07-30T14:33:24,PASS,PASS
G1,B9,p3_char_0303_进,进,303,7,common,character,1,False,FAIL,binary_or_4tier,2026-07-30T14:33:31,FAIL,FAIL
G2,B9,p3_char_0303_进,进,303,7,common,character,1,False,PASS,binary_or_4tier,2026-07-30T14:33:35,PASS,PASS
G3,B9,p3_char_0304_疖,疖,304,7,rare,character,1,False,FAIL,binary_or_4tier,2026-07-30T14:33:37,FAIL,FAIL
G1,B9,p3_char_0304_疖,疖,304,7,rare,character,1,False,FAIL,binary_or_4tier,2026-07-30T14:33:38,FAIL,FAIL
G4,B9,p3_char_0304_疖,疖,304,7,rare,character,1,False,PASS,binary_or_4tier,2026-07-30T14:33:42,PASS,PASS
G2,B9,p3_char_0304_疖,疖,304,7,rare,character,1,False,FAIL,binary_or_4tier,2026-07-30T14:33:45,FAIL,FAIL
G2,B9,p3_char_0305_还,还,305,7,common,character,1,False,FAIL,binary_or_4tier,2026-07-30T14:33:47,FAIL,FAIL
G3,B9,p3_char_0305_还,还,305,7,common,character,1,False,FAIL,binary_or_4tier,2026-07-30T14:33:52,FAIL,FAIL
G1,B9,p3_char_0305_还,还,305,7,common,character,1,False,FAIL,binary_or_4tier,2026-07-30T14:33:53,FAIL,FAIL
G4,B9,p3_char_0305_还,还,305,7,common,character,1,False,A,4tier,2026-07-30T14:33:55,A,A
G4,B9,p3_char_0306_亨,亨,306,7,rare,character,1,False,FAIL,binary_or_4tier,2026-07-30T14:34:00,FAIL,FAIL
G3,B9,p3_char_0306_亨,亨,306,7,rare,character,1,False,FAIL,binary_or_4tier,2026-07-30T14:34:01,FAIL,FAIL
G1,B9,p3_char_0306_亨,亨,306,7,rare,character,1,False,FAIL,binary_or_4tier,2026-07-30T14:34:01,FAIL,FAIL
G2,B9,p3_char_0306_亨,亨,306,7,rare,character,1,False,FAIL,binary_or_4tier,2026-07-30T14:34:04,FAIL,FAIL
G2,B9,p3_char_0307_没,没,307,7,common,character,1,False,A,4tier,2026-07-30T14:34:06,A,A
G1,B9,p3_char_0307_没,没,307,7,common,character,1,False,FAIL,binary_or_4tier,2026-07-30T14:34:07,FAIL,FAIL
G3,B9,p3_char_0307_没,没,307,7,common,character,1,False,FAIL,binary_or_4tier,2026-07-30T14:34:09,FAIL,FAIL
G4,B9,p3_char_0307_没,没,307,7,common,character,1,False,FAIL,binary_or_4tier,2026-07-30T14:34:10,FAIL,FAIL
G1,B9,p3_char_0308_亩,亩,308,7,rare,character,1,False,PASS,binary_or_4tier,2026-07-30T14:34:14,PASS,PASS
G4,B9,p3_char_0308_亩,亩,308,7,rare,character,1,False,PASS,binary_or_4tier,2026-07-30T14:34:15,PASS,PASS
G3,B9,p3_char_0308_亩,亩,308,7,rare,character,1,False,PASS,binary_or_4tier,2026-07-30T14:34:16,PASS,PASS
G2,B9,p3_char_0308_亩,亩,308,7,rare,character,1,False,PASS,binary_or_4tier,2026-07-30T14:34:19,PASS,PASS
G4,B9,p3_char_0309_两,两,309,7,common,character,1,False,FAIL,binary_or_4tier,2026-07-30T14:34:20,FAIL,FAIL
G3,B9,p3_char_0309_两,两,309,7,common,character,1,False,FAIL,binary_or_4tier,2026-07-30T14:34:21,FAIL,FAIL
G1,B9,p3_char_0309_两,两,309,7,common,character,1,False,FAIL,binary_or_4tier,2026-07-30T14:34:21,FAIL,FAIL
G2,B9,p3_char_0309_两,两,309,7,common,character,1,False,FAIL,binary_or_4tier,2026-07-30T14:34:22,FAIL,FAIL
G2,B9,p3_char_0310_伯,伯,310,7,rare,character,1,False,PASS,binary_or_4tier,2026-07-30T14:34:27,PASS,PASS
G4,B9,p3_char_0310_伯,伯,310,7,rare,character,1,False,A,4tier,2026-07-30T14:34:28,A,A
G3,B9,p3_char_0310_伯,伯,310,7,rare,character,1,False,PASS,binary_or_4tier,2026-07-30T14:34:30,PASS,PASS
G1,B9,p3_char_0310_伯,伯,310,7,rare,character,1,False,PASS,binary_or_4tier,2026-07-30T14:34:31,PASS,PASS
G4,B9,p3_char_0311_身,身,311,7,common,character,1,False,FAIL,binary_or_4tier,2026-07-30T14:34:33,FAIL,FAIL
G1,B9,p3_char_0311_身,身,311,7,common,character,1,False,FAIL,binary_or_4tier,2026-07-30T14:34:34,FAIL,FAIL
G2,B9,p3_char_0311_身,身,311,7,common,character,1,False,FAIL,binary_or_4tier,2026-07-30T14:34:34,FAIL,FAIL
G3,B9,p3_char_0311_身,身,311,7,common,character,1,False,FAIL,binary_or_4tier,2026-07-30T14:34:34,FAIL,FAIL
G2,B9,p3_char_0312_伲,伲,312,7,rare,character,1,False,FAIL,binary_or_4tier,2026-07-30T14:34:35,FAIL,FAIL
G3,B9,p3_char_0312_伲,伲,312,7,rare,character,1,False,FAIL,binary_or_4tier,2026-07-30T14:34:37,FAIL,FAIL
G1,B9,p3_char_0312_伲,伲,312,7,rare,character,1,False,FAIL,binary_or_4tier,2026-07-30T14:34:37,FAIL,FAIL
G4,B9,p3_char_0312_伲,伲,312,7,rare,character,1,False,FAIL,binary_or_4tier,2026-07-30T14:34:42,FAIL,FAIL
G3,B9,p3_char_0313_位,位,313,7,common,character,1,False,FAIL,binary_or_4tier,2026-07-30T14:34:43,FAIL,FAIL
G4,B9,p3_char_0313_位,位,313,7,common,character,1,False,A,4tier,2026-07-30T14:34:45,A,A
G1,B9,p3_char_0313_位,位,313,7,common,character,1,False,FAIL,binary_or_4tier,2026-07-30T14:34:47,FAIL,FAIL
G2,B9,p3_char_0313_位,位,313,7,common,character,1,False,FAIL,binary_or_4tier,2026-07-30T14:34:48,FAIL,FAIL
G3,B9,p3_char_0314_伶,伶,314,7,rare,character,1,False,FAIL,binary_or_4tier,2026-07-30T14:34:49,FAIL,FAIL
G2,B9,p3_char_0314_伶,伶,314,7,rare,character,1,False,FAIL,binary_or_4tier,2026-07-30T14:34:50,FAIL,FAIL
G4,B9,p3_char_0314_伶,伶,314,7,rare,character,1,False,FAIL,binary_or_4tier,2026-07-30T14:34:50,FAIL,FAIL
G1,B9,p3_char_0314_伶,伶,314,7,rare,character,1,False,FAIL,binary_or_4tier,2026-07-30T14:34:51,FAIL,FAIL
G2,B9,p3_char_0315_声,声,315,7,common,character,1,False,FAIL,binary_or_4tier,2026-07-30T14:34:52,FAIL,FAIL
G3,B9,p3_char_0315_声,声,315,7,common,character,1,False,FAIL,binary_or_4tier,2026-07-30T14:34:52,FAIL,FAIL
G1,B9,p3_char_0315_声,声,315,7,common,character,1,False,FAIL,binary_or_4tier,2026-07-30T14:34:53,FAIL,FAIL
G4,B9,p3_char_0315_声,声,315,7,common,character,1,False,FAIL,binary_or_4tier,2026-07-30T14:34:53,FAIL,FAIL
G4,B9,p3_char_0316_伺,伺,316,7,rare,character,1,False,FAIL,binary_or_4tier,2026-07-30T14:34:57,FAIL,FAIL
G3,B9,p3_char_0316_伺,伺,316,7,rare,character,1,False,FAIL,binary_or_4tier,2026-07-30T14:35:02,FAIL,FAIL
G1,B9,p3_char_0316_伺,伺,316,7,rare,character,1,False,FAIL,binary_or_4tier,2026-07-30T14:35:03,FAIL,FAIL
G2,B9,p3_char_0316_伺,伺,316,7,rare,character,1,False,FAIL,binary_or_4tier,2026-07-30T14:35:03,FAIL,FAIL
G2,B9,p3_char_0317_员,员,317,7,common,character,1,False,FAIL,binary_or_4tier,2026-07-30T14:35:04,FAIL,FAIL
G4,B9,p3_char_0317_员,员,317,7,common,character,1,False,FAIL,binary_or_4tier,2026-07-30T14:35:07,FAIL,FAIL
G3,B9,p3_char_0317_员,员,317,7,common,character,1,False,FAIL,binary_or_4tier,2026-07-30T14:35:07,FAIL,FAIL
G1,B9,p3_char_0317_员,员,317,7,common,character,1,False,FAIL,binary_or_4tier,2026-07-30T14:35:08,FAIL,FAIL
G2,B9,p3_char_0318_伽,伽,318,7,rare,character,1,False,FAIL,binary_or_4tier,2026-07-30T14:35:09,FAIL,FAIL
G1,B9,p3_char_0318_伽,伽,318,7,rare,character,1,False,FAIL,binary_or_4tier,2026-07-30T14:35:10,FAIL,FAIL
G4,B9,p3_char_0318_伽,伽,318,7,rare,character,1,False,FAIL,binary_or_4tier,2026-07-30T14:35:14,FAIL,FAIL
G3,B9,p3_char_0318_伽,伽,318,7,rare,character,1,False,FAIL,binary_or_4tier,2026-07-30T14:35:16,FAIL,FAIL
G4,B9,p3_char_0319_听,听,319,7,common,character,1,False,FAIL,binary_or_4tier,2026-07-30T14:35:22,FAIL,FAIL
G1,B9,p3_char_0319_听,听,319,7,common,character,1,False,FAIL,binary_or_4tier,2026-07-30T14:35:22,FAIL,FAIL
G2,B9,p3_char_0319_听,听,319,7,common,character,1,False,FAIL,binary_or_4tier,2026-07-30T14:35:23,FAIL,FAIL
G3,B9,p3_char_0319_听,听,319,7,common,character,1,False,FAIL,binary_or_4tier,2026-07-30T14:35:23,FAIL,FAIL
G3,B9,p3_char_0320_伾,伾,320,7,rare,character,1,False,FAIL,binary_or_4tier,2026-07-30T14:35:25,FAIL,FAIL
G4,B9,p3_char_0320_伾,伾,320,7,rare,character,1,False,A,4tier,2026-07-30T14:35:35,A,A
G1,B9,p3_char_0320_伾,伾,320,7,rare,character,1,False,FAIL,binary_or_4tier,2026-07-30T14:35:36,FAIL,FAIL
G2,B9,p3_char_0320_伾,伾,320,7,rare,character,1,False,FAIL,binary_or_4tier,2026-07-30T14:35:37,FAIL,FAIL
G2,B9,p3_char_0321_把,把,321,7,common,character,1,False,FAIL,binary_or_4tier,2026-07-30T14:35:38,FAIL,FAIL
G3,B9,p3_char_0321_把,把,321,7,common,character,1,False,FAIL,binary_or_4tier,2026-07-30T14:35:38,FAIL,FAIL
G4,B9,p3_char_0321_把,把,321,7,common,character,1,False,FAIL,binary_or_4tier,2026-07-30T14:35:39,FAIL,FAIL
G1,B9,p3_char_0321_把,把,321,7,common,character,1,False,FAIL,binary_or_4tier,2026-07-30T14:35:39,FAIL,FAIL
G1,B9,p3_char_0322_佃,佃,322,7,rare,character,1,False,PASS,binary_or_4tier,2026-07-30T14:35:41,PASS,PASS
G4,B9,p3_char_0322_佃,佃,322,7,rare,character,1,False,PASS,binary_or_4tier,2026-07-30T14:35:42,PASS,PASS
G3,B9,p3_char_0322_佃,佃,322,7,rare,character,1,False,PASS,binary_or_4tier,2026-07-30T14:35:42,PASS,PASS
G2,B9,p3_char_0322_佃,佃,322,7,rare,character,1,False,PASS,binary_or_4tier,2026-07-30T14:35:43,PASS,PASS
G1,B9,p3_char_0323_形,形,323,7,common,character,1,False,FAIL,binary_or_4tier,2026-07-30T14:35:46,FAIL,FAIL
G4,B9,p3_char_0323_形,形,323,7,common,character,1,False,PASS,binary_or_4tier,2026-07-30T14:35:47,PASS,PASS
G2,B9,p3_char_0323_形,形,323,7,common,character,1,False,FAIL,binary_or_4tier,2026-07-30T14:35:49,FAIL,FAIL
G3,B9,p3_char_0323_形,形,323,7,common,character,1,False,FAIL,binary_or_4tier,2026-07-30T14:35:51,FAIL,FAIL
G2,B9,p3_char_0324_但,但,324,7,rare,character,1,False,PASS,binary_or_4tier,2026-07-30T14:35:54,PASS,PASS
G4,B9,p3_char_0324_但,但,324,7,rare,character,1,False,A,4tier,2026-07-30T14:35:55,A,A
G1,B9,p3_char_0324_但,但,324,7,rare,character,1,False,PASS,binary_or_4tier,2026-07-30T14:35:56,PASS,PASS
G3,B9,p3_char_0324_但,但,324,7,rare,character,1,False,PASS,binary_or_4tier,2026-07-30T14:35:58,PASS,PASS
G3,B9,p3_char_0325_状,状,325,7,common,character,1,False,FAIL,binary_or_4tier,2026-07-30T14:36:02,FAIL,FAIL
G1,B9,p3_char_0325_状,状,325,7,common,character,1,False,FAIL,binary_or_4tier,2026-07-30T14:36:02,FAIL,FAIL
G2,B9,p3_char_0325_状,状,325,7,common,character,1,False,FAIL,binary_or_4tier,2026-07-30T14:36:03,FAIL,FAIL
G4,B9,p3_char_0325_状,状,325,7,common,character,1,False,FAIL,binary_or_4tier,2026-07-30T14:36:05,FAIL,FAIL
G2,B9,p3_char_0326_佇,佇,326,7,rare,character,1,False,FAIL,binary_or_4tier,2026-07-30T14:36:08,FAIL,FAIL
G3,B9,p3_char_0326_佇,佇,326,7,rare,character,1,False,PASS,binary_or_4tier,2026-07-30T14:36:10,PASS,PASS
G1,B9,p3_char_0326_佇,佇,326,7,rare,character,1,False,PASS,binary_or_4tier,2026-07-30T14:36:11,PASS,PASS
G4,B9,p3_char_0326_佇,佇,326,7,rare,character,1,False,FAIL,binary_or_4tier,2026-07-30T14:36:13,FAIL,FAIL
G2,B9,p3_char_0327_识,识,327,7,common,character,1,False,PASS,binary_or_4tier,2026-07-30T14:36:18,PASS,PASS
G1,B9,p3_char_0327_识,识,327,7,common,character,1,False,FAIL,binary_or_4tier,2026-07-30T14:36:20,FAIL,FAIL
G4,B9,p3_char_0327_识,识,327,7,common,character,1,False,PASS,binary_or_4tier,2026-07-30T14:36:21,PASS,PASS
G3,B9,p3_char_0327_识,识,327,7,common,character,1,False,FAIL,binary_or_4tier,2026-07-30T14:36:23,FAIL,FAIL
G1,B9,p3_char_0328_佈,佈,328,7,rare,character,1,False,FAIL,binary_or_4tier,2026-07-30T14:36:24,FAIL,FAIL
G4,B9,p3_char_0328_佈,佈,328,7,rare,character,1,False,FAIL,binary_or_4tier,2026-07-30T14:36:24,FAIL,FAIL
G2,B9,p3_char_0328_佈,佈,328,7,rare,character,1,False,FAIL,binary_or_4tier,2026-07-30T14:36:25,FAIL,FAIL
G3,B9,p3_char_0328_佈,佈,328,7,rare,character,1,False,FAIL,binary_or_4tier,2026-07-30T14:36:26,FAIL,FAIL
G1,B9,p3_char_0329_运,运,329,7,common,character,1,False,FAIL,binary_or_4tier,2026-07-30T14:36:28,FAIL,FAIL
G2,B9,p3_char_0329_运,运,329,7,common,character,1,False,FAIL,binary_or_4tier,2026-07-30T14:36:28,FAIL,FAIL
G3,B9,p3_char_0329_运,运,329,7,common,character,1,False,FAIL,binary_or_4tier,2026-07-30T14:36:29,FAIL,FAIL
G4,B9,p3_char_0329_运,运,329,7,common,character,1,False,FAIL,binary_or_4tier,2026-07-30T14:36:29,FAIL,FAIL
G4,B9,p3_char_0330_佉,佉,330,7,rare,character,1,False,A,4tier,2026-07-30T14:36:32,A,A
G2,B9,p3_char_0330_佉,佉,330,7,rare,character,1,False,FAIL,binary_or_4tier,2026-07-30T14:36:33,FAIL,FAIL
G3,B9,p3_char_0330_佉,佉,330,7,rare,character,1,False,FAIL,binary_or_4tier,2026-07-30T14:36:33,FAIL,FAIL
G1,B9,p3_char_0330_佉,佉,330,7,rare,character,1,False,FAIL,binary_or_4tier,2026-07-30T14:36:34,FAIL,FAIL
G2,B9,p3_char_0331_更,更,331,7,common,character,1,False,FAIL,binary_or_4tier,2026-07-30T14:36:35,FAIL,FAIL
G1,B9,p3_char_0331_更,更,331,7,common,character,1,False,FAIL,binary_or_4tier,2026-07-30T14:36:35,FAIL,FAIL
G4,B9,p3_char_0331_更,更,331,7,common,character,1,False,FAIL,binary_or_4tier,2026-07-30T14:36:36,FAIL,FAIL
G3,B9,p3_char_0331_更,更,331,7,common,character,1,False,FAIL,binary_or_4tier,2026-07-30T14:36:36,FAIL,FAIL
G2,B9,p3_char_0332_佐,佐,332,7,rare,character,1,False,PASS,binary_or_4tier,2026-07-30T14:36:43,PASS,PASS
G4,B9,p3_char_0332_佐,佐,332,7,rare,character,1,False,PASS,binary_or_4tier,2026-07-30T14:36:47,PASS,PASS
G3,B9,p3_char_0332_佐,佐,332,7,rare,character,1,False,PASS,binary_or_4tier,2026-07-30T14:36:48,PASS,PASS
G1,B9,p3_char_0332_佐,佐,332,7,rare,character,1,False,PASS,binary_or_4tier,2026-07-30T14:36:53,PASS,PASS
G3,B9,p3_char_0333_条,条,333,7,common,character,1,False,FAIL,binary_or_4tier,2026-07-30T14:36:54,FAIL,FAIL
G1,B9,p3_char_0333_条,条,333,7,common,character,1,False,FAIL,binary_or_4tier,2026-07-30T14:36:56,FAIL,FAIL
G2,B9,p3_char_0333_条,条,333,7,common,character,1,False,FAIL,binary_or_4tier,2026-07-30T14:36:56,FAIL,FAIL
G4,B9,p3_char_0333_条,条,333,7,common,character,1,False,FAIL,binary_or_4tier,2026-07-30T14:36:57,FAIL,FAIL
G3,B9,p3_char_0173_仔__retry_3__G3,仔__retry_3__G3,173,,,character,1,False,FAIL,binary_or_4tier,2026-07-30T14:37:03,FAIL,FAIL
G3,B9,p3_char_0176_平__retry_3__G3,平__retry_3__G3,176,,,character,1,False,FAIL,binary_or_4tier,2026-07-30T14:37:04,FAIL,FAIL
G3,B9,p3_char_0197_矢__retry_2__G3,矢__retry_2__G3,197,,,character,1,False,FAIL,binary_or_4tier,2026-07-30T14:37:05,FAIL,FAIL
G3,B9,p3_char_0216_失__retry_2__G3,失__retry_2__G3,216,,,character,1,False,FAIL,binary_or_4tier,2026-07-30T14:37:06,FAIL,FAIL
G4,B9,p3_char_0234_亚__retry_1__G4,亚__retry_1__G4,234,,,character,1,False,A,4tier,2026-07-30T14:37:10,A,A
G4,B9,p3_char_0236_亥__retry_1__G4,亥__retry_1__G4,236,,,character,1,False,FAIL,binary_or_4tier,2026-07-30T14:37:12,FAIL,FAIL
G4,B9,p3_char_0238_亦__retry_1__G4,亦__retry_1__G4,238,,,character,1,False,FAIL,binary_or_4tier,2026-07-30T14:37:15,FAIL,FAIL
G4,B9,p3_char_0240_仰__retry_1__G4,仰__retry_1__G4,240,,,character,1,False,FAIL,binary_or_4tier,2026-07-30T14:37:17,FAIL,FAIL
G4,B9,p3_char_0241_如__retry_1__G4,如__retry_1__G4,241,,,character,1,False,PASS,binary_or_4tier,2026-07-30T14:37:31,PASS,PASS
G4,B9,p3_char_0247_军__retry_1__G4,军__retry_1__G4,247,,,character,1,False,FAIL,binary_or_4tier,2026-07-30T14:37:32,FAIL,FAIL
G4,B9,p3_char_0253_好__retry_1__G4,好__retry_1__G4,253,,,character,1,False,FAIL,binary_or_4tier,2026-07-30T14:37:33,FAIL,FAIL
G4,B9,p3_char_0263_她__retry_1__G4,她__retry_1__G4,263,,,character,1,False,FAIL,binary_or_4tier,2026-07-30T14:37:37,FAIL,FAIL
G4,B9,p3_char_0267_西__retry_1__G4,西__retry_1__G4,267,,,character,1,False,FAIL,binary_or_4tier,2026-07-30T14:37:38,FAIL,FAIL
G4,B9,p3_char_0273_次__retry_1__G4,次__retry_1__G4,273,,,character,1,False,PASS,binary_or_4tier,2026-07-30T14:37:42,PASS,PASS
G4,B9,p3_char_0193_癶__retry_2__G4,癶__retry_2__G4,193,,,character,1,False,FAIL,binary_or_4tier,2026-07-30T14:37:43,FAIL,FAIL
G4,B9,p3_char_0212_处__retry_2__G4,处__retry_2__G4,212,,,character,1,False,PASS,binary_or_4tier,2026-07-30T14:37:44,PASS,PASS
G4,B9,p3_char_0213_処__retry_2__G4,処__retry_2__G4,213,,,character,1,False,FAIL,binary_or_4tier,2026-07-30T14:37:45,FAIL,FAIL
G4,B9,p3_char_0228_乩__retry_2__G4,乩__retry_2__G4,228,,,character,1,False,FAIL,binary_or_4tier,2026-07-30T14:37:47,FAIL,FAIL
G4,B9,p3_char_0233_那__retry_2__G4,那__retry_2__G4,233,,,character,1,False,FAIL,binary_or_4tier,2026-07-30T14:37:47,FAIL,FAIL
G4,B9,p3_char_0217_凹__retry_2__G4,凹__retry_2__G4,217,,,character,1,False,PASS,binary_or_4tier,2026-07-30T14:37:49,PASS,PASS
G1,B10,p3_char_0334_佔,佔,334,7,rare,character,1,False,FAIL,binary_or_4tier,2026-07-30T20:34:07,FAIL,FAIL
G3,B10,p3_char_0334_佔,佔,334,7,rare,character,1,False,PASS,binary_or_4tier,2026-07-30T20:34:10,PASS,PASS
G4,B10,p3_char_0334_佔,佔,334,7,rare,character,1,False,A,4tier,2026-07-30T20:34:11,A,A
G2,B10,p3_char_0334_佔,佔,334,7,rare,character,1,False,FAIL,binary_or_4tier,2026-07-30T20:34:12,FAIL,FAIL
G1,B10,p3_char_0335_别,别,335,7,common,character,1,False,C,4tier,2026-07-30T20:34:14,C,C
G2,B10,p3_char_0335_别,别,335,7,common,character,1,False,C,4tier,2026-07-30T20:34:16,C,C
G4,B10,p3_char_0335_别,别,335,7,common,character,1,False,PASS,binary_or_4tier,2026-07-30T20:34:21,PASS,PASS
G3,B10,p3_char_0335_别,别,335,7,common,character,1,False,PASS,binary_or_4tier,2026-07-30T20:34:22,PASS,PASS
G2,B10,p3_char_0336_佗,佗,336,7,rare,character,1,False,FAIL,binary_or_4tier,2026-07-30T20:34:39,FAIL,FAIL
G3,B10,p3_char_0336_佗,佗,336,7,rare,character,1,False,FAIL,binary_or_4tier,2026-07-30T20:34:40,FAIL,FAIL
G4,B10,p3_char_0336_佗,佗,336,7,rare,character,1,False,C,4tier,2026-07-30T20:34:42,C,C
G1,B10,p3_char_0336_佗,佗,336,7,rare,character,1,False,FAIL,binary_or_4tier,2026-07-30T20:34:44,FAIL,FAIL
G2,B10,p3_char_0337_张,张,337,7,common,character,1,False,FAIL,binary_or_4tier,2026-07-30T20:34:45,FAIL,FAIL
G1,B10,p3_char_0337_张,张,337,7,common,character,1,False,FAIL,binary_or_4tier,2026-07-30T20:34:50,FAIL,FAIL
G4,B10,p3_char_0337_张,张,337,7,common,character,1,False,C,4tier,2026-07-30T20:34:53,C,C
G3,B10,p3_char_0337_张,张,337,7,common,character,1,False,FAIL,binary_or_4tier,2026-07-30T20:34:54,FAIL,FAIL
G2,B10,p3_char_0338_佘,佘,338,7,rare,character,1,False,A,4tier,2026-07-30T20:34:59,A,A
G1,B10,p3_char_0338_佘,佘,338,7,rare,character,1,False,FAIL,binary_or_4tier,2026-07-30T20:35:00,FAIL,FAIL
G4,B10,p3_char_0338_佘,佘,338,7,rare,character,1,False,C,4tier,2026-07-30T20:35:03,C,C
G3,B10,p3_char_0338_佘,佘,338,7,rare,character,1,False,FAIL,binary_or_4tier,2026-07-30T20:35:09,FAIL,FAIL
G3,B10,p3_char_0339_每,每,339,7,common,character,1,False,FAIL,binary_or_4tier,2026-07-30T20:35:10,FAIL,FAIL
G4,B10,p3_char_0339_每,每,339,7,common,character,1,False,C,4tier,2026-07-30T20:35:14,C,C
G1,B10,p3_char_0339_每,每,339,7,common,character,1,False,FAIL,binary_or_4tier,2026-07-30T20:35:15,FAIL,FAIL
G2,B10,p3_char_0339_每,每,339,7,common,character,1,False,FAIL,binary_or_4tier,2026-07-30T20:35:15,FAIL,FAIL
G3,B10,p3_char_0340_佚,佚,340,7,rare,character,1,False,FAIL,binary_or_4tier,2026-07-30T20:35:16,FAIL,FAIL
G1,B10,p3_char_0340_佚,佚,340,7,rare,character,1,False,C,4tier,2026-07-30T20:35:19,C,C
G4,B10,p3_char_0340_佚,佚,340,7,rare,character,1,False,FAIL,binary_or_4tier,2026-07-30T20:35:21,FAIL,FAIL
G2,B10,p3_char_0340_佚,佚,340,7,rare,character,1,False,C,4tier,2026-07-30T20:35:22,C,C
G4,B10,p3_char_0341_社,社,341,7,common,character,1,False,FAIL,binary_or_4tier,2026-07-30T20:35:25,FAIL,FAIL
G3,B10,p3_char_0341_社,社,341,7,common,character,1,False,PASS,binary_or_4tier,2026-07-30T20:35:27,PASS,PASS
G1,B10,p3_char_0341_社,社,341,7,common,character,1,False,FAIL,binary_or_4tier,2026-07-30T20:35:30,FAIL,FAIL
G2,B10,p3_char_0341_社,社,341,7,common,character,1,False,FAIL,binary_or_4tier,2026-07-30T20:35:32,FAIL,FAIL
G1,B10,p3_char_0342_佛,佛,342,7,rare,character,1,False,FAIL,binary_or_4tier,2026-07-30T20:35:33,FAIL,FAIL
G2,B10,p3_char_0342_佛,佛,342,7,rare,character,1,False,FAIL,binary_or_4tier,2026-07-30T20:35:33,FAIL,FAIL
G4,B10,p3_char_0342_佛,佛,342,7,rare,character,1,False,FAIL,binary_or_4tier,2026-07-30T20:35:34,FAIL,FAIL
G3,B10,p3_char_0342_佛,佛,342,7,rare,character,1,False,FAIL,binary_or_4tier,2026-07-30T20:35:34,FAIL,FAIL
G3,B10,p3_char_0343_即,即,343,7,common,character,1,False,FAIL,binary_or_4tier,2026-07-30T20:35:35,FAIL,FAIL
G2,B10,p3_char_0343_即,即,343,7,common,character,1,False,FAIL,binary_or_4tier,2026-07-30T20:35:36,FAIL,FAIL
G1,B10,p3_char_0343_即,即,343,7,common,character,1,False,FAIL,binary_or_4tier,2026-07-30T20:35:36,FAIL,FAIL
G4,B10,p3_char_0343_即,即,343,7,common,character,1,False,FAIL,binary_or_4tier,2026-07-30T20:35:37,FAIL,FAIL
G2,B10,p3_char_0344_佝,佝,344,7,rare,character,1,False,PASS,binary_or_4tier,2026-07-30T20:35:39,PASS,PASS
G4,B10,p3_char_0344_佝,佝,344,7,rare,character,1,False,C,4tier,2026-07-30T20:35:41,C,C
G1,B10,p3_char_0344_佝,佝,344,7,rare,character,1,False,C,4tier,2026-07-30T20:35:43,C,C
G3,B10,p3_char_0344_佝,佝,344,7,rare,character,1,False,FAIL,binary_or_4tier,2026-07-30T20:35:44,FAIL,FAIL
G1,B10,p3_char_0345_志,志,345,7,common,character,1,False,FAIL,binary_or_4tier,2026-07-30T20:35:51,FAIL,FAIL
G3,B10,p3_char_0345_志,志,345,7,common,character,1,False,C,4tier,2026-07-30T20:35:52,C,C
G2,B10,p3_char_0345_志,志,345,7,common,character,1,False,FAIL,binary_or_4tier,2026-07-30T20:35:54,FAIL,FAIL
G4,B10,p3_char_0345_志,志,345,7,common,character,1,False,PASS,binary_or_4tier,2026-07-30T20:36:00,PASS,PASS
G4,B10,p3_char_0346_佞,佞,346,7,rare,character,1,False,FAIL,binary_or_4tier,2026-07-30T20:36:02,FAIL,FAIL
G1,B10,p3_char_0346_佞,佞,346,7,rare,character,1,False,FAIL,binary_or_4tier,2026-07-30T20:36:03,FAIL,FAIL
G3,B10,p3_char_0346_佞,佞,346,7,rare,character,1,False,FAIL,binary_or_4tier,2026-07-30T20:36:04,FAIL,FAIL
G2,B10,p3_char_0346_佞,佞,346,7,rare,character,1,False,FAIL,binary_or_4tier,2026-07-30T20:36:04,FAIL,FAIL
G4,B10,p3_char_0347_证,证,347,7,common,character,1,False,C,4tier,2026-07-30T20:36:06,C,C
G3,B10,p3_char_0347_证,证,347,7,common,character,1,False,FAIL,binary_or_4tier,2026-07-30T20:36:07,FAIL,FAIL
G2,B10,p3_char_0347_证,证,347,7,common,character,1,False,FAIL,binary_or_4tier,2026-07-30T20:36:07,FAIL,FAIL
G1,B10,p3_char_0347_证,证,347,7,common,character,1,False,FAIL,binary_or_4tier,2026-07-30T20:36:08,FAIL,FAIL
G3,B10,p3_char_0348_佟,佟,348,7,rare,character,1,False,FAIL,binary_or_4tier,2026-07-30T20:36:09,FAIL,FAIL
G1,B10,p3_char_0348_佟,佟,348,7,rare,character,1,False,FAIL,binary_or_4tier,2026-07-30T20:36:09,FAIL,FAIL
G4,B10,p3_char_0348_佟,佟,348,7,rare,character,1,False,A,4tier,2026-07-30T20:36:10,A,A
G2,B10,p3_char_0348_佟,佟,348,7,rare,character,1,False,FAIL,binary_or_4tier,2026-07-30T20:36:11,FAIL,FAIL
G4,B10,p3_char_0349_改,改,349,7,common,character,1,False,FAIL,binary_or_4tier,2026-07-30T20:36:12,FAIL,FAIL
G3,B10,p3_char_0349_改,改,349,7,common,character,1,False,FAIL,binary_or_4tier,2026-07-30T20:36:13,FAIL,FAIL
G1,B10,p3_char_0349_改,改,349,7,common,character,1,False,FAIL,binary_or_4tier,2026-07-30T20:36:14,FAIL,FAIL
G2,B10,p3_char_0349_改,改,349,7,common,character,1,False,FAIL,binary_or_4tier,2026-07-30T20:36:19,FAIL,FAIL
G3,B10,p3_char_0350_佣,佣,350,7,rare,character,1,False,PASS,binary_or_4tier,2026-07-30T20:36:25,PASS,PASS
G2,B10,p3_char_0350_佣,佣,350,7,rare,character,1,False,PASS,binary_or_4tier,2026-07-30T20:36:26,PASS,PASS
G4,B10,p3_char_0350_佣,佣,350,7,rare,character,1,False,C,4tier,2026-07-30T20:36:28,C,C
G1,B10,p3_char_0350_佣,佣,350,7,rare,character,1,False,FAIL,binary_or_4tier,2026-07-30T20:36:29,FAIL,FAIL
G1,B10,p3_char_0351_步,步,351,7,common,character,1,False,FAIL,binary_or_4tier,2026-07-30T20:36:30,FAIL,FAIL
G2,B10,p3_char_0351_步,步,351,7,common,character,1,False,FAIL,binary_or_4tier,2026-07-30T20:36:30,FAIL,FAIL
G3,B10,p3_char_0351_步,步,351,7,common,character,1,False,FAIL,binary_or_4tier,2026-07-30T20:36:31,FAIL,FAIL
G4,B10,p3_char_0351_步,步,351,7,common,character,1,False,PASS,binary_or_4tier,2026-07-30T20:36:32,PASS,PASS
G2,B10,p3_char_0352_佥,佥,352,7,rare,character,1,False,FAIL,binary_or_4tier,2026-07-30T20:36:33,FAIL,FAIL
G4,B10,p3_char_0352_佥,佥,352,7,rare,character,1,False,A,4tier,2026-07-30T20:36:35,A,A
G1,B10,p3_char_0352_佥,佥,352,7,rare,character,1,False,FAIL,binary_or_4tier,2026-07-30T20:36:38,FAIL,FAIL
G3,B10,p3_char_0352_佥,佥,352,7,rare,character,1,False,FAIL,binary_or_4tier,2026-07-30T20:36:39,FAIL,FAIL
G3,B10,p3_char_0353_找,找,353,7,common,character,1,False,FAIL,binary_or_4tier,2026-07-30T20:36:40,FAIL,FAIL
G1,B10,p3_char_0353_找,找,353,7,common,character,1,False,FAIL,binary_or_4tier,2026-07-30T20:36:41,FAIL,FAIL
G2,B10,p3_char_0353_找,找,353,7,common,character,1,False,FAIL,binary_or_4tier,2026-07-30T20:36:42,FAIL,FAIL
G4,B10,p3_char_0353_找,找,353,7,common,character,1,False,C,4tier,2026-07-30T20:36:49,C,C
G3,B10,p3_char_0354_佧,佧,354,7,rare,character,1,False,PASS,binary_or_4tier,2026-07-30T20:36:57,PASS,PASS
G4,B10,p3_char_0354_佧,佧,354,7,rare,character,1,False,A,4tier,2026-07-30T20:37:03,A,A
G1,B10,p3_char_0354_佧,佧,354,7,rare,character,1,False,A,4tier,2026-07-30T20:37:15,A,A
G2,B10,p3_char_0354_佧,佧,354,7,rare,character,1,False,A,4tier,2026-07-30T20:37:17,A,A
G2,B10,p3_char_0355_块,块,355,7,common,character,1,False,FAIL,binary_or_4tier,2026-07-30T20:37:19,FAIL,FAIL
G1,B10,p3_char_0355_块,块,355,7,common,character,1,False,FAIL,binary_or_4tier,2026-07-30T20:37:20,FAIL,FAIL
G4,B10,p3_char_0355_块,块,355,7,common,character,1,False,FAIL,binary_or_4tier,2026-07-30T20:37:21,FAIL,FAIL
G3,B10,p3_char_0355_块,块,355,7,common,character,1,False,FAIL,binary_or_4tier,2026-07-30T20:37:37,FAIL,FAIL
G3,B10,p3_char_0356_皃,皃,356,7,rare,character,1,False,PASS,binary_or_4tier,2026-07-30T20:37:39,PASS,PASS
G2,B10,p3_char_0356_皃,皃,356,7,rare,character,1,False,PASS,binary_or_4tier,2026-07-30T20:37:41,PASS,PASS
G1,B10,p3_char_0356_皃,皃,356,7,rare,character,1,False,PASS,binary_or_4tier,2026-07-30T20:37:42,PASS,PASS
G4,B10,p3_char_0356_皃,皃,356,7,rare,character,1,False,A,4tier,2026-07-30T20:37:46,A,A
G4,B10,p3_char_0357_花,花,357,7,common,character,1,False,A,4tier,2026-07-30T20:37:48,A,A
G2,B10,p3_char_0357_花,花,357,7,common,character,1,False,PASS,binary_or_4tier,2026-07-30T20:37:50,PASS,PASS
G1,B10,p3_char_0357_花,花,357,7,common,character,1,False,C,4tier,2026-07-30T20:37:54,C,C
G3,B10,p3_char_0357_花,花,357,7,common,character,1,False,PASS,binary_or_4tier,2026-07-30T20:37:57,PASS,PASS
G1,B10,p3_char_0358_盯,盯,358,7,rare,character,1,False,PASS,binary_or_4tier,2026-07-30T20:38:01,PASS,PASS
G4,B10,p3_char_0358_盯,盯,358,7,rare,character,1,False,PASS,binary_or_4tier,2026-07-30T20:38:03,PASS,PASS
G3,B10,p3_char_0358_盯,盯,358,7,rare,character,1,False,C,4tier,2026-07-30T20:38:04,C,C
G2,B10,p3_char_0358_盯,盯,358,7,rare,character,1,False,C,4tier,2026-07-30T20:38:06,C,C
G4,B10,p3_char_0359_的,的,359,8,common,character,1,False,PASS,binary_or_4tier,2026-07-30T20:38:10,PASS,PASS
G2,B10,p3_char_0359_的,的,359,8,common,character,1,False,C,4tier,2026-07-30T20:38:17,C,C
G3,B10,p3_char_0359_的,的,359,8,common,character,1,False,PASS,binary_or_4tier,2026-07-30T20:38:17,PASS,PASS
G1,B10,p3_char_0359_的,的,359,8,common,character,1,False,PASS,binary_or_4tier,2026-07-30T20:38:18,PASS,PASS
G4,B10,p3_char_0360_並,並,360,8,rare,character,1,False,A,4tier,2026-07-30T20:38:20,A,A
G3,B10,p3_char_0360_並,並,360,8,rare,character,1,False,FAIL,binary_or_4tier,2026-07-30T20:38:22,FAIL,FAIL
G2,B10,p3_char_0360_並,並,360,8,rare,character,1,False,FAIL,binary_or_4tier,2026-07-30T20:38:23,FAIL,FAIL
G1,B10,p3_char_0360_並,並,360,8,rare,character,1,False,FAIL,binary_or_4tier,2026-07-30T20:38:23,FAIL,FAIL
G3,B10,p3_char_0361_到,到,361,8,common,character,1,False,FAIL,binary_or_4tier,2026-07-30T20:38:27,FAIL,FAIL
G4,B10,p3_char_0361_到,到,361,8,common,character,1,False,FAIL,binary_or_4tier,2026-07-30T20:38:29,FAIL,FAIL
G2,B10,p3_char_0361_到,到,361,8,common,character,1,False,FAIL,binary_or_4tier,2026-07-30T20:38:30,FAIL,FAIL
G1,B10,p3_char_0361_到,到,361,8,common,character,1,False,FAIL,binary_or_4tier,2026-07-30T20:38:31,FAIL,FAIL
G3,B10,p3_char_0362_甾,甾,362,8,rare,character,1,False,C,4tier,2026-07-30T20:38:35,C,C
G2,B10,p3_char_0362_甾,甾,362,8,rare,character,1,False,C,4tier,2026-07-30T20:38:36,C,C
G1,B10,p3_char_0362_甾,甾,362,8,rare,character,1,False,C,4tier,2026-07-30T20:38:37,C,C
G4,B10,p3_char_0362_甾,甾,362,8,rare,character,1,False,C,4tier,2026-07-30T20:38:56,C,C
G3,B10,p3_char_0363_国,国,363,8,common,character,1,False,PASS,binary_or_4tier,2026-07-30T20:38:59,PASS,PASS
G1,B10,p3_char_0363_国,国,363,8,common,character,1,False,PASS,binary_or_4tier,2026-07-30T20:39:02,PASS,PASS
G4,B10,p3_char_0363_国,国,363,8,common,character,1,False,PASS,binary_or_4tier,2026-07-30T20:39:03,PASS,PASS
G2,B10,p3_char_0363_国,国,363,8,common,character,1,False,PASS,binary_or_4tier,2026-07-30T20:39:04,PASS,PASS
G1,B10,p3_char_0364_畀,畀,364,8,rare,character,1,False,PASS,binary_or_4tier,2026-07-30T20:39:06,PASS,PASS
G4,B10,p3_char_0364_畀,畀,364,8,rare,character,1,False,PASS,binary_or_4tier,2026-07-30T20:39:08,PASS,PASS
G3,B10,p3_char_0364_畀,畀,364,8,rare,character,1,False,PASS,binary_or_4tier,2026-07-30T20:39:10,PASS,PASS
G2,B10,p3_char_0364_畀,畀,364,8,rare,character,1,False,PASS,binary_or_4tier,2026-07-30T20:39:13,PASS,PASS
G3,B10,p3_char_0365_和,和,365,8,common,character,1,False,C,4tier,2026-07-30T20:39:17,C,C
G1,B10,p3_char_0365_和,和,365,8,common,character,1,False,C,4tier,2026-07-30T20:39:20,C,C
G2,B10,p3_char_0365_和,和,365,8,common,character,1,False,PASS,binary_or_4tier,2026-07-30T20:39:21,PASS,PASS
G4,B10,p3_char_0365_和,和,365,8,common,character,1,False,A,4tier,2026-07-30T20:39:45,A,A
G3,B10,p3_char_0366_畅,畅,366,8,rare,character,1,False,FAIL,binary_or_4tier,2026-07-30T20:39:54,FAIL,FAIL
G4,B10,p3_char_0366_畅,畅,366,8,rare,character,1,False,FAIL,binary_or_4tier,2026-07-30T20:39:54,FAIL,FAIL
G1,B10,p3_char_0366_畅,畅,366,8,rare,character,1,False,FAIL,binary_or_4tier,2026-07-30T20:39:54,FAIL,FAIL
G2,B10,p3_char_0366_畅,畅,366,8,rare,character,1,False,FAIL,binary_or_4tier,2026-07-30T20:39:56,FAIL,FAIL
G3,B10,p3_char_0367_事,事,367,8,common,character,1,False,FAIL,binary_or_4tier,2026-07-30T20:39:56,FAIL,FAIL
G4,B10,p3_char_0367_事,事,367,8,common,character,1,False,FAIL,binary_or_4tier,2026-07-30T20:39:59,FAIL,FAIL
G1,B10,p3_char_0367_事,事,367,8,common,character,1,False,FAIL,binary_or_4tier,2026-07-30T20:39:59,FAIL,FAIL
G2,B10,p3_char_0367_事,事,367,8,common,character,1,False,FAIL,binary_or_4tier,2026-07-30T20:40:00,FAIL,FAIL
G1,B10,p3_char_0368_乖,乖,368,8,rare,character,1,False,FAIL,binary_or_4tier,2026-07-30T20:40:01,FAIL,FAIL
G3,B10,p3_char_0368_乖,乖,368,8,rare,character,1,False,FAIL,binary_or_4tier,2026-07-30T20:40:02,FAIL,FAIL
G2,B10,p3_char_0368_乖,乖,368,8,rare,character,1,False,FAIL,binary_or_4tier,2026-07-30T20:40:02,FAIL,FAIL
G4,B10,p3_char_0368_乖,乖,368,8,rare,character,1,False,PASS,binary_or_4tier,2026-07-30T20:40:06,PASS,PASS
G2,B10,p3_char_0369_其,其,369,8,common,character,1,False,FAIL,binary_or_4tier,2026-07-30T20:40:07,FAIL,FAIL
G3,B10,p3_char_0369_其,其,369,8,common,character,1,False,FAIL,binary_or_4tier,2026-07-30T20:40:12,FAIL,FAIL
G4,B10,p3_char_0369_其,其,369,8,common,character,1,False,A,4tier,2026-07-30T20:40:13,A,A
G1,B10,p3_char_0369_其,其,369,8,common,character,1,False,FAIL,binary_or_4tier,2026-07-30T20:40:15,FAIL,FAIL
G4,B10,p3_char_0370_乶,乶,370,8,rare,character,1,False,FAIL,binary_or_4tier,2026-07-30T20:40:18,FAIL,FAIL
G2,B10,p3_char_0370_乶,乶,370,8,rare,character,1,False,FAIL,binary_or_4tier,2026-07-30T20:40:19,FAIL,FAIL
G3,B10,p3_char_0370_乶,乶,370,8,rare,character,1,False,FAIL,binary_or_4tier,2026-07-30T20:40:21,FAIL,FAIL
G1,B10,p3_char_0370_乶,乶,370,8,rare,character,1,False,FAIL,binary_or_4tier,2026-07-30T20:40:22,FAIL,FAIL
G4,B10,p3_char_0371_所,所,371,8,common,character,1,False,FAIL,binary_or_4tier,2026-07-30T20:40:26,FAIL,FAIL
G1,B10,p3_char_0371_所,所,371,8,common,character,1,False,FAIL,binary_or_4tier,2026-07-30T20:40:27,FAIL,FAIL
G2,B10,p3_char_0371_所,所,371,8,common,character,1,False,FAIL,binary_or_4tier,2026-07-30T20:40:28,FAIL,FAIL
G3,B10,p3_char_0371_所,所,371,8,common,character,1,False,FAIL,binary_or_4tier,2026-07-30T20:40:29,FAIL,FAIL
G1,B10,p3_char_0372_疌,疌,372,8,rare,character,1,False,FAIL,binary_or_4tier,2026-07-30T20:40:34,FAIL,FAIL
G2,B10,p3_char_0372_疌,疌,372,8,rare,character,1,False,FAIL,binary_or_4tier,2026-07-30T20:40:35,FAIL,FAIL
G4,B10,p3_char_0372_疌,疌,372,8,rare,character,1,False,FAIL,binary_or_4tier,2026-07-30T20:40:35,FAIL,FAIL
G3,B10,p3_char_0372_疌,疌,372,8,rare,character,1,False,FAIL,binary_or_4tier,2026-07-30T20:40:36,FAIL,FAIL
G2,B10,p3_char_0373_者,者,373,8,common,character,1,False,PASS,binary_or_4tier,2026-07-30T20:40:45,PASS,PASS
G1,B10,p3_char_0373_者,者,373,8,common,character,1,False,FAIL,binary_or_4tier,2026-07-30T20:40:49,FAIL,FAIL
G4,B10,p3_char_0373_者,者,373,8,common,character,1,False,A,4tier,2026-07-30T20:40:51,A,A
G3,B10,p3_char_0373_者,者,373,8,common,character,1,False,PASS,binary_or_4tier,2026-07-30T20:40:52,PASS,PASS
G1,B10,p3_char_0374_疙,疙,374,8,rare,character,1,False,FAIL,binary_or_4tier,2026-07-30T20:40:58,FAIL,FAIL
G4,B10,p3_char_0374_疙,疙,374,8,rare,character,1,False,FAIL,binary_or_4tier,2026-07-30T20:41:05,FAIL,FAIL
G3,B10,p3_char_0374_疙,疙,374,8,rare,character,1,False,FAIL,binary_or_4tier,2026-07-30T20:41:06,FAIL,FAIL
G2,B10,p3_char_0374_疙,疙,374,8,rare,character,1,False,FAIL,binary_or_4tier,2026-07-30T20:41:07,FAIL,FAIL
G3,B10,p3_char_0375_经,经,375,8,common,character,1,False,FAIL,binary_or_4tier,2026-07-30T20:41:09,FAIL,FAIL
G2,B10,p3_char_0375_经,经,375,8,common,character,1,False,FAIL,binary_or_4tier,2026-07-30T20:41:11,FAIL,FAIL
G4,B10,p3_char_0375_经,经,375,8,common,character,1,False,FAIL,binary_or_4tier,2026-07-30T20:41:12,FAIL,FAIL
G1,B10,p3_char_0375_经,经,375,8,common,character,1,False,FAIL,binary_or_4tier,2026-07-30T20:41:13,FAIL,FAIL
G3,B10,p3_char_0376_疚,疚,376,8,rare,character,1,False,FAIL,binary_or_4tier,2026-07-30T20:41:14,FAIL,FAIL
G2,B10,p3_char_0376_疚,疚,376,8,rare,character,1,False,C,4tier,2026-07-30T20:41:16,C,C
G1,B10,p3_char_0376_疚,疚,376,8,rare,character,1,False,FAIL,binary_or_4tier,2026-07-30T20:41:17,FAIL,FAIL
G4,B10,p3_char_0376_疚,疚,376,8,rare,character,1,False,FAIL,binary_or_4tier,2026-07-30T20:41:17,FAIL,FAIL
G3,B10,p3_char_0377_法,法,377,8,common,character,1,False,C,4tier,2026-07-30T20:41:21,C,C
G1,B10,p3_char_0377_法,法,377,8,common,character,1,False,C,4tier,2026-07-30T20:41:23,C,C
G2,B10,p3_char_0377_法,法,377,8,common,character,1,False,C,4tier,2026-07-30T20:41:27,C,C
G4,B10,p3_char_0377_法,法,377,8,common,character,1,False,C,4tier,2026-07-30T20:41:29,C,C
G2,B10,p3_char_0378_疝,疝,378,8,rare,character,1,False,C,4tier,2026-07-30T20:41:32,C,C
G1,B10,p3_char_0378_疝,疝,378,8,rare,character,1,False,FAIL,binary_or_4tier,2026-07-30T20:41:33,FAIL,FAIL
G3,B10,p3_char_0378_疝,疝,378,8,rare,character,1,False,PASS,binary_or_4tier,2026-07-30T20:41:35,PASS,PASS
G4,B10,p3_char_0378_疝,疝,378,8,rare,character,1,False,C,4tier,2026-07-30T20:41:37,C,C
G2,B10,p3_char_0379_学,学,379,8,common,character,1,False,FAIL,binary_or_4tier,2026-07-30T20:41:38,FAIL,FAIL
G4,B10,p3_char_0379_学,学,379,8,common,character,1,False,FAIL,binary_or_4tier,2026-07-30T20:41:40,FAIL,FAIL
G1,B10,p3_char_0379_学,学,379,8,common,character,1,False,FAIL,binary_or_4tier,2026-07-30T20:41:41,FAIL,FAIL
G3,B10,p3_char_0379_学,学,379,8,common,character,1,False,FAIL,binary_or_4tier,2026-07-30T20:41:42,FAIL,FAIL
G4,B10,p3_char_0380_疟,疟,380,8,rare,character,1,False,FAIL,binary_or_4tier,2026-07-30T20:41:43,FAIL,FAIL
G1,B10,p3_char_0380_疟,疟,380,8,rare,character,1,False,FAIL,binary_or_4tier,2026-07-30T20:41:44,FAIL,FAIL
G2,B10,p3_char_0380_疟,疟,380,8,rare,character,1,False,FAIL,binary_or_4tier,2026-07-30T20:41:45,FAIL,FAIL
G3,B10,p3_char_0380_疟,疟,380,8,rare,character,1,False,FAIL,binary_or_4tier,2026-07-30T20:41:46,FAIL,FAIL
G4,B10,p3_char_0381_定,定,381,8,common,character,1,False,PASS,binary_or_4tier,2026-07-30T20:41:47,PASS,PASS
G2,B10,p3_char_0381_定,定,381,8,common,character,1,False,FAIL,binary_or_4tier,2026-07-30T20:41:48,FAIL,FAIL
G1,B10,p3_char_0381_定,定,381,8,common,character,1,False,FAIL,binary_or_4tier,2026-07-30T20:41:48,FAIL,FAIL
G3,B10,p3_char_0381_定,定,381,8,common,character,1,False,FAIL,binary_or_4tier,2026-07-30T20:41:49,FAIL,FAIL
G4,B10,p3_char_0382_疠,疠,382,8,rare,character,1,False,FAIL,binary_or_4tier,2026-07-30T20:41:54,FAIL,FAIL
G2,B10,p3_char_0382_疠,疠,382,8,rare,character,1,False,FAIL,binary_or_4tier,2026-07-30T20:41:55,FAIL,FAIL
G1,B10,p3_char_0382_疠,疠,382,8,rare,character,1,False,FAIL,binary_or_4tier,2026-07-30T20:41:55,FAIL,FAIL
G3,B10,p3_char_0382_疠,疠,382,8,rare,character,1,False,FAIL,binary_or_4tier,2026-07-30T20:41:56,FAIL,FAIL
G2,B10,p3_char_0383_些,些,383,8,common,character,1,False,FAIL,binary_or_4tier,2026-07-30T20:41:57,FAIL,FAIL
G4,B10,p3_char_0383_些,些,383,8,common,character,1,False,C,4tier,2026-07-30T20:42:05,C,C
G3,B10,p3_char_0383_些,些,383,8,common,character,1,False,FAIL,binary_or_4tier,2026-07-30T20:42:06,FAIL,FAIL
G1,B10,p3_char_0383_些,些,383,8,common,character,1,False,FAIL,binary_or_4tier,2026-07-30T20:42:06,FAIL,FAIL
G3,B10,p3_char_0295_时__retry_1__G3,时__retry_1__G3,295,,,character,1,False,PASS,binary_or_4tier,2026-07-30T20:42:12,PASS,PASS
G3,B10,p3_char_0296_串__retry_1__G3,串__retry_1__G3,296,,,character,1,False,PASS,binary_or_4tier,2026-07-30T20:42:21,PASS,PASS
G3,B10,p3_char_0304_疖__retry_1__G3,疖__retry_1__G3,304,,,character,1,False,FAIL,binary_or_4tier,2026-07-30T20:42:21,FAIL,FAIL
G3,B10,p3_char_0306_亨__retry_1__G3,亨__retry_1__G3,306,,,character,1,False,FAIL,binary_or_4tier,2026-07-30T20:42:22,FAIL,FAIL
G3,B10,p3_char_0315_声__retry_1__G3,声__retry_1__G3,315,,,character,1,False,FAIL,binary_or_4tier,2026-07-30T20:42:23,FAIL,FAIL
G3,B10,p3_char_0197_矢__retry_3__G3,矢__retry_3__G3,197,,,character,1,False,FAIL,binary_or_4tier,2026-07-30T20:42:24,FAIL,FAIL
G3,B10,p3_char_0216_失__retry_3__G3,失__retry_3__G3,216,,,character,1,False,FAIL,binary_or_4tier,2026-07-30T20:42:25,FAIL,FAIL
G4,B10,p3_char_0284_龹__retry_1__G4,龹__retry_1__G4,284,,,character,1,False,FAIL,binary_or_4tier,2026-07-30T20:42:26,FAIL,FAIL
G4,B10,p3_char_0289_我__retry_1__G4,我__retry_1__G4,289,,,character,1,False,C,4tier,2026-07-30T20:42:31,C,C
G4,B10,p3_char_0311_身__retry_1__G4,身__retry_1__G4,311,,,character,1,False,C,4tier,2026-07-30T20:42:36,C,C
G4,B10,p3_char_0296_串__retry_1__G4,串__retry_1__G4,296,,,character,1,False,PASS,binary_or_4tier,2026-07-30T20:42:38,PASS,PASS
G4,B10,p3_char_0321_把__retry_1__G4,把__retry_1__G4,321,,,character,1,False,PASS,binary_or_4tier,2026-07-30T20:42:42,PASS,PASS
G4,B10,p3_char_0323_形__retry_1__G4,形__retry_1__G4,323,,,character,1,False,PASS,binary_or_4tier,2026-07-30T20:42:43,PASS,PASS
G4,B10,p3_char_0324_但__retry_1__G4,但__retry_1__G4,324,,,character,1,False,A,4tier,2026-07-30T20:42:45,A,A
G4,B10,p3_char_0325_状__retry_1__G4,状__retry_1__G4,325,,,character,1,False,A,4tier,2026-07-30T20:42:51,A,A
G4,B10,p3_char_0331_更__retry_1__G4,更__retry_1__G4,331,,,character,1,False,FAIL,binary_or_4tier,2026-07-30T20:42:52,FAIL,FAIL
G4,B10,p3_char_0301_作__retry_1__G4,作__retry_1__G4,301,,,character,1,False,A,4tier,2026-07-30T20:42:54,A,A
G4,B10,p3_char_0236_亥__retry_2__G4,亥__retry_2__G4,236,,,character,1,False,FAIL,binary_or_4tier,2026-07-30T20:42:55,FAIL,FAIL
G4,B10,p3_char_0238_亦__retry_2__G4,亦__retry_2__G4,238,,,character,1,False,C,4tier,2026-07-30T20:42:58,C,C
G4,B10,p3_char_0193_癶__retry_3__G4,癶__retry_3__G4,193,,,character,1,False,FAIL,binary_or_4tier,2026-07-30T20:43:03,FAIL,FAIL
G4,B10,p3_char_0213_処__retry_3__G4,処__retry_3__G4,213,,,character,1,False,FAIL,binary_or_4tier,2026-07-30T20:43:05,FAIL,FAIL
G4,B10,p3_char_0228_乩__retry_3__G4,乩__retry_3__G4,228,,,character,1,False,C,4tier,2026-07-30T20:43:06,C,C
G4,B10,p3_char_0233_那__retry_3__G4,那__retry_3__G4,233,,,character,1,False,FAIL,binary_or_4tier,2026-07-30T20:43:08,FAIL,FAIL
G2,B11,p3_char_0384_疡,疡,384,8,rare,character,1,False,FAIL,binary_or_4tier,2026-08-03T14:55:49,FAIL,FAIL
G3,B11,p3_char_0384_疡,疡,384,8,rare,character,1,False,FAIL,binary_or_4tier,2026-08-03T14:55:51,FAIL,FAIL
G1,B11,p3_char_0384_疡,疡,384,8,rare,character,1,False,FAIL,binary_or_4tier,2026-08-03T14:55:52,FAIL,FAIL
G4,B11,p3_char_0384_疡,疡,384,8,rare,character,1,False,FAIL,binary_or_4tier,2026-08-03T14:55:52,FAIL,FAIL
G1,B11,p3_char_0385_物,物,385,8,common,character,1,False,FAIL,binary_or_4tier,2026-08-03T14:55:54,FAIL,FAIL
G4,B11,p3_char_0385_物,物,385,8,common,character,1,False,C,4tier,2026-08-03T14:55:58,C,C
G2,B11,p3_char_0385_物,物,385,8,common,character,1,False,FAIL,binary_or_4tier,2026-08-03T14:55:59,FAIL,FAIL
G3,B11,p3_char_0385_物,物,385,8,common,character,1,False,C,4tier,2026-08-03T14:56:04,C,C
G4,B11,p3_char_0386_亞,亞,386,8,rare,character,1,False,FAIL,binary_or_4tier,2026-08-03T14:56:07,FAIL,FAIL
G3,B11,p3_char_0386_亞,亞,386,8,rare,character,1,False,FAIL,binary_or_4tier,2026-08-03T14:56:07,FAIL,FAIL
G2,B11,p3_char_0386_亞,亞,386,8,rare,character,1,False,FAIL,binary_or_4tier,2026-08-03T14:56:08,FAIL,FAIL
G1,B11,p3_char_0386_亞,亞,386,8,rare,character,1,False,FAIL,binary_or_4tier,2026-08-03T14:56:08,FAIL,FAIL
G4,B11,p3_char_0387_果,果,387,8,common,character,1,False,A,4tier,2026-08-03T14:56:18,A,A
G2,B11,p3_char_0387_果,果,387,8,common,character,1,False,PASS,binary_or_4tier,2026-08-03T14:56:19,PASS,PASS
G1,B11,p3_char_0387_果,果,387,8,common,character,1,False,PASS,binary_or_4tier,2026-08-03T14:56:19,PASS,PASS
G3,B11,p3_char_0387_果,果,387,8,common,character,1,False,PASS,binary_or_4tier,2026-08-03T14:56:21,PASS,PASS
G3,B11,p3_char_0388_亟,亟,388,8,rare,character,1,False,FAIL,binary_or_4tier,2026-08-03T14:56:25,FAIL,FAIL
G1,B11,p3_char_0388_亟,亟,388,8,rare,character,1,False,FAIL,binary_or_4tier,2026-08-03T14:56:25,FAIL,FAIL
G2,B11,p3_char_0388_亟,亟,388,8,rare,character,1,False,FAIL,binary_or_4tier,2026-08-03T14:56:26,FAIL,FAIL
G4,B11,p3_char_0388_亟,亟,388,8,rare,character,1,False,FAIL,binary_or_4tier,2026-08-03T14:56:26,FAIL,FAIL
G2,B11,p3_char_0389_话,话,389,8,common,character,1,False,FAIL,binary_or_4tier,2026-08-03T14:56:28,FAIL,FAIL
G1,B11,p3_char_0389_话,话,389,8,common,character,1,False,FAIL,binary_or_4tier,2026-08-03T14:56:29,FAIL,FAIL
G4,B11,p3_char_0389_话,话,389,8,common,character,1,False,PASS,binary_or_4tier,2026-08-03T14:56:30,PASS,PASS
G3,B11,p3_char_0389_话,话,389,8,common,character,1,False,PASS,binary_or_4tier,2026-08-03T14:56:31,PASS,PASS
G2,B11,p3_char_0390_佬,佬,390,8,rare,character,1,False,C,4tier,2026-08-03T14:56:37,C,C
G4,B11,p3_char_0390_佬,佬,390,8,rare,character,1,False,PASS,binary_or_4tier,2026-08-03T14:56:45,PASS,PASS
G3,B11,p3_char_0390_佬,佬,390,8,rare,character,1,False,FAIL,binary_or_4tier,2026-08-03T14:56:46,FAIL,FAIL
G1,B11,p3_char_0390_佬,佬,390,8,rare,character,1,False,FAIL,binary_or_4tier,2026-08-03T14:56:46,FAIL,FAIL
G4,B11,p3_char_0391_表,表,391,8,common,character,1,False,FAIL,binary_or_4tier,2026-08-03T14:56:49,FAIL,FAIL
G2,B11,p3_char_0391_表,表,391,8,common,character,1,False,FAIL,binary_or_4tier,2026-08-03T14:56:50,FAIL,FAIL
G1,B11,p3_char_0391_表,表,391,8,common,character,1,False,FAIL,binary_or_4tier,2026-08-03T14:56:50,FAIL,FAIL
G3,B11,p3_char_0391_表,表,391,8,common,character,1,False,PASS,binary_or_4tier,2026-08-03T14:56:54,PASS,PASS
G3,B11,p3_char_0392_佯,佯,392,8,rare,character,1,False,FAIL,binary_or_4tier,2026-08-03T14:56:56,FAIL,FAIL
G4,B11,p3_char_0392_佯,佯,392,8,rare,character,1,False,A,4tier,2026-08-03T14:57:00,A,A
G1,B11,p3_char_0392_佯,佯,392,8,rare,character,1,False,FAIL,binary_or_4tier,2026-08-03T14:57:01,FAIL,FAIL
G2,B11,p3_char_0392_佯,佯,392,8,rare,character,1,False,FAIL,binary_or_4tier,2026-08-03T14:57:04,FAIL,FAIL
G1,B11,p3_char_0393_实,实,393,8,common,character,1,False,FAIL,binary_or_4tier,2026-08-03T14:57:05,FAIL,FAIL
G4,B11,p3_char_0393_实,实,393,8,common,character,1,False,PASS,binary_or_4tier,2026-08-03T14:57:10,PASS,PASS
G2,B11,p3_char_0393_实,实,393,8,common,character,1,False,FAIL,binary_or_4tier,2026-08-03T14:57:10,FAIL,FAIL
G3,B11,p3_char_0393_实,实,393,8,common,character,1,False,FAIL,binary_or_4tier,2026-08-03T14:57:11,FAIL,FAIL
G1,B11,p3_char_0394_佰,佰,394,8,rare,character,1,False,FAIL,binary_or_4tier,2026-08-03T14:57:12,FAIL,FAIL
G3,B11,p3_char_0394_佰,佰,394,8,rare,character,1,False,FAIL,binary_or_4tier,2026-08-03T14:57:13,FAIL,FAIL
G2,B11,p3_char_0394_佰,佰,394,8,rare,character,1,False,FAIL,binary_or_4tier,2026-08-03T14:57:13,FAIL,FAIL
G4,B11,p3_char_0394_佰,佰,394,8,rare,character,1,False,A,4tier,2026-08-03T14:57:16,A,A
G1,B11,p3_char_0395_金,金,395,8,common,character,1,False,FAIL,binary_or_4tier,2026-08-03T14:57:17,FAIL,FAIL
G4,B11,p3_char_0395_金,金,395,8,common,character,1,False,A,4tier,2026-08-03T14:57:32,A,A
G3,B11,p3_char_0395_金,金,395,8,common,character,1,False,FAIL,binary_or_4tier,2026-08-03T14:57:33,FAIL,FAIL
G2,B11,p3_char_0395_金,金,395,8,common,character,1,False,FAIL,binary_or_4tier,2026-08-03T14:57:33,FAIL,FAIL
G3,B11,p3_char_0396_佴,佴,396,8,rare,character,1,False,FAIL,binary_or_4tier,2026-08-03T14:57:34,FAIL,FAIL
G1,B11,p3_char_0396_佴,佴,396,8,rare,character,1,False,FAIL,binary_or_4tier,2026-08-03T14:57:34,FAIL,FAIL
G2,B11,p3_char_0396_佴,佴,396,8,rare,character,1,False,PASS,binary_or_4tier,2026-08-03T14:57:35,PASS,PASS
G4,B11,p3_char_0396_佴,佴,396,8,rare,character,1,False,A,4tier,2026-08-03T14:57:37,A,A
G4,B11,p3_char_0397_空,空,397,8,common,character,1,False,A,4tier,2026-08-03T14:57:39,A,A
G3,B11,p3_char_0397_空,空,397,8,common,character,1,False,PASS,binary_or_4tier,2026-08-03T14:57:40,PASS,PASS
G1,B11,p3_char_0397_空,空,397,8,common,character,1,False,C,4tier,2026-08-03T14:57:45,C,C
G2,B11,p3_char_0397_空,空,397,8,common,character,1,False,FAIL,binary_or_4tier,2026-08-03T14:57:46,FAIL,FAIL
G4,B11,p3_char_0398_併,併,398,8,rare,character,1,False,A,4tier,2026-08-03T14:57:53,A,A
G1,B11,p3_char_0398_併,併,398,8,rare,character,1,False,FAIL,binary_or_4tier,2026-08-03T14:57:54,FAIL,FAIL
G2,B11,p3_char_0398_併,併,398,8,rare,character,1,False,FAIL,binary_or_4tier,2026-08-03T14:57:55,FAIL,FAIL
G3,B11,p3_char_0398_併,併,398,8,rare,character,1,False,FAIL,binary_or_4tier,2026-08-03T14:57:55,FAIL,FAIL
G3,B11,p3_char_0399_往,往,399,8,common,character,1,False,PASS,binary_or_4tier,2026-08-03T14:57:57,PASS,PASS
G2,B11,p3_char_0399_往,往,399,8,common,character,1,False,PASS,binary_or_4tier,2026-08-03T14:57:59,PASS,PASS
G1,B11,p3_char_0399_往,往,399,8,common,character,1,False,PASS,binary_or_4tier,2026-08-03T14:58:00,PASS,PASS
G4,B11,p3_char_0399_往,往,399,8,common,character,1,False,A,4tier,2026-08-03T14:58:01,A,A
G3,B11,p3_char_0400_佶,佶,400,8,rare,character,1,False,PASS,binary_or_4tier,2026-08-03T14:58:04,PASS,PASS
G4,B11,p3_char_0400_佶,佶,400,8,rare,character,1,False,A,4tier,2026-08-03T14:58:07,A,A
G2,B11,p3_char_0400_佶,佶,400,8,rare,character,1,False,C,4tier,2026-08-03T14:58:12,C,C
G1,B11,p3_char_0400_佶,佶,400,8,rare,character,1,False,C,4tier,2026-08-03T14:58:15,C,C
G4,B11,p3_char_0401_取,取,401,8,common,character,1,False,A,4tier,2026-08-03T14:58:17,A,A
G3,B11,p3_char_0401_取,取,401,8,common,character,1,False,FAIL,binary_or_4tier,2026-08-03T14:58:17,FAIL,FAIL
G2,B11,p3_char_0401_取,取,401,8,common,character,1,False,FAIL,binary_or_4tier,2026-08-03T14:58:18,FAIL,FAIL
G1,B11,p3_char_0401_取,取,401,8,common,character,1,False,FAIL,binary_or_4tier,2026-08-03T14:58:18,FAIL,FAIL
G3,B11,p3_char_0402_佻,佻,402,8,rare,character,1,False,FAIL,binary_or_4tier,2026-08-03T14:58:19,FAIL,FAIL
G4,B11,p3_char_0402_佻,佻,402,8,rare,character,1,False,C,4tier,2026-08-03T14:58:21,C,C
G2,B11,p3_char_0402_佻,佻,402,8,rare,character,1,False,FAIL,binary_or_4tier,2026-08-03T14:58:22,FAIL,FAIL
G1,B11,p3_char_0402_佻,佻,402,8,rare,character,1,False,FAIL,binary_or_4tier,2026-08-03T14:58:22,FAIL,FAIL
G4,B11,p3_char_0403_放,放,403,8,common,character,1,False,FAIL,binary_or_4tier,2026-08-03T14:58:28,FAIL,FAIL
G2,B11,p3_char_0403_放,放,403,8,common,character,1,False,FAIL,binary_or_4tier,2026-08-03T14:58:30,FAIL,FAIL
G3,B11,p3_char_0403_放,放,403,8,common,character,1,False,FAIL,binary_or_4tier,2026-08-03T14:58:31,FAIL,FAIL
G1,B11,p3_char_0403_放,放,403,8,common,character,1,False,FAIL,binary_or_4tier,2026-08-03T14:58:32,FAIL,FAIL
G4,B11,p3_char_0404_佼,佼,404,8,rare,character,1,False,PASS,binary_or_4tier,2026-08-03T14:58:35,PASS,PASS
G2,B11,p3_char_0404_佼,佼,404,8,rare,character,1,False,C,4tier,2026-08-03T14:58:37,C,C
G1,B11,p3_char_0404_佼,佼,404,8,rare,character,1,False,FAIL,binary_or_4tier,2026-08-03T14:58:38,FAIL,FAIL
G3,B11,p3_char_0404_佼,佼,404,8,rare,character,1,False,FAIL,binary_or_4tier,2026-08-03T14:58:40,FAIL,FAIL
G1,B11,p3_char_0405_治,治,405,8,common,character,1,False,FAIL,binary_or_4tier,2026-08-03T14:58:41,FAIL,FAIL
G4,B11,p3_char_0405_治,治,405,8,common,character,1,False,PASS,binary_or_4tier,2026-08-03T14:58:42,PASS,PASS
G2,B11,p3_char_0405_治,治,405,8,common,character,1,False,FAIL,binary_or_4tier,2026-08-03T14:58:44,FAIL,FAIL
G3,B11,p3_char_0405_治,治,405,8,common,character,1,False,FAIL,binary_or_4tier,2026-08-03T14:58:45,FAIL,FAIL
G4,B11,p3_char_0406_佽,佽,406,8,rare,character,1,False,A,4tier,2026-08-03T14:58:48,A,A
G3,B11,p3_char_0406_佽,佽,406,8,rare,character,1,False,FAIL,binary_or_4tier,2026-08-03T14:58:49,FAIL,FAIL
G1,B11,p3_char_0406_佽,佽,406,8,rare,character,1,False,FAIL,binary_or_4tier,2026-08-03T14:58:49,FAIL,FAIL
G2,B11,p3_char_0406_佽,佽,406,8,rare,character,1,False,FAIL,binary_or_4tier,2026-08-03T14:58:50,FAIL,FAIL
G3,B11,p3_char_0407_规,规,407,8,common,character,1,False,FAIL,binary_or_4tier,2026-08-03T14:58:54,FAIL,FAIL
G1,B11,p3_char_0407_规,规,407,8,common,character,1,False,FAIL,binary_or_4tier,2026-08-03T14:58:54,FAIL,FAIL
G2,B11,p3_char_0407_规,规,407,8,common,character,1,False,FAIL,binary_or_4tier,2026-08-03T14:58:55,FAIL,FAIL
G4,B11,p3_char_0407_规,规,407,8,common,character,1,False,A,4tier,2026-08-03T14:59:17,A,A
G1,B11,p3_char_0408_佾,佾,408,8,rare,character,1,False,PASS,binary_or_4tier,2026-08-03T14:59:18,PASS,PASS
G2,B11,p3_char_0408_佾,佾,408,8,rare,character,1,False,C,4tier,2026-08-03T14:59:21,C,C
G4,B11,p3_char_0408_佾,佾,408,8,rare,character,1,False,C,4tier,2026-08-03T14:59:24,C,C
G3,B11,p3_char_0408_佾,佾,408,8,rare,character,1,False,C,4tier,2026-08-03T14:59:31,C,C
G3,B11,p3_char_0409_油,油,409,8,common,character,1,False,PASS,binary_or_4tier,2026-08-03T14:59:33,PASS,PASS
G2,B11,p3_char_0409_油,油,409,8,common,character,1,False,PASS,binary_or_4tier,2026-08-03T14:59:33,PASS,PASS
G1,B11,p3_char_0409_油,油,409,8,common,character,1,False,PASS,binary_or_4tier,2026-08-03T14:59:34,PASS,PASS
G4,B11,p3_char_0409_油,油,409,8,common,character,1,False,PASS,binary_or_4tier,2026-08-03T14:59:36,PASS,PASS
G1,B11,p3_char_0410_侃,侃,410,8,rare,character,1,False,FAIL,binary_or_4tier,2026-08-03T14:59:38,FAIL,FAIL
G4,B11,p3_char_0410_侃,侃,410,8,rare,character,1,False,PASS,binary_or_4tier,2026-08-03T14:59:40,PASS,PASS
G3,B11,p3_char_0410_侃,侃,410,8,rare,character,1,False,FAIL,binary_or_4tier,2026-08-03T14:59:41,FAIL,FAIL
G2,B11,p3_char_0410_侃,侃,410,8,rare,character,1,False,FAIL,binary_or_4tier,2026-08-03T14:59:42,FAIL,FAIL
G1,B11,p3_char_0411_受,受,411,8,common,character,1,False,FAIL,binary_or_4tier,2026-08-03T14:59:43,FAIL,FAIL
G4,B11,p3_char_0411_受,受,411,8,common,character,1,False,C,4tier,2026-08-03T14:59:45,C,C
G3,B11,p3_char_0411_受,受,411,8,common,character,1,False,C,4tier,2026-08-03T15:00:04,C,C
G2,B11,p3_char_0411_受,受,411,8,common,character,1,False,FAIL,binary_or_4tier,2026-08-03T15:00:04,FAIL,FAIL
G2,B11,p3_char_0412_來,來,412,8,rare,character,1,False,FAIL,binary_or_4tier,2026-08-03T15:00:05,FAIL,FAIL
G3,B11,p3_char_0412_來,來,412,8,rare,character,1,False,FAIL,binary_or_4tier,2026-08-03T15:00:10,FAIL,FAIL
G1,B11,p3_char_0412_來,來,412,8,rare,character,1,False,FAIL,binary_or_4tier,2026-08-03T15:00:11,FAIL,FAIL
G4,B11,p3_char_0412_來,來,412,8,rare,character,1,False,A,4tier,2026-08-03T15:00:13,A,A
G4,B11,p3_char_0413_采,采,413,8,common,character,1,False,A,4tier,2026-08-03T15:00:18,A,A
G3,B11,p3_char_0413_采,采,413,8,common,character,1,False,PASS,binary_or_4tier,2026-08-03T15:00:21,PASS,PASS
G1,B11,p3_char_0413_采,采,413,8,common,character,1,False,C,4tier,2026-08-03T15:00:24,C,C
G2,B11,p3_char_0413_采,采,413,8,common,character,1,False,C,4tier,2026-08-03T15:00:25,C,C
G4,B11,p3_char_0414_侈,侈,414,8,rare,character,1,False,A,4tier,2026-08-03T15:00:27,A,A
G2,B11,p3_char_0414_侈,侈,414,8,rare,character,1,False,PASS,binary_or_4tier,2026-08-03T15:00:28,PASS,PASS
G3,B11,p3_char_0414_侈,侈,414,8,rare,character,1,False,PASS,binary_or_4tier,2026-08-03T15:00:29,PASS,PASS
G1,B11,p3_char_0414_侈,侈,414,8,rare,character,1,False,C,4tier,2026-08-03T15:00:31,C,C
G4,B11,p3_char_0415_转,转,415,8,common,character,1,False,FAIL,binary_or_4tier,2026-08-03T15:00:33,FAIL,FAIL
G1,B11,p3_char_0415_转,转,415,8,common,character,1,False,FAIL,binary_or_4tier,2026-08-03T15:00:33,FAIL,FAIL
G3,B11,p3_char_0415_转,转,415,8,common,character,1,False,FAIL,binary_or_4tier,2026-08-03T15:00:34,FAIL,FAIL
G2,B11,p3_char_0415_转,转,415,8,common,character,1,False,FAIL,binary_or_4tier,2026-08-03T15:00:35,FAIL,FAIL
G1,B11,p3_char_0416_侉,侉,416,8,rare,character,1,False,A,4tier,2026-08-03T15:00:40,A,A
G2,B11,p3_char_0416_侉,侉,416,8,rare,character,1,False,FAIL,binary_or_4tier,2026-08-03T15:00:43,FAIL,FAIL
G4,B11,p3_char_0416_侉,侉,416,8,rare,character,1,False,FAIL,binary_or_4tier,2026-08-03T15:00:43,FAIL,FAIL
G3,B11,p3_char_0416_侉,侉,416,8,rare,character,1,False,FAIL,binary_or_4tier,2026-08-03T15:00:44,FAIL,FAIL
G1,B11,p3_char_0417_单,单,417,8,common,character,1,False,FAIL,binary_or_4tier,2026-08-03T15:00:45,FAIL,FAIL
G3,B11,p3_char_0417_单,单,417,8,common,character,1,False,FAIL,binary_or_4tier,2026-08-03T15:00:45,FAIL,FAIL
G2,B11,p3_char_0417_单,单,417,8,common,character,1,False,FAIL,binary_or_4tier,2026-08-03T15:00:49,FAIL,FAIL
G4,B11,p3_char_0417_单,单,417,8,common,character,1,False,PASS,binary_or_4tier,2026-08-03T15:00:49,PASS,PASS
G3,B11,p3_char_0418_例,例,418,8,rare,character,1,False,FAIL,binary_or_4tier,2026-08-03T15:01:06,FAIL,FAIL
G4,B11,p3_char_0418_例,例,418,8,rare,character,1,False,C,4tier,2026-08-03T15:01:09,C,C
G2,B11,p3_char_0418_例,例,418,8,rare,character,1,False,FAIL,binary_or_4tier,2026-08-03T15:01:10,FAIL,FAIL
G1,B11,p3_char_0418_例,例,418,8,rare,character,1,False,FAIL,binary_or_4tier,2026-08-03T15:01:10,FAIL,FAIL
G4,B11,p3_char_0419_知,知,419,8,common,character,1,False,PASS,binary_or_4tier,2026-08-03T15:01:12,PASS,PASS
G3,B11,p3_char_0419_知,知,419,8,common,character,1,False,PASS,binary_or_4tier,2026-08-03T15:01:14,PASS,PASS
G1,B11,p3_char_0419_知,知,419,8,common,character,1,False,C,4tier,2026-08-03T15:01:15,C,C
G2,B11,p3_char_0419_知,知,419,8,common,character,1,False,C,4tier,2026-08-03T15:01:17,C,C
G3,B11,p3_char_0420_侌,侌,420,8,rare,character,1,False,FAIL,binary_or_4tier,2026-08-03T15:01:20,FAIL,FAIL
G1,B11,p3_char_0420_侌,侌,420,8,rare,character,1,False,FAIL,binary_or_4tier,2026-08-03T15:01:20,FAIL,FAIL
G2,B11,p3_char_0420_侌,侌,420,8,rare,character,1,False,FAIL,binary_or_4tier,2026-08-03T15:01:21,FAIL,FAIL
G4,B11,p3_char_0420_侌,侌,420,8,rare,character,1,False,FAIL,binary_or_4tier,2026-08-03T15:01:23,FAIL,FAIL
G4,B11,p3_char_0421_或,或,421,8,common,character,1,False,C,4tier,2026-08-03T15:01:26,C,C
G2,B11,p3_char_0421_或,或,421,8,common,character,1,False,FAIL,binary_or_4tier,2026-08-03T15:01:27,FAIL,FAIL
G1,B11,p3_char_0421_或,或,421,8,common,character,1,False,FAIL,binary_or_4tier,2026-08-03T15:01:27,FAIL,FAIL
G3,B11,p3_char_0421_或,或,421,8,common,character,1,False,FAIL,binary_or_4tier,2026-08-03T15:01:28,FAIL,FAIL
G2,B11,p3_char_0422_侍,侍,422,8,rare,character,1,False,FAIL,binary_or_4tier,2026-08-03T15:01:30,FAIL,FAIL
G4,B11,p3_char_0422_侍,侍,422,8,rare,character,1,False,PASS,binary_or_4tier,2026-08-03T15:01:31,PASS,PASS
G3,B11,p3_char_0422_侍,侍,422,8,rare,character,1,False,PASS,binary_or_4tier,2026-08-03T15:01:33,PASS,PASS
G1,B11,p3_char_0422_侍,侍,422,8,rare,character,1,False,C,4tier,2026-08-03T15:01:34,C,C
G3,B11,p3_char_0423_苦,苦,423,8,common,character,1,False,PASS,binary_or_4tier,2026-08-03T15:01:36,PASS,PASS
G1,B11,p3_char_0423_苦,苦,423,8,common,character,1,False,PASS,binary_or_4tier,2026-08-03T15:01:37,PASS,PASS
G4,B11,p3_char_0423_苦,苦,423,8,common,character,1,False,PASS,binary_or_4tier,2026-08-03T15:01:38,PASS,PASS
G2,B11,p3_char_0423_苦,苦,423,8,common,character,1,False,PASS,binary_or_4tier,2026-08-03T15:01:39,PASS,PASS
G3,B11,p3_char_0424_侑,侑,424,8,rare,character,1,False,PASS,binary_or_4tier,2026-08-03T15:01:45,PASS,PASS
G4,B11,p3_char_0424_侑,侑,424,8,rare,character,1,False,PASS,binary_or_4tier,2026-08-03T15:01:49,PASS,PASS
G1,B11,p3_char_0424_侑,侑,424,8,rare,character,1,False,C,4tier,2026-08-03T15:01:51,C,C
G2,B11,p3_char_0424_侑,侑,424,8,rare,character,1,False,PASS,binary_or_4tier,2026-08-03T15:01:52,PASS,PASS
G4,B11,p3_char_0425_具,具,425,8,common,character,1,False,A,4tier,2026-08-03T15:01:55,A,A
G3,B11,p3_char_0425_具,具,425,8,common,character,1,False,PASS,binary_or_4tier,2026-08-03T15:01:57,PASS,PASS
G2,B11,p3_char_0425_具,具,425,8,common,character,1,False,PASS,binary_or_4tier,2026-08-03T15:01:58,PASS,PASS
G1,B11,p3_char_0425_具,具,425,8,common,character,1,False,C,4tier,2026-08-03T15:02:00,C,C
G3,B11,p3_char_0426_侔,侔,426,8,rare,character,1,False,FAIL,binary_or_4tier,2026-08-03T15:02:04,FAIL,FAIL
G2,B11,p3_char_0426_侔,侔,426,8,rare,character,1,False,FAIL,binary_or_4tier,2026-08-03T15:02:04,FAIL,FAIL
G1,B11,p3_char_0426_侔,侔,426,8,rare,character,1,False,FAIL,binary_or_4tier,2026-08-03T15:02:05,FAIL,FAIL
G4,B11,p3_char_0426_侔,侔,426,8,rare,character,1,False,FAIL,binary_or_4tier,2026-08-03T15:02:06,FAIL,FAIL
G1,B11,p3_char_0427_线,线,427,8,common,character,1,False,FAIL,binary_or_4tier,2026-08-03T15:02:06,FAIL,FAIL
G2,B11,p3_char_0427_线,线,427,8,common,character,1,False,FAIL,binary_or_4tier,2026-08-03T15:02:07,FAIL,FAIL
G3,B11,p3_char_0427_线,线,427,8,common,character,1,False,FAIL,binary_or_4tier,2026-08-03T15:02:07,FAIL,FAIL
G4,B11,p3_char_0427_线,线,427,8,common,character,1,False,FAIL,binary_or_4tier,2026-08-03T15:02:09,FAIL,FAIL
G2,B11,p3_char_0428_侖,侖,428,8,rare,character,1,False,FAIL,binary_or_4tier,2026-08-03T15:02:10,FAIL,FAIL
G3,B11,p3_char_0428_侖,侖,428,8,rare,character,1,False,FAIL,binary_or_4tier,2026-08-03T15:02:10,FAIL,FAIL
G4,B11,p3_char_0428_侖,侖,428,8,rare,character,1,False,PASS,binary_or_4tier,2026-08-03T15:02:12,PASS,PASS
G1,B11,p3_char_0428_侖,侖,428,8,rare,character,1,False,FAIL,binary_or_4tier,2026-08-03T15:02:14,FAIL,FAIL
G4,B11,p3_char_0429_是,是,429,9,common,character,1,False,A,4tier,2026-08-03T15:02:18,A,A
G1,B11,p3_char_0429_是,是,429,9,common,character,1,False,FAIL,binary_or_4tier,2026-08-03T15:02:19,FAIL,FAIL
G2,B11,p3_char_0429_是,是,429,9,common,character,1,False,FAIL,binary_or_4tier,2026-08-03T15:02:20,FAIL,FAIL
G3,B11,p3_char_0429_是,是,429,9,common,character,1,False,FAIL,binary_or_4tier,2026-08-03T15:02:20,FAIL,FAIL
G4,B11,p3_char_0430_畈,畈,430,9,rare,character,1,False,FAIL,binary_or_4tier,2026-08-03T15:02:21,FAIL,FAIL
G1,B11,p3_char_0430_畈,畈,430,9,rare,character,1,False,FAIL,binary_or_4tier,2026-08-03T15:02:22,FAIL,FAIL
G3,B11,p3_char_0430_畈,畈,430,9,rare,character,1,False,FAIL,binary_or_4tier,2026-08-03T15:02:23,FAIL,FAIL
G2,B11,p3_char_0430_畈,畈,430,9,rare,character,1,False,FAIL,binary_or_4tier,2026-08-03T15:02:23,FAIL,FAIL
G4,B11,p3_char_0431_说,说,431,9,common,character,1,False,C,4tier,2026-08-03T15:02:25,C,C
G3,B11,p3_char_0431_说,说,431,9,common,character,1,False,C,4tier,2026-08-03T15:02:27,C,C
G2,B11,p3_char_0431_说,说,431,9,common,character,1,False,C,4tier,2026-08-03T15:02:29,C,C
G1,B11,p3_char_0431_说,说,431,9,common,character,1,False,FAIL,binary_or_4tier,2026-08-03T15:02:34,FAIL,FAIL
G1,B11,p3_char_0432_畋,畋,432,9,rare,character,1,False,FAIL,binary_or_4tier,2026-08-03T15:02:38,FAIL,FAIL
G3,B11,p3_char_0432_畋,畋,432,9,rare,character,1,False,FAIL,binary_or_4tier,2026-08-03T15:02:39,FAIL,FAIL
G2,B11,p3_char_0432_畋,畋,432,9,rare,character,1,False,FAIL,binary_or_4tier,2026-08-03T15:02:39,FAIL,FAIL
G4,B11,p3_char_0432_畋,畋,432,9,rare,character,1,False,C,4tier,2026-08-03T15:02:42,C,C
G1,B11,p3_char_0433_要,要,433,9,common,character,1,False,FAIL,binary_or_4tier,2026-08-03T15:02:43,FAIL,FAIL
G2,B11,p3_char_0433_要,要,433,9,common,character,1,False,FAIL,binary_or_4tier,2026-08-03T15:02:45,FAIL,FAIL
G3,B11,p3_char_0433_要,要,433,9,common,character,1,False,FAIL,binary_or_4tier,2026-08-03T15:02:45,FAIL,FAIL
G4,B11,p3_char_0433_要,要,433,9,common,character,1,False,PASS,binary_or_4tier,2026-08-03T15:02:47,PASS,PASS
G3,B11,p3_char_0304_疖__retry_2__G3,疖__retry_2__G3,304,,,character,1,False,FAIL,binary_or_4tier,2026-08-03T15:02:54,FAIL,FAIL
G3,B11,p3_char_0306_亨__retry_2__G3,亨__retry_2__G3,306,,,character,1,False,FAIL,binary_or_4tier,2026-08-03T15:02:56,FAIL,FAIL
G3,B11,p3_char_0315_声__retry_2__G3,声__retry_2__G3,315,,,character,1,False,FAIL,binary_or_4tier,2026-08-03T15:02:57,FAIL,FAIL
G3,B11,p3_char_0197_矢__retry_4__G3,矢__retry_4__G3,197,,,character,1,False,C,4tier,2026-08-03T15:03:00,C,C
G3,B11,p3_char_0216_失__retry_4__G3,失__retry_4__G3,216,,,character,1,False,C,4tier,2026-08-03T15:03:01,C,C
G4,B11,p3_char_0193_癶__retry_4__G4,癶__retry_4__G4,193,,,character,1,False,C,4tier,2026-08-03T15:03:10,C,C
G4,B11,p3_char_0213_処__retry_4__G4,処__retry_4__G4,213,,,character,1,False,FAIL,binary_or_4tier,2026-08-03T15:03:11,FAIL,FAIL
G4,B11,p3_char_0228_乩__retry_4__G4,乩__retry_4__G4,228,,,character,1,False,C,4tier,2026-08-03T15:03:13,C,C
G4,B11,p3_char_0233_那__retry_4__G4,那__retry_4__G4,233,,,character,1,False,FAIL,binary_or_4tier,2026-08-03T15:03:14,FAIL,FAIL
G4,B11,p3_char_0340_佚__retry_1__G4,佚__retry_1__G4,340,,,character,1,False,FAIL,binary_or_4tier,2026-08-03T15:03:16,FAIL,FAIL
G4,B11,p3_char_0341_社__retry_1__G4,社__retry_1__G4,341,,,character,1,False,FAIL,binary_or_4tier,2026-08-03T15:03:17,FAIL,FAIL
G4,B11,p3_char_0342_佛__retry_1__G4,佛__retry_1__G4,342,,,character,1,False,FAIL,binary_or_4tier,2026-08-03T15:03:18,FAIL,FAIL
G4,B11,p3_char_0343_即__retry_1__G4,即__retry_1__G4,343,,,character,1,False,FAIL,binary_or_4tier,2026-08-03T15:03:19,FAIL,FAIL
G4,B11,p3_char_0349_改__retry_1__G4,改__retry_1__G4,349,,,character,1,False,C,4tier,2026-08-03T15:03:23,C,C
G4,B11,p3_char_0361_到__retry_1__G4,到__retry_1__G4,361,,,character,1,False,C,4tier,2026-08-03T15:03:25,C,C
G4,B11,p3_char_0367_事__retry_1__G4,事__retry_1__G4,367,,,character,1,False,FAIL,binary_or_4tier,2026-08-03T15:03:26,FAIL,FAIL
G4,B11,p3_char_0371_所__retry_1__G4,所__retry_1__G4,371,,,character,1,False,FAIL,binary_or_4tier,2026-08-03T15:03:28,FAIL,FAIL
G4,B11,p3_char_0379_学__retry_1__G4,学__retry_1__G4,379,,,character,1,False,FAIL,binary_or_4tier,2026-08-03T15:03:30,FAIL,FAIL
G4,B11,p3_char_0236_亥__retry_3__G4,亥__retry_3__G4,236,,,character,1,False,C,4tier,2026-08-03T15:03:33,C,C
G4,B11,p3_char_0238_亦__retry_3__G4,亦__retry_3__G4,238,,,character,1,False,PASS,binary_or_4tier,2026-08-03T15:03:35,PASS,PASS
G4,B11,p3_char_0331_更__retry_2__G4,更__retry_2__G4,331,,,character,1,False,PASS,binary_or_4tier,2026-08-03T15:03:38,PASS,PASS
G4,B11,p3_char_0284_龹__retry_2__G4,龹__retry_2__G4,284,,,character,1,False,PASS,binary_or_4tier,2026-08-03T15:03:40,PASS,PASS
G4,B12,p3_char_0434_畎,畎,434,9,rare,character,1,False,C,4tier,2026-08-04T18:33:30,C,C
G3,B12,p3_char_0434_畎,畎,434,9,rare,character,1,False,A,4tier,2026-08-04T18:33:38,A,A
G2,B12,p3_char_0434_畎,畎,434,9,rare,character,1,False,A,4tier,2026-08-04T18:33:39,A,A
G1,B12,p3_char_0434_畎,畎,434,9,rare,character,1,False,PASS,binary_or_4tier,2026-08-04T18:33:42,PASS,PASS
G1,B12,p3_char_0435_看,看,435,9,common,character,1,False,C,4tier,2026-08-04T18:33:44,C,C
G2,B12,p3_char_0435_看,看,435,9,common,character,1,False,C,4tier,2026-08-04T18:33:48,C,C
G3,B12,p3_char_0435_看,看,435,9,common,character,1,False,FAIL,binary_or_4tier,2026-08-04T18:34:00,FAIL,FAIL
G4,B12,p3_char_0435_看,看,435,9,common,character,1,False,A,4tier,2026-08-04T18:34:01,A,A
G2,B12,p3_char_0436_畏,畏,436,9,rare,character,1,False,FAIL,binary_or_4tier,2026-08-04T18:34:04,FAIL,FAIL
G1,B12,p3_char_0436_畏,畏,436,9,rare,character,1,False,FAIL,binary_or_4tier,2026-08-04T18:34:05,FAIL,FAIL
G3,B12,p3_char_0436_畏,畏,436,9,rare,character,1,False,FAIL,binary_or_4tier,2026-08-04T18:34:05,FAIL,FAIL
G4,B12,p3_char_0436_畏,畏,436,9,rare,character,1,False,C,4tier,2026-08-04T18:34:07,C,C
G4,B12,p3_char_0437_种,种,437,9,common,character,1,False,A,4tier,2026-08-04T18:34:17,A,A
G1,B12,p3_char_0437_种,种,437,9,common,character,1,False,PASS,binary_or_4tier,2026-08-04T18:34:19,PASS,PASS
G3,B12,p3_char_0437_种,种,437,9,common,character,1,False,C,4tier,2026-08-04T18:34:20,C,C
G2,B12,p3_char_0437_种,种,437,9,common,character,1,False,C,4tier,2026-08-04T18:34:23,C,C
G3,B12,p3_char_0438_畐,畐,438,9,rare,character,1,False,C,4tier,2026-08-04T18:34:26,C,C
G1,B12,p3_char_0438_畐,畐,438,9,rare,character,1,False,PASS,binary_or_4tier,2026-08-04T18:34:27,PASS,PASS
G2,B12,p3_char_0438_畐,畐,438,9,rare,character,1,False,PASS,binary_or_4tier,2026-08-04T18:34:28,PASS,PASS
G4,B12,p3_char_0438_畐,畐,438,9,rare,character,1,False,PASS,binary_or_4tier,2026-08-04T18:34:28,PASS,PASS
G2,B12,p3_char_0439_将,将,439,9,common,character,1,False,FAIL,binary_or_4tier,2026-08-04T18:34:35,FAIL,FAIL
G1,B12,p3_char_0439_将,将,439,9,common,character,1,False,FAIL,binary_or_4tier,2026-08-04T18:34:36,FAIL,FAIL
G3,B12,p3_char_0439_将,将,439,9,common,character,1,False,FAIL,binary_or_4tier,2026-08-04T18:34:36,FAIL,FAIL
G4,B12,p3_char_0439_将,将,439,9,common,character,1,False,C,4tier,2026-08-04T18:34:46,C,C
G3,B12,p3_char_0440_畑,畑,440,9,rare,character,1,False,FAIL,binary_or_4tier,2026-08-04T18:34:47,FAIL,FAIL
G4,B12,p3_char_0440_畑,畑,440,9,rare,character,1,False,FAIL,binary_or_4tier,2026-08-04T18:34:48,FAIL,FAIL
G2,B12,p3_char_0440_畑,畑,440,9,rare,character,1,False,FAIL,binary_or_4tier,2026-08-04T18:34:48,FAIL,FAIL
G1,B12,p3_char_0440_畑,畑,440,9,rare,character,1,False,FAIL,binary_or_4tier,2026-08-04T18:34:48,FAIL,FAIL
G1,B12,p3_char_0441_前,前,441,9,common,character,1,False,FAIL,binary_or_4tier,2026-08-04T18:34:52,FAIL,FAIL
G4,B12,p3_char_0441_前,前,441,9,common,character,1,False,FAIL,binary_or_4tier,2026-08-04T18:34:53,FAIL,FAIL
G3,B12,p3_char_0441_前,前,441,9,common,character,1,False,C,4tier,2026-08-04T18:34:55,C,C
G2,B12,p3_char_0441_前,前,441,9,common,character,1,False,C,4tier,2026-08-04T18:34:56,C,C
G1,B12,p3_char_0442_乹,乹,442,9,rare,character,1,False,C,4tier,2026-08-04T18:34:59,C,C
G3,B12,p3_char_0442_乹,乹,442,9,rare,character,1,False,FAIL,binary_or_4tier,2026-08-04T18:35:01,FAIL,FAIL
G2,B12,p3_char_0442_乹,乹,442,9,rare,character,1,False,FAIL,binary_or_4tier,2026-08-04T18:35:02,FAIL,FAIL
G4,B12,p3_char_0442_乹,乹,442,9,rare,character,1,False,FAIL,binary_or_4tier,2026-08-04T18:35:02,FAIL,FAIL
G4,B12,p3_char_0443_面,面,443,9,common,character,1,False,PASS,binary_or_4tier,2026-08-04T18:35:14,PASS,PASS
G2,B12,p3_char_0443_面,面,443,9,common,character,1,False,FAIL,binary_or_4tier,2026-08-04T18:35:15,FAIL,FAIL
G3,B12,p3_char_0443_面,面,443,9,common,character,1,False,FAIL,binary_or_4tier,2026-08-04T18:35:16,FAIL,FAIL
G1,B12,p3_char_0443_面,面,443,9,common,character,1,False,FAIL,binary_or_4tier,2026-08-04T18:35:18,FAIL,FAIL
G4,B12,p3_char_0444_疣,疣,444,9,rare,character,1,False,FAIL,binary_or_4tier,2026-08-04T18:35:25,FAIL,FAIL
G2,B12,p3_char_0444_疣,疣,444,9,rare,character,1,False,FAIL,binary_or_4tier,2026-08-04T18:35:25,FAIL,FAIL
G3,B12,p3_char_0444_疣,疣,444,9,rare,character,1,False,FAIL,binary_or_4tier,2026-08-04T18:35:25,FAIL,FAIL
G1,B12,p3_char_0444_疣,疣,444,9,rare,character,1,False,FAIL,binary_or_4tier,2026-08-04T18:35:25,FAIL,FAIL
G4,B12,p3_char_0445_点,点,445,9,common,character,1,False,A,4tier,2026-08-04T18:35:28,A,A
G1,B12,p3_char_0445_点,点,445,9,common,character,1,False,PASS,binary_or_4tier,2026-08-04T18:35:31,PASS,PASS
G2,B12,p3_char_0445_点,点,445,9,common,character,1,False,PASS,binary_or_4tier,2026-08-04T18:35:32,PASS,PASS
G3,B12,p3_char_0445_点,点,445,9,common,character,1,False,C,4tier,2026-08-04T18:35:37,C,C
G2,B12,p3_char_0446_疤,疤,446,9,rare,character,1,False,FAIL,binary_or_4tier,2026-08-04T18:35:38,FAIL,FAIL
G3,B12,p3_char_0446_疤,疤,446,9,rare,character,1,False,FAIL,binary_or_4tier,2026-08-04T18:35:39,FAIL,FAIL
G4,B12,p3_char_0446_疤,疤,446,9,rare,character,1,False,C,4tier,2026-08-04T18:35:40,C,C
G1,B12,p3_char_0446_疤,疤,446,9,rare,character,1,False,FAIL,binary_or_4tier,2026-08-04T18:35:42,FAIL,FAIL
G3,B12,p3_char_0447_信,信,447,9,common,character,1,False,PASS,binary_or_4tier,2026-08-04T18:35:45,PASS,PASS
G2,B12,p3_char_0447_信,信,447,9,common,character,1,False,PASS,binary_or_4tier,2026-08-04T18:35:51,PASS,PASS
G1,B12,p3_char_0447_信,信,447,9,common,character,1,False,PASS,binary_or_4tier,2026-08-04T18:35:52,PASS,PASS
G4,B12,p3_char_0447_信,信,447,9,common,character,1,False,A,4tier,2026-08-04T18:35:53,A,A
G2,B12,p3_char_0448_疥,疥,448,9,rare,character,1,False,FAIL,binary_or_4tier,2026-08-04T18:36:02,FAIL,FAIL
G1,B12,p3_char_0448_疥,疥,448,9,rare,character,1,False,FAIL,binary_or_4tier,2026-08-04T18:36:03,FAIL,FAIL
G4,B12,p3_char_0448_疥,疥,448,9,rare,character,1,False,C,4tier,2026-08-04T18:36:05,C,C
G3,B12,p3_char_0448_疥,疥,448,9,rare,character,1,False,PASS,binary_or_4tier,2026-08-04T18:36:08,PASS,PASS
G4,B12,p3_char_0449_美,美,449,9,common,character,1,False,A,4tier,2026-08-04T18:36:15,A,A
G2,B12,p3_char_0449_美,美,449,9,common,character,1,False,C,4tier,2026-08-04T18:36:16,C,C
G3,B12,p3_char_0449_美,美,449,9,common,character,1,False,FAIL,binary_or_4tier,2026-08-04T18:36:17,FAIL,FAIL
G1,B12,p3_char_0449_美,美,449,9,common,character,1,False,FAIL,binary_or_4tier,2026-08-04T18:36:17,FAIL,FAIL
G4,B12,p3_char_0450_疫,疫,450,9,rare,character,1,False,FAIL,binary_or_4tier,2026-08-04T18:36:22,FAIL,FAIL
G2,B12,p3_char_0450_疫,疫,450,9,rare,character,1,False,FAIL,binary_or_4tier,2026-08-04T18:36:22,FAIL,FAIL
G1,B12,p3_char_0450_疫,疫,450,9,rare,character,1,False,FAIL,binary_or_4tier,2026-08-04T18:36:23,FAIL,FAIL
G3,B12,p3_char_0450_疫,疫,450,9,rare,character,1,False,FAIL,binary_or_4tier,2026-08-04T18:36:24,FAIL,FAIL
G4,B12,p3_char_0451_给,给,451,9,common,character,1,False,FAIL,binary_or_4tier,2026-08-04T18:36:27,FAIL,FAIL
G2,B12,p3_char_0451_给,给,451,9,common,character,1,False,PASS,binary_or_4tier,2026-08-04T18:36:28,PASS,PASS
G3,B12,p3_char_0451_给,给,451,9,common,character,1,False,C,4tier,2026-08-04T18:36:30,C,C
G1,B12,p3_char_0451_给,给,451,9,common,character,1,False,FAIL,binary_or_4tier,2026-08-04T18:36:30,FAIL,FAIL
G3,B12,p3_char_0452_疬,疬,452,9,rare,character,1,False,FAIL,binary_or_4tier,2026-08-04T18:36:32,FAIL,FAIL
G4,B12,p3_char_0452_疬,疬,452,9,rare,character,1,False,FAIL,binary_or_4tier,2026-08-04T18:36:33,FAIL,FAIL
G1,B12,p3_char_0452_疬,疬,452,9,rare,character,1,False,FAIL,binary_or_4tier,2026-08-04T18:36:33,FAIL,FAIL
G2,B12,p3_char_0452_疬,疬,452,9,rare,character,1,False,FAIL,binary_or_4tier,2026-08-04T18:36:34,FAIL,FAIL
G3,B12,p3_char_0453_度,度,453,9,common,character,1,False,FAIL,binary_or_4tier,2026-08-04T18:36:36,FAIL,FAIL
G1,B12,p3_char_0453_度,度,453,9,common,character,1,False,C,4tier,2026-08-04T18:36:39,C,C
G2,B12,p3_char_0453_度,度,453,9,common,character,1,False,FAIL,binary_or_4tier,2026-08-04T18:36:42,FAIL,FAIL
G4,B12,p3_char_0453_度,度,453,9,common,character,1,False,C,4tier,2026-08-04T18:36:43,C,C
G1,B12,p3_char_0454_疭,疭,454,9,rare,character,1,False,FAIL,binary_or_4tier,2026-08-04T18:36:45,FAIL,FAIL
G2,B12,p3_char_0454_疭,疭,454,9,rare,character,1,False,FAIL,binary_or_4tier,2026-08-04T18:36:46,FAIL,FAIL
G3,B12,p3_char_0454_疭,疭,454,9,rare,character,1,False,FAIL,binary_or_4tier,2026-08-04T18:36:47,FAIL,FAIL
G4,B12,p3_char_0454_疭,疭,454,9,rare,character,1,False,PASS,binary_or_4tier,2026-08-04T18:36:49,PASS,PASS
G2,B12,p3_char_0455_相,相,455,9,common,character,1,False,PASS,binary_or_4tier,2026-08-04T18:36:51,PASS,PASS
G4,B12,p3_char_0455_相,相,455,9,common,character,1,False,A,4tier,2026-08-04T18:36:54,A,A
G1,B12,p3_char_0455_相,相,455,9,common,character,1,False,PASS,binary_or_4tier,2026-08-04T18:36:55,PASS,PASS
G3,B12,p3_char_0455_相,相,455,9,common,character,1,False,PASS,binary_or_4tier,2026-08-04T18:36:55,PASS,PASS
G2,B12,p3_char_0456_疮,疮,456,9,rare,character,1,False,FAIL,binary_or_4tier,2026-08-04T18:37:00,FAIL,FAIL
G4,B12,p3_char_0456_疮,疮,456,9,rare,character,1,False,FAIL,binary_or_4tier,2026-08-04T18:37:00,FAIL,FAIL
G1,B12,p3_char_0456_疮,疮,456,9,rare,character,1,False,FAIL,binary_or_4tier,2026-08-04T18:37:02,FAIL,FAIL
G3,B12,p3_char_0456_疮,疮,456,9,rare,character,1,False,FAIL,binary_or_4tier,2026-08-04T18:37:02,FAIL,FAIL
G3,B12,p3_char_0457_思,思,457,9,common,character,1,False,PASS,binary_or_4tier,2026-08-04T18:37:04,PASS,PASS
G2,B12,p3_char_0457_思,思,457,9,common,character,1,False,C,4tier,2026-08-04T18:37:06,C,C
G1,B12,p3_char_0457_思,思,457,9,common,character,1,False,C,4tier,2026-08-04T18:37:09,C,C
G4,B12,p3_char_0457_思,思,457,9,common,character,1,False,FAIL,binary_or_4tier,2026-08-04T18:37:10,FAIL,FAIL
G4,B12,p3_char_0458_癸,癸,458,9,rare,character,1,False,C,4tier,2026-08-04T18:37:13,C,C
G1,B12,p3_char_0458_癸,癸,458,9,rare,character,1,False,FAIL,binary_or_4tier,2026-08-04T18:37:14,FAIL,FAIL
G2,B12,p3_char_0458_癸,癸,458,9,rare,character,1,False,FAIL,binary_or_4tier,2026-08-04T18:37:15,FAIL,FAIL
G3,B12,p3_char_0458_癸,癸,458,9,rare,character,1,False,FAIL,binary_or_4tier,2026-08-04T18:37:16,FAIL,FAIL
G2,B12,p3_char_0459_带,带,459,9,common,character,1,False,FAIL,binary_or_4tier,2026-08-04T18:37:25,FAIL,FAIL
G3,B12,p3_char_0459_带,带,459,9,common,character,1,False,FAIL,binary_or_4tier,2026-08-04T18:37:25,FAIL,FAIL
G1,B12,p3_char_0459_带,带,459,9,common,character,1,False,FAIL,binary_or_4tier,2026-08-04T18:37:26,FAIL,FAIL
G4,B12,p3_char_0459_带,带,459,9,common,character,1,False,FAIL,binary_or_4tier,2026-08-04T18:37:26,FAIL,FAIL
G2,B12,p3_char_0460_皅,皅,460,9,rare,character,1,False,C,4tier,2026-08-04T18:37:29,C,C
G4,B12,p3_char_0460_皅,皅,460,9,rare,character,1,False,FAIL,binary_or_4tier,2026-08-04T18:37:32,FAIL,FAIL
G1,B12,p3_char_0460_皅,皅,460,9,rare,character,1,False,C,4tier,2026-08-04T18:37:33,C,C
G3,B12,p3_char_0460_皅,皅,460,9,rare,character,1,False,FAIL,binary_or_4tier,2026-08-04T18:37:34,FAIL,FAIL
G3,B12,p3_char_0461_亲,亲,461,9,common,character,1,False,FAIL,binary_or_4tier,2026-08-04T18:37:36,FAIL,FAIL
G1,B12,p3_char_0461_亲,亲,461,9,common,character,1,False,FAIL,binary_or_4tier,2026-08-04T18:37:36,FAIL,FAIL
G4,B12,p3_char_0461_亲,亲,461,9,common,character,1,False,C,4tier,2026-08-04T18:37:38,C,C
G2,B12,p3_char_0461_亲,亲,461,9,common,character,1,False,FAIL,binary_or_4tier,2026-08-04T18:37:50,FAIL,FAIL
G2,B12,p3_char_0462_皈,皈,462,9,rare,character,1,False,PASS,binary_or_4tier,2026-08-04T18:37:52,PASS,PASS
G1,B12,p3_char_0462_皈,皈,462,9,rare,character,1,False,FAIL,binary_or_4tier,2026-08-04T18:37:53,FAIL,FAIL
G3,B12,p3_char_0462_皈,皈,462,9,rare,character,1,False,FAIL,binary_or_4tier,2026-08-04T18:37:53,FAIL,FAIL
G4,B12,p3_char_0462_皈,皈,462,9,rare,character,1,False,FAIL,binary_or_4tier,2026-08-04T18:37:56,FAIL,FAIL
G4,B12,p3_char_0463_神,神,463,9,common,character,1,False,C,4tier,2026-08-04T18:37:59,C,C
G2,B12,p3_char_0463_神,神,463,9,common,character,1,False,C,4tier,2026-08-04T18:38:00,C,C
G1,B12,p3_char_0463_神,神,463,9,common,character,1,False,FAIL,binary_or_4tier,2026-08-04T18:38:04,FAIL,FAIL
G3,B12,p3_char_0463_神,神,463,9,common,character,1,False,C,4tier,2026-08-04T18:38:05,C,C
G3,B12,p3_char_0464_侯,侯,464,9,rare,character,1,False,FAIL,binary_or_4tier,2026-08-04T18:38:06,FAIL,FAIL
G4,B12,p3_char_0464_侯,侯,464,9,rare,character,1,False,FAIL,binary_or_4tier,2026-08-04T18:38:08,FAIL,FAIL
G2,B12,p3_char_0464_侯,侯,464,9,rare,character,1,False,FAIL,binary_or_4tier,2026-08-04T18:38:08,FAIL,FAIL
G1,B12,p3_char_0464_侯,侯,464,9,rare,character,1,False,FAIL,binary_or_4tier,2026-08-04T18:38:09,FAIL,FAIL
G3,B12,p3_char_0465_选,选,465,9,common,character,1,False,PASS,binary_or_4tier,2026-08-04T18:38:15,PASS,PASS
G4,B12,p3_char_0465_选,选,465,9,common,character,1,False,PASS,binary_or_4tier,2026-08-04T18:38:21,PASS,PASS
G2,B12,p3_char_0465_选,选,465,9,common,character,1,False,FAIL,binary_or_4tier,2026-08-04T18:38:22,FAIL,FAIL
G1,B12,p3_char_0465_选,选,465,9,common,character,1,False,FAIL,binary_or_4tier,2026-08-04T18:38:23,FAIL,FAIL
G4,B12,p3_char_0466_盃,盃,466,9,rare,character,1,False,PASS,binary_or_4tier,2026-08-04T18:38:25,PASS,PASS
G3,B12,p3_char_0466_盃,盃,466,9,rare,character,1,False,C,4tier,2026-08-04T18:38:30,C,C
G2,B12,p3_char_0466_盃,盃,466,9,rare,character,1,False,C,4tier,2026-08-04T18:38:32,C,C
G1,B12,p3_char_0466_盃,盃,466,9,rare,character,1,False,FAIL,binary_or_4tier,2026-08-04T18:38:37,FAIL,FAIL
G2,B12,p3_char_0467_结,结,467,9,common,character,1,False,PASS,binary_or_4tier,2026-08-04T18:38:41,PASS,PASS
G4,B12,p3_char_0467_结,结,467,9,common,character,1,False,PASS,binary_or_4tier,2026-08-04T18:38:45,PASS,PASS
G1,B12,p3_char_0467_结,结,467,9,common,character,1,False,FAIL,binary_or_4tier,2026-08-04T18:38:46,FAIL,FAIL
G3,B12,p3_char_0467_结,结,467,9,common,character,1,False,C,4tier,2026-08-04T18:38:51,C,C
G1,B12,p3_char_0468_盅,盅,468,9,rare,character,1,False,C,4tier,2026-08-04T18:38:54,C,C
G2,B12,p3_char_0468_盅,盅,468,9,rare,character,1,False,C,4tier,2026-08-04T18:38:56,C,C
G3,B12,p3_char_0468_盅,盅,468,9,rare,character,1,False,C,4tier,2026-08-04T18:39:00,C,C
G4,B12,p3_char_0468_盅,盅,468,9,rare,character,1,False,PASS,binary_or_4tier,2026-08-04T18:39:02,PASS,PASS
G1,B12,p3_char_0469_便,便,469,9,common,character,1,False,FAIL,binary_or_4tier,2026-08-04T18:39:05,FAIL,FAIL
G2,B12,p3_char_0469_便,便,469,9,common,character,1,False,FAIL,binary_or_4tier,2026-08-04T18:39:06,FAIL,FAIL
G4,B12,p3_char_0469_便,便,469,9,common,character,1,False,C,4tier,2026-08-04T18:39:08,C,C
G3,B12,p3_char_0469_便,便,469,9,common,character,1,False,FAIL,binary_or_4tier,2026-08-04T18:39:09,FAIL,FAIL
G3,B12,p3_char_0470_侶,侶,470,9,rare,character,1,False,C,4tier,2026-08-04T18:39:11,C,C
G2,B12,p3_char_0470_侶,侶,470,9,rare,character,1,False,PASS,binary_or_4tier,2026-08-04T18:39:12,PASS,PASS
G1,B12,p3_char_0470_侶,侶,470,9,rare,character,1,False,PASS,binary_or_4tier,2026-08-04T18:39:15,PASS,PASS
G4,B12,p3_char_0470_侶,侶,470,9,rare,character,1,False,PASS,binary_or_4tier,2026-08-04T18:39:15,PASS,PASS
G2,B12,p3_char_0471_总,总,471,9,common,character,1,False,FAIL,binary_or_4tier,2026-08-04T18:39:23,FAIL,FAIL
G4,B12,p3_char_0471_总,总,471,9,common,character,1,False,PASS,binary_or_4tier,2026-08-04T18:39:27,PASS,PASS
G3,B12,p3_char_0471_总,总,471,9,common,character,1,False,FAIL,binary_or_4tier,2026-08-04T18:39:29,FAIL,FAIL
G1,B12,p3_char_0471_总,总,471,9,common,character,1,False,FAIL,binary_or_4tier,2026-08-04T18:39:30,FAIL,FAIL
G4,B12,p3_char_0472_侷,侷,472,9,rare,character,1,False,FAIL,binary_or_4tier,2026-08-04T18:39:31,FAIL,FAIL
G3,B12,p3_char_0472_侷,侷,472,9,rare,character,1,False,FAIL,binary_or_4tier,2026-08-04T18:39:31,FAIL,FAIL
G2,B12,p3_char_0472_侷,侷,472,9,rare,character,1,False,FAIL,binary_or_4tier,2026-08-04T18:39:33,FAIL,FAIL
G1,B12,p3_char_0472_侷,侷,472,9,rare,character,1,False,FAIL,binary_or_4tier,2026-08-04T18:39:34,FAIL,FAIL
G4,B12,p3_char_0473_城,城,473,9,common,character,1,False,FAIL,binary_or_4tier,2026-08-04T18:39:35,FAIL,FAIL
G2,B12,p3_char_0473_城,城,473,9,common,character,1,False,FAIL,binary_or_4tier,2026-08-04T18:39:36,FAIL,FAIL
G3,B12,p3_char_0473_城,城,473,9,common,character,1,False,FAIL,binary_or_4tier,2026-08-04T18:39:36,FAIL,FAIL
G1,B12,p3_char_0473_城,城,473,9,common,character,1,False,FAIL,binary_or_4tier,2026-08-04T18:39:37,FAIL,FAIL
G3,B12,p3_char_0474_係,係,474,9,rare,character,1,False,C,4tier,2026-08-04T18:39:41,C,C
G4,B12,p3_char_0474_係,係,474,9,rare,character,1,False,FAIL,binary_or_4tier,2026-08-04T18:39:42,FAIL,FAIL
G2,B12,p3_char_0474_係,係,474,9,rare,character,1,False,FAIL,binary_or_4tier,2026-08-04T18:39:43,FAIL,FAIL
G1,B12,p3_char_0474_係,係,474,9,rare,character,1,False,FAIL,binary_or_4tier,2026-08-04T18:39:53,FAIL,FAIL
G3,B12,p3_char_0475_战,战,475,9,common,character,1,False,C,4tier,2026-08-04T18:39:53,C,C
G2,B12,p3_char_0475_战,战,475,9,common,character,1,False,C,4tier,2026-08-04T18:39:54,C,C
G4,B12,p3_char_0475_战,战,475,9,common,character,1,False,PASS,binary_or_4tier,2026-08-04T18:40:03,PASS,PASS
G1,B12,p3_char_0475_战,战,475,9,common,character,1,False,FAIL,binary_or_4tier,2026-08-04T18:40:04,FAIL,FAIL
G1,B12,p3_char_0476_俅,俅,476,9,rare,character,1,False,FAIL,binary_or_4tier,2026-08-04T18:40:06,FAIL,FAIL
G2,B12,p3_char_0476_俅,俅,476,9,rare,character,1,False,FAIL,binary_or_4tier,2026-08-04T18:40:06,FAIL,FAIL
G4,B12,p3_char_0476_俅,俅,476,9,rare,character,1,False,FAIL,binary_or_4tier,2026-08-04T18:40:07,FAIL,FAIL
G3,B12,p3_char_0476_俅,俅,476,9,rare,character,1,False,FAIL,binary_or_4tier,2026-08-04T18:40:08,FAIL,FAIL
G1,B12,p3_char_0477_南,南,477,9,common,character,1,False,FAIL,binary_or_4tier,2026-08-04T18:40:09,FAIL,FAIL
G4,B12,p3_char_0477_南,南,477,9,common,character,1,False,FAIL,binary_or_4tier,2026-08-04T18:40:10,FAIL,FAIL
G2,B12,p3_char_0477_南,南,477,9,common,character,1,False,FAIL,binary_or_4tier,2026-08-04T18:40:11,FAIL,FAIL
G3,B12,p3_char_0477_南,南,477,9,common,character,1,False,FAIL,binary_or_4tier,2026-08-04T18:40:12,FAIL,FAIL
G1,B12,p3_char_0478_俉,俉,478,9,rare,character,1,False,FAIL,binary_or_4tier,2026-08-04T18:40:16,FAIL,FAIL
G4,B12,p3_char_0478_俉,俉,478,9,rare,character,1,False,FAIL,binary_or_4tier,2026-08-04T18:40:17,FAIL,FAIL
G3,B12,p3_char_0478_俉,俉,478,9,rare,character,1,False,FAIL,binary_or_4tier,2026-08-04T18:40:17,FAIL,FAIL
G2,B12,p3_char_0478_俉,俉,478,9,rare,character,1,False,PASS,binary_or_4tier,2026-08-04T18:40:20,PASS,PASS
G3,B12,p3_char_0479_保,保,479,9,common,character,1,False,PASS,binary_or_4tier,2026-08-04T18:40:22,PASS,PASS
G1,B12,p3_char_0479_保,保,479,9,common,character,1,False,PASS,binary_or_4tier,2026-08-04T18:40:23,PASS,PASS
G2,B12,p3_char_0479_保,保,479,9,common,character,1,False,PASS,binary_or_4tier,2026-08-04T18:40:23,PASS,PASS
G4,B12,p3_char_0479_保,保,479,9,common,character,1,False,A,4tier,2026-08-04T18:40:25,A,A
G2,B12,p3_char_0480_俊,俊,480,9,rare,character,1,False,FAIL,binary_or_4tier,2026-08-04T18:40:30,FAIL,FAIL
G4,B12,p3_char_0480_俊,俊,480,9,rare,character,1,False,FAIL,binary_or_4tier,2026-08-04T18:40:31,FAIL,FAIL
G3,B12,p3_char_0480_俊,俊,480,9,rare,character,1,False,FAIL,binary_or_4tier,2026-08-04T18:40:31,FAIL,FAIL
G1,B12,p3_char_0480_俊,俊,480,9,rare,character,1,False,FAIL,binary_or_4tier,2026-08-04T18:40:31,FAIL,FAIL
G3,B12,p3_char_0481_济,济,481,9,common,character,1,False,FAIL,binary_or_4tier,2026-08-04T18:40:33,FAIL,FAIL
G4,B12,p3_char_0481_济,济,481,9,common,character,1,False,A,4tier,2026-08-04T18:40:34,A,A
G2,B12,p3_char_0481_济,济,481,9,common,character,1,False,FAIL,binary_or_4tier,2026-08-04T18:40:36,FAIL,FAIL
G1,B12,p3_char_0481_济,济,481,9,common,character,1,False,FAIL,binary_or_4tier,2026-08-04T18:40:37,FAIL,FAIL
G1,B12,p3_char_0482_俎,俎,482,9,rare,character,1,False,A,4tier,2026-08-04T18:40:49,A,A
G3,B12,p3_char_0482_俎,俎,482,9,rare,character,1,False,C,4tier,2026-08-04T18:40:49,C,C
G2,B12,p3_char_0482_俎,俎,482,9,rare,character,1,False,C,4tier,2026-08-04T18:40:49,C,C
G4,B12,p3_char_0482_俎,俎,482,9,rare,character,1,False,PASS,binary_or_4tier,2026-08-04T18:40:52,PASS,PASS
G3,B12,p3_char_0483_草,草,483,9,common,character,1,False,C,4tier,2026-08-04T18:40:54,C,C
G1,B12,p3_char_0483_草,草,483,9,common,character,1,False,PASS,binary_or_4tier,2026-08-04T18:40:55,PASS,PASS
G2,B12,p3_char_0483_草,草,483,9,common,character,1,False,PASS,binary_or_4tier,2026-08-04T18:40:56,PASS,PASS
G4,B12,p3_char_0483_草,草,483,9,common,character,1,False,PASS,binary_or_4tier,2026-08-04T18:40:56,PASS,PASS
G3,B12,p3_char_0304_疖__retry_3__G3,疖__retry_3__G3,304,,,character,1,False,C,4tier,2026-08-04T18:41:01,C,C
G3,B12,p3_char_0306_亨__retry_3__G3,亨__retry_3__G3,306,,,character,1,False,FAIL,binary_or_4tier,2026-08-04T18:41:03,FAIL,FAIL
G3,B12,p3_char_0315_声__retry_3__G3,声__retry_3__G3,315,,,character,1,False,FAIL,binary_or_4tier,2026-08-04T18:41:04,FAIL,FAIL
G4,B12,p3_char_0385_物__retry_1__G4,物__retry_1__G4,385,,,character,1,False,PASS,binary_or_4tier,2026-08-04T18:41:06,PASS,PASS
G4,B12,p3_char_0402_佻__retry_1__G4,佻__retry_1__G4,402,,,character,1,False,FAIL,binary_or_4tier,2026-08-04T18:41:08,FAIL,FAIL
G4,B12,p3_char_0408_佾__retry_1__G4,佾__retry_1__G4,408,,,character,1,False,PASS,binary_or_4tier,2026-08-04T18:41:13,PASS,PASS
G4,B12,p3_char_0411_受__retry_1__G4,受__retry_1__G4,411,,,character,1,False,FAIL,binary_or_4tier,2026-08-04T18:41:13,FAIL,FAIL
G4,B12,p3_char_0418_例__retry_1__G4,例__retry_1__G4,418,,,character,1,False,PASS,binary_or_4tier,2026-08-04T18:41:16,PASS,PASS
G4,B12,p3_char_0421_或__retry_1__G4,或__retry_1__G4,421,,,character,1,False,PASS,binary_or_4tier,2026-08-04T18:41:18,PASS,PASS
G4,B12,p3_char_0431_说__retry_1__G4,说__retry_1__G4,431,,,character,1,False,C,4tier,2026-08-04T18:41:20,C,C
G4,B12,p3_char_0432_畋__retry_1__G4,畋__retry_1__G4,432,,,character,1,False,PASS,binary_or_4tier,2026-08-04T18:41:22,PASS,PASS
G4,B12,p3_char_0340_佚__retry_2__G4,佚__retry_2__G4,340,,,character,1,False,FAIL,binary_or_4tier,2026-08-04T18:41:25,FAIL,FAIL
G4,B12,p3_char_0341_社__retry_2__G4,社__retry_2__G4,341,,,character,1,False,FAIL,binary_or_4tier,2026-08-04T18:41:27,FAIL,FAIL
G4,B12,p3_char_0343_即__retry_2__G4,即__retry_2__G4,343,,,character,1,False,FAIL,binary_or_4tier,2026-08-04T18:41:28,FAIL,FAIL
G4,B12,p3_char_0236_亥__retry_4__G4,亥__retry_4__G4,236,,,character,1,False,FAIL,binary_or_4tier,2026-08-04T18:41:30,FAIL,FAIL
G4,B12,p3_char_0415_转__retry_1__G4,转__retry_1__G4,415,,,character,1,False,FAIL,binary_or_4tier,2026-08-04T18:41:31,FAIL,FAIL
G4,B12,p3_char_0416_侉__retry_1__G4,侉__retry_1__G4,416,,,character,1,False,FAIL,binary_or_4tier,2026-08-04T18:41:31,FAIL,FAIL
G4,B13,p3_char_0484_俏,俏,484,9,rare,character,1,False,PASS,binary_or_4tier,2026-08-05T20:17:57,PASS,PASS
G2,B13,p3_char_0484_俏,俏,484,9,rare,character,1,False,C,4tier,2026-08-05T20:17:58,C,C
G1,B13,p3_char_0484_俏,俏,484,9,rare,character,1,False,C,4tier,2026-08-05T20:17:58,C,C
G3,B13,p3_char_0484_俏,俏,484,9,rare,character,1,False,C,4tier,2026-08-05T20:18:04,C,C
G4,B13,p3_char_0485_怎,怎,485,9,common,character,1,False,C,4tier,2026-08-05T20:18:09,C,C
G1,B13,p3_char_0485_怎,怎,485,9,common,character,1,False,FAIL,binary_or_4tier,2026-08-05T20:18:10,FAIL,FAIL
G3,B13,p3_char_0485_怎,怎,485,9,common,character,1,False,FAIL,binary_or_4tier,2026-08-05T20:18:10,FAIL,FAIL
G2,B13,p3_char_0485_怎,怎,485,9,common,character,1,False,FAIL,binary_or_4tier,2026-08-05T20:18:11,FAIL,FAIL
G2,B13,p3_char_0486_俐,俐,486,9,rare,character,1,False,C,4tier,2026-08-05T20:18:13,C,C
G4,B13,p3_char_0486_俐,俐,486,9,rare,character,1,False,A,4tier,2026-08-05T20:18:14,A,A
G3,B13,p3_char_0486_俐,俐,486,9,rare,character,1,False,C,4tier,2026-08-05T20:18:20,C,C
G1,B13,p3_char_0486_俐,俐,486,9,rare,character,1,False,C,4tier,2026-08-05T20:18:20,C,C
G4,B13,p3_char_0487_孩,孩,487,9,common,character,1,False,FAIL,binary_or_4tier,2026-08-05T20:18:24,FAIL,FAIL
G2,B13,p3_char_0487_孩,孩,487,9,common,character,1,False,FAIL,binary_or_4tier,2026-08-05T20:18:25,FAIL,FAIL
G3,B13,p3_char_0487_孩,孩,487,9,common,character,1,False,FAIL,binary_or_4tier,2026-08-05T20:18:25,FAIL,FAIL
G1,B13,p3_char_0487_孩,孩,487,9,common,character,1,False,FAIL,binary_or_4tier,2026-08-05T20:18:25,FAIL,FAIL
G3,B13,p3_char_0488_俑,俑,488,9,rare,character,1,False,FAIL,binary_or_4tier,2026-08-05T20:18:30,FAIL,FAIL
G1,B13,p3_char_0488_俑,俑,488,9,rare,character,1,False,FAIL,binary_or_4tier,2026-08-05T20:18:30,FAIL,FAIL
G2,B13,p3_char_0488_俑,俑,488,9,rare,character,1,False,FAIL,binary_or_4tier,2026-08-05T20:18:32,FAIL,FAIL
G4,B13,p3_char_0488_俑,俑,488,9,rare,character,1,False,FAIL,binary_or_4tier,2026-08-05T20:18:33,FAIL,FAIL
G2,B13,p3_char_0489_指,指,489,9,common,character,1,False,FAIL,binary_or_4tier,2026-08-05T20:18:34,FAIL,FAIL
G4,B13,p3_char_0489_指,指,489,9,common,character,1,False,PASS,binary_or_4tier,2026-08-05T20:18:41,PASS,PASS
G3,B13,p3_char_0489_指,指,489,9,common,character,1,False,PASS,binary_or_4tier,2026-08-05T20:18:42,PASS,PASS
G1,B13,p3_char_0489_指,指,489,9,common,character,1,False,FAIL,binary_or_4tier,2026-08-05T20:18:44,FAIL,FAIL
G3,B13,p3_char_0490_俘,俘,490,9,rare,character,1,False,FAIL,binary_or_4tier,2026-08-05T20:18:51,FAIL,FAIL
G1,B13,p3_char_0490_俘,俘,490,9,rare,character,1,False,FAIL,binary_or_4tier,2026-08-05T20:18:58,FAIL,FAIL
G2,B13,p3_char_0490_俘,俘,490,9,rare,character,1,False,FAIL,binary_or_4tier,2026-08-05T20:18:58,FAIL,FAIL
G4,B13,p3_char_0490_俘,俘,490,9,rare,character,1,False,FAIL,binary_or_4tier,2026-08-05T20:18:59,FAIL,FAIL
G2,B13,p3_char_0491_除,除,491,9,common,character,1,False,FAIL,binary_or_4tier,2026-08-05T20:19:01,FAIL,FAIL
G3,B13,p3_char_0491_除,除,491,9,common,character,1,False,FAIL,binary_or_4tier,2026-08-05T20:19:02,FAIL,FAIL
G1,B13,p3_char_0491_除,除,491,9,common,character,1,False,FAIL,binary_or_4tier,2026-08-05T20:19:03,FAIL,FAIL
G4,B13,p3_char_0491_除,除,491,9,common,character,1,False,FAIL,binary_or_4tier,2026-08-05T20:19:04,FAIL,FAIL
G4,B13,p3_char_0492_俚,俚,492,9,rare,character,1,False,A,4tier,2026-08-05T20:19:06,A,A
G3,B13,p3_char_0492_俚,俚,492,9,rare,character,1,False,PASS,binary_or_4tier,2026-08-05T20:19:08,PASS,PASS
G1,B13,p3_char_0492_俚,俚,492,9,rare,character,1,False,PASS,binary_or_4tier,2026-08-05T20:19:09,PASS,PASS
G2,B13,p3_char_0492_俚,俚,492,9,rare,character,1,False,PASS,binary_or_4tier,2026-08-05T20:19:11,PASS,PASS
G4,B13,p3_char_0493_适,适,493,9,common,character,1,False,A,4tier,2026-08-05T20:19:13,A,A
G1,B13,p3_char_0493_适,适,493,9,common,character,1,False,FAIL,binary_or_4tier,2026-08-05T20:19:15,FAIL,FAIL
G2,B13,p3_char_0493_适,适,493,9,common,character,1,False,FAIL,binary_or_4tier,2026-08-05T20:19:16,FAIL,FAIL
G3,B13,p3_char_0493_适,适,493,9,common,character,1,False,PASS,binary_or_4tier,2026-08-05T20:19:19,PASS,PASS
G4,B13,p3_char_0494_俛,俛,494,9,rare,character,1,False,FAIL,binary_or_4tier,2026-08-05T20:19:23,FAIL,FAIL
G2,B13,p3_char_0494_俛,俛,494,9,rare,character,1,False,FAIL,binary_or_4tier,2026-08-05T20:19:23,FAIL,FAIL
G1,B13,p3_char_0494_俛,俛,494,9,rare,character,1,False,FAIL,binary_or_4tier,2026-08-05T20:19:24,FAIL,FAIL
G3,B13,p3_char_0494_俛,俛,494,9,rare,character,1,False,FAIL,binary_or_4tier,2026-08-05T20:19:26,FAIL,FAIL
G2,B13,p3_char_0495_复,复,495,9,common,character,1,False,FAIL,binary_or_4tier,2026-08-05T20:19:28,FAIL,FAIL
G3,B13,p3_char_0495_复,复,495,9,common,character,1,False,FAIL,binary_or_4tier,2026-08-05T20:19:29,FAIL,FAIL
G4,B13,p3_char_0495_复,复,495,9,common,character,1,False,FAIL,binary_or_4tier,2026-08-05T20:19:29,FAIL,FAIL
G1,B13,p3_char_0495_复,复,495,9,common,character,1,False,FAIL,binary_or_4tier,2026-08-05T20:19:30,FAIL,FAIL
G4,B13,p3_char_0496_俜,俜,496,9,rare,character,1,False,FAIL,binary_or_4tier,2026-08-05T20:19:31,FAIL,FAIL
G2,B13,p3_char_0496_俜,俜,496,9,rare,character,1,False,FAIL,binary_or_4tier,2026-08-05T20:19:32,FAIL,FAIL
G3,B13,p3_char_0496_俜,俜,496,9,rare,character,1,False,FAIL,binary_or_4tier,2026-08-05T20:19:32,FAIL,FAIL
G1,B13,p3_char_0496_俜,俜,496,9,rare,character,1,False,A,4tier,2026-08-05T20:19:34,A,A
G1,B13,p3_char_0497_响,响,497,9,common,character,1,False,PASS,binary_or_4tier,2026-08-05T20:19:39,PASS,PASS
G2,B13,p3_char_0497_响,响,497,9,common,character,1,False,FAIL,binary_or_4tier,2026-08-05T20:19:40,FAIL,FAIL
G3,B13,p3_char_0497_响,响,497,9,common,character,1,False,PASS,binary_or_4tier,2026-08-05T20:19:42,PASS,PASS
G4,B13,p3_char_0497_响,响,497,9,common,character,1,False,PASS,binary_or_4tier,2026-08-05T20:19:46,PASS,PASS
G2,B13,p3_char_0498_俞,俞,498,9,rare,character,1,False,FAIL,binary_or_4tier,2026-08-05T20:19:48,FAIL,FAIL
G4,B13,p3_char_0498_俞,俞,498,9,rare,character,1,False,FAIL,binary_or_4tier,2026-08-05T20:19:51,FAIL,FAIL
G1,B13,p3_char_0498_俞,俞,498,9,rare,character,1,False,FAIL,binary_or_4tier,2026-08-05T20:19:51,FAIL,FAIL
G3,B13,p3_char_0498_俞,俞,498,9,rare,character,1,False,FAIL,binary_or_4tier,2026-08-05T20:19:51,FAIL,FAIL
G3,B13,p3_char_0499_能,能,499,10,common,character,1,False,C,4tier,2026-08-05T20:19:54,C,C
G4,B13,p3_char_0499_能,能,499,10,common,character,1,False,C,4tier,2026-08-05T20:19:56,C,C
G1,B13,p3_char_0499_能,能,499,10,common,character,1,False,FAIL,binary_or_4tier,2026-08-05T20:19:57,FAIL,FAIL
G2,B13,p3_char_0499_能,能,499,10,common,character,1,False,C,4tier,2026-08-05T20:19:59,C,C
G1,B13,p3_char_0500_丵,丵,500,10,rare,character,1,False,FAIL,binary_or_4tier,2026-08-05T20:20:08,FAIL,FAIL
G2,B13,p3_char_0500_丵,丵,500,10,rare,character,1,False,FAIL,binary_or_4tier,2026-08-05T20:20:08,FAIL,FAIL
G3,B13,p3_char_0500_丵,丵,500,10,rare,character,1,False,FAIL,binary_or_4tier,2026-08-05T20:20:09,FAIL,FAIL
G4,B13,p3_char_0500_丵,丵,500,10,rare,character,1,False,PASS,binary_or_4tier,2026-08-05T20:20:12,PASS,PASS
G2,B13,p3_char_0501_家,家,501,10,common,character,1,False,C,4tier,2026-08-05T20:20:18,C,C
G1,B13,p3_char_0501_家,家,501,10,common,character,1,False,FAIL,binary_or_4tier,2026-08-05T20:20:18,FAIL,FAIL
G4,B13,p3_char_0501_家,家,501,10,common,character,1,False,FAIL,binary_or_4tier,2026-08-05T20:20:18,FAIL,FAIL
G3,B13,p3_char_0501_家,家,501,10,common,character,1,False,FAIL,binary_or_4tier,2026-08-05T20:20:19,FAIL,FAIL
G3,B13,p3_char_0502_畚,畚,502,10,rare,character,1,False,FAIL,binary_or_4tier,2026-08-05T20:20:21,FAIL,FAIL
G4,B13,p3_char_0502_畚,畚,502,10,rare,character,1,False,FAIL,binary_or_4tier,2026-08-05T20:20:22,FAIL,FAIL
G2,B13,p3_char_0502_畚,畚,502,10,rare,character,1,False,FAIL,binary_or_4tier,2026-08-05T20:20:23,FAIL,FAIL
G1,B13,p3_char_0502_畚,畚,502,10,rare,character,1,False,FAIL,binary_or_4tier,2026-08-05T20:20:23,FAIL,FAIL
G4,B13,p3_char_0503_都,都,503,10,common,character,1,False,A,4tier,2026-08-05T20:20:28,A,A
G2,B13,p3_char_0503_都,都,503,10,common,character,1,False,FAIL,binary_or_4tier,2026-08-05T20:20:29,FAIL,FAIL
G1,B13,p3_char_0503_都,都,503,10,common,character,1,False,FAIL,binary_or_4tier,2026-08-05T20:20:30,FAIL,FAIL
G3,B13,p3_char_0503_都,都,503,10,common,character,1,False,C,4tier,2026-08-05T20:20:33,C,C
G4,B13,p3_char_0504_畛,畛,504,10,rare,character,1,False,PASS,binary_or_4tier,2026-08-05T20:20:40,PASS,PASS
G3,B13,p3_char_0504_畛,畛,504,10,rare,character,1,False,C,4tier,2026-08-05T20:20:47,C,C
G1,B13,p3_char_0504_畛,畛,504,10,rare,character,1,False,PASS,binary_or_4tier,2026-08-05T20:20:51,PASS,PASS
G2,B13,p3_char_0504_畛,畛,504,10,rare,character,1,False,FAIL,binary_or_4tier,2026-08-05T20:20:53,FAIL,FAIL
G4,B13,p3_char_0505_起,起,505,10,common,character,1,False,PASS,binary_or_4tier,2026-08-05T20:20:56,PASS,PASS
G1,B13,p3_char_0505_起,起,505,10,common,character,1,False,FAIL,binary_or_4tier,2026-08-05T20:20:57,FAIL,FAIL
G3,B13,p3_char_0505_起,起,505,10,common,character,1,False,FAIL,binary_or_4tier,2026-08-05T20:20:58,FAIL,FAIL
G2,B13,p3_char_0505_起,起,505,10,common,character,1,False,FAIL,binary_or_4tier,2026-08-05T20:20:59,FAIL,FAIL
G1,B13,p3_char_0506_畜,畜,506,10,rare,character,1,False,FAIL,binary_or_4tier,2026-08-05T20:21:04,FAIL,FAIL
G3,B13,p3_char_0506_畜,畜,506,10,rare,character,1,False,C,4tier,2026-08-05T20:21:08,C,C
G4,B13,p3_char_0506_畜,畜,506,10,rare,character,1,False,FAIL,binary_or_4tier,2026-08-05T20:21:09,FAIL,FAIL
G2,B13,p3_char_0506_畜,畜,506,10,rare,character,1,False,FAIL,binary_or_4tier,2026-08-05T20:21:10,FAIL,FAIL
G1,B13,p3_char_0507_高,高,507,10,common,character,1,False,FAIL,binary_or_4tier,2026-08-05T20:21:11,FAIL,FAIL
G2,B13,p3_char_0507_高,高,507,10,common,character,1,False,C,4tier,2026-08-05T20:21:15,C,C
G3,B13,p3_char_0507_高,高,507,10,common,character,1,False,PASS,binary_or_4tier,2026-08-05T20:21:16,PASS,PASS
G4,B13,p3_char_0507_高,高,507,10,common,character,1,False,PASS,binary_or_4tier,2026-08-05T20:21:19,PASS,PASS
G1,B13,p3_char_0508_畝,畝,508,10,rare,character,1,False,FAIL,binary_or_4tier,2026-08-05T20:21:21,FAIL,FAIL
G2,B13,p3_char_0508_畝,畝,508,10,rare,character,1,False,FAIL,binary_or_4tier,2026-08-05T20:21:23,FAIL,FAIL
G4,B13,p3_char_0508_畝,畝,508,10,rare,character,1,False,FAIL,binary_or_4tier,2026-08-05T20:21:24,FAIL,FAIL
G3,B13,p3_char_0508_畝,畝,508,10,rare,character,1,False,FAIL,binary_or_4tier,2026-08-05T20:21:24,FAIL,FAIL
G3,B13,p3_char_0509_特,特,509,10,common,character,1,False,FAIL,binary_or_4tier,2026-08-05T20:21:26,FAIL,FAIL
G2,B13,p3_char_0509_特,特,509,10,common,character,1,False,C,4tier,2026-08-05T20:21:28,C,C
G1,B13,p3_char_0509_特,特,509,10,common,character,1,False,FAIL,binary_or_4tier,2026-08-05T20:21:28,FAIL,FAIL
G4,B13,p3_char_0509_特,特,509,10,common,character,1,False,A,4tier,2026-08-05T20:21:36,A,A
G1,B13,p3_char_0510_畟,畟,510,10,rare,character,1,False,A,4tier,2026-08-05T20:22:05,A,A
G3,B13,p3_char_0510_畟,畟,510,10,rare,character,1,False,C,4tier,2026-08-05T20:22:08,C,C
G4,B13,p3_char_0510_畟,畟,510,10,rare,character,1,False,FAIL,binary_or_4tier,2026-08-05T20:22:09,FAIL,FAIL
G2,B13,p3_char_0510_畟,畟,510,10,rare,character,1,False,FAIL,binary_or_4tier,2026-08-05T20:22:10,FAIL,FAIL
G4,B13,p3_char_0511_海,海,511,10,common,character,1,False,FAIL,binary_or_4tier,2026-08-05T20:22:17,FAIL,FAIL
G3,B13,p3_char_0511_海,海,511,10,common,character,1,False,FAIL,binary_or_4tier,2026-08-05T20:22:18,FAIL,FAIL
G2,B13,p3_char_0511_海,海,511,10,common,character,1,False,FAIL,binary_or_4tier,2026-08-05T20:22:18,FAIL,FAIL
G1,B13,p3_char_0511_海,海,511,10,common,character,1,False,FAIL,binary_or_4tier,2026-08-05T20:22:21,FAIL,FAIL
G4,B13,p3_char_0512_畢,畢,512,10,rare,character,1,False,PASS,binary_or_4tier,2026-08-05T20:22:24,PASS,PASS
G2,B13,p3_char_0512_畢,畢,512,10,rare,character,1,False,FAIL,binary_or_4tier,2026-08-05T20:22:25,FAIL,FAIL
G3,B13,p3_char_0512_畢,畢,512,10,rare,character,1,False,FAIL,binary_or_4tier,2026-08-05T20:22:26,FAIL,FAIL
G1,B13,p3_char_0512_畢,畢,512,10,rare,character,1,False,FAIL,binary_or_4tier,2026-08-05T20:22:26,FAIL,FAIL
G1,B13,p3_char_0513_通,通,513,10,common,character,1,False,FAIL,binary_or_4tier,2026-08-05T20:22:28,FAIL,FAIL
G3,B13,p3_char_0513_通,通,513,10,common,character,1,False,FAIL,binary_or_4tier,2026-08-05T20:22:29,FAIL,FAIL
G4,B13,p3_char_0513_通,通,513,10,common,character,1,False,FAIL,binary_or_4tier,2026-08-05T20:22:29,FAIL,FAIL
G2,B13,p3_char_0513_通,通,513,10,common,character,1,False,FAIL,binary_or_4tier,2026-08-05T20:22:30,FAIL,FAIL
G3,B13,p3_char_0514_乘,乘,514,10,rare,character,1,False,FAIL,binary_or_4tier,2026-08-05T20:22:32,FAIL,FAIL
G2,B13,p3_char_0514_乘,乘,514,10,rare,character,1,False,FAIL,binary_or_4tier,2026-08-05T20:22:32,FAIL,FAIL
G1,B13,p3_char_0514_乘,乘,514,10,rare,character,1,False,FAIL,binary_or_4tier,2026-08-05T20:22:32,FAIL,FAIL
G4,B13,p3_char_0514_乘,乘,514,10,rare,character,1,False,C,4tier,2026-08-05T20:22:35,C,C
G2,B13,p3_char_0515_原,原,515,10,common,character,1,False,PASS,binary_or_4tier,2026-08-05T20:22:41,PASS,PASS
G3,B13,p3_char_0515_原,原,515,10,common,character,1,False,PASS,binary_or_4tier,2026-08-05T20:22:43,PASS,PASS
G1,B13,p3_char_0515_原,原,515,10,common,character,1,False,C,4tier,2026-08-05T20:22:44,C,C
G4,B13,p3_char_0515_原,原,515,10,common,character,1,False,FAIL,binary_or_4tier,2026-08-05T20:22:46,FAIL,FAIL
G2,B13,p3_char_0516_疰,疰,516,10,rare,character,1,False,FAIL,binary_or_4tier,2026-08-05T20:22:59,FAIL,FAIL
G1,B13,p3_char_0516_疰,疰,516,10,rare,character,1,False,FAIL,binary_or_4tier,2026-08-05T20:22:59,FAIL,FAIL
G4,B13,p3_char_0516_疰,疰,516,10,rare,character,1,False,C,4tier,2026-08-05T20:23:00,C,C
G3,B13,p3_char_0516_疰,疰,516,10,rare,character,1,False,PASS,binary_or_4tier,2026-08-05T20:23:01,PASS,PASS
G1,B13,p3_char_0517_真,真,517,10,common,character,1,False,FAIL,binary_or_4tier,2026-08-05T20:23:04,FAIL,FAIL
G2,B13,p3_char_0517_真,真,517,10,common,character,1,False,FAIL,binary_or_4tier,2026-08-05T20:23:08,FAIL,FAIL
G4,B13,p3_char_0517_真,真,517,10,common,character,1,False,PASS,binary_or_4tier,2026-08-05T20:23:09,PASS,PASS
G3,B13,p3_char_0517_真,真,517,10,common,character,1,False,FAIL,binary_or_4tier,2026-08-05T20:23:10,FAIL,FAIL
G2,B13,p3_char_0518_疱,疱,518,10,rare,character,1,False,FAIL,binary_or_4tier,2026-08-05T20:23:11,FAIL,FAIL
G1,B13,p3_char_0518_疱,疱,518,10,rare,character,1,False,FAIL,binary_or_4tier,2026-08-05T20:23:12,FAIL,FAIL
G4,B13,p3_char_0518_疱,疱,518,10,rare,character,1,False,FAIL,binary_or_4tier,2026-08-05T20:23:12,FAIL,FAIL
G3,B13,p3_char_0518_疱,疱,518,10,rare,character,1,False,FAIL,binary_or_4tier,2026-08-05T20:23:13,FAIL,FAIL
G1,B13,p3_char_0519_候,候,519,10,common,character,1,False,FAIL,binary_or_4tier,2026-08-05T20:23:14,FAIL,FAIL
G2,B13,p3_char_0519_候,候,519,10,common,character,1,False,FAIL,binary_or_4tier,2026-08-05T20:23:15,FAIL,FAIL
G3,B13,p3_char_0519_候,候,519,10,common,character,1,False,FAIL,binary_or_4tier,2026-08-05T20:23:15,FAIL,FAIL
G4,B13,p3_char_0519_候,候,519,10,common,character,1,False,C,4tier,2026-08-05T20:23:20,C,C
G4,B13,p3_char_0520_疳,疳,520,10,rare,character,1,False,FAIL,binary_or_4tier,2026-08-05T20:23:24,FAIL,FAIL
G2,B13,p3_char_0520_疳,疳,520,10,rare,character,1,False,FAIL,binary_or_4tier,2026-08-05T20:23:25,FAIL,FAIL
G3,B13,p3_char_0520_疳,疳,520,10,rare,character,1,False,FAIL,binary_or_4tier,2026-08-05T20:23:25,FAIL,FAIL
G1,B13,p3_char_0520_疳,疳,520,10,rare,character,1,False,FAIL,binary_or_4tier,2026-08-05T20:23:26,FAIL,FAIL
G3,B13,p3_char_0521_验,验,521,10,common,character,1,False,FAIL,binary_or_4tier,2026-08-05T20:23:27,FAIL,FAIL
G1,B13,p3_char_0521_验,验,521,10,common,character,1,False,FAIL,binary_or_4tier,2026-08-05T20:23:27,FAIL,FAIL
G2,B13,p3_char_0521_验,验,521,10,common,character,1,False,FAIL,binary_or_4tier,2026-08-05T20:23:27,FAIL,FAIL
G4,B13,p3_char_0521_验,验,521,10,common,character,1,False,FAIL,binary_or_4tier,2026-08-05T20:23:28,FAIL,FAIL
G3,B13,p3_char_0522_疴,疴,522,10,rare,character,1,False,PASS,binary_or_4tier,2026-08-05T20:23:35,PASS,PASS
G1,B13,p3_char_0522_疴,疴,522,10,rare,character,1,False,FAIL,binary_or_4tier,2026-08-05T20:23:37,FAIL,FAIL
G2,B13,p3_char_0522_疴,疴,522,10,rare,character,1,False,FAIL,binary_or_4tier,2026-08-05T20:23:37,FAIL,FAIL
G4,B13,p3_char_0522_疴,疴,522,10,rare,character,1,False,C,4tier,2026-08-05T20:23:49,C,C
G4,B13,p3_char_0523_被,被,523,10,common,character,1,False,FAIL,binary_or_4tier,2026-08-05T20:23:50,FAIL,FAIL
G3,B13,p3_char_0523_被,被,523,10,common,character,1,False,FAIL,binary_or_4tier,2026-08-05T20:23:50,FAIL,FAIL
G1,B13,p3_char_0523_被,被,523,10,common,character,1,False,FAIL,binary_or_4tier,2026-08-05T20:23:51,FAIL,FAIL
G2,B13,p3_char_0523_被,被,523,10,common,character,1,False,FAIL,binary_or_4tier,2026-08-05T20:23:51,FAIL,FAIL
G2,B13,p3_char_0524_疸,疸,524,10,rare,character,1,False,FAIL,binary_or_4tier,2026-08-05T20:23:52,FAIL,FAIL
G3,B13,p3_char_0524_疸,疸,524,10,rare,character,1,False,PASS,binary_or_4tier,2026-08-05T20:23:54,PASS,PASS
G1,B13,p3_char_0524_疸,疸,524,10,rare,character,1,False,FAIL,binary_or_4tier,2026-08-05T20:23:54,FAIL,FAIL
G4,B13,p3_char_0524_疸,疸,524,10,rare,character,1,False,PASS,binary_or_4tier,2026-08-05T20:24:01,PASS,PASS
G3,B13,p3_char_0525_部,部,525,10,common,character,1,False,C,4tier,2026-08-05T20:24:04,C,C
G1,B13,p3_char_0525_部,部,525,10,common,character,1,False,C,4tier,2026-08-05T20:24:06,C,C
G4,B13,p3_char_0525_部,部,525,10,common,character,1,False,C,4tier,2026-08-05T20:24:07,C,C
G2,B13,p3_char_0525_部,部,525,10,common,character,1,False,C,4tier,2026-08-05T20:24:12,C,C
G4,B13,p3_char_0526_疹,疹,526,10,rare,character,1,False,C,4tier,2026-08-05T20:24:16,C,C
G1,B13,p3_char_0526_疹,疹,526,10,rare,character,1,False,FAIL,binary_or_4tier,2026-08-05T20:24:18,FAIL,FAIL
G2,B13,p3_char_0526_疹,疹,526,10,rare,character,1,False,FAIL,binary_or_4tier,2026-08-05T20:24:18,FAIL,FAIL
G3,B13,p3_char_0526_疹,疹,526,10,rare,character,1,False,C,4tier,2026-08-05T20:24:21,C,C
G4,B13,p3_char_0527_造,造,527,10,common,character,1,False,PASS,binary_or_4tier,2026-08-05T20:24:23,PASS,PASS
G1,B13,p3_char_0527_造,造,527,10,common,character,1,False,FAIL,binary_or_4tier,2026-08-05T20:24:25,FAIL,FAIL
G3,B13,p3_char_0527_造,造,527,10,common,character,1,False,FAIL,binary_or_4tier,2026-08-05T20:24:25,FAIL,FAIL
G2,B13,p3_char_0527_造,造,527,10,common,character,1,False,FAIL,binary_or_4tier,2026-08-05T20:24:27,FAIL,FAIL
G2,B13,p3_char_0528_疽,疽,528,10,rare,character,1,False,FAIL,binary_or_4tier,2026-08-05T20:24:37,FAIL,FAIL
G3,B13,p3_char_0528_疽,疽,528,10,rare,character,1,False,C,4tier,2026-08-05T20:24:38,C,C
G4,B13,p3_char_0528_疽,疽,528,10,rare,character,1,False,A,4tier,2026-08-05T20:24:41,A,A
G1,B13,p3_char_0528_疽,疽,528,10,rare,character,1,False,FAIL,binary_or_4tier,2026-08-05T20:24:42,FAIL,FAIL
G4,B13,p3_char_0529_热,热,529,10,common,character,1,False,C,4tier,2026-08-05T20:24:45,C,C
G3,B13,p3_char_0529_热,热,529,10,common,character,1,False,FAIL,binary_or_4tier,2026-08-05T20:24:47,FAIL,FAIL
G2,B13,p3_char_0529_热,热,529,10,common,character,1,False,FAIL,binary_or_4tier,2026-08-05T20:24:48,FAIL,FAIL
G1,B13,p3_char_0529_热,热,529,10,common,character,1,False,A,4tier,2026-08-05T20:25:00,A,A
G2,B13,p3_char_0530_痂,痂,530,10,rare,character,1,False,C,4tier,2026-08-05T20:25:10,C,C
G4,B13,p3_char_0530_痂,痂,530,10,rare,character,1,False,C,4tier,2026-08-05T20:25:12,C,C
G3,B13,p3_char_0530_痂,痂,530,10,rare,character,1,False,PASS,binary_or_4tier,2026-08-05T20:25:14,PASS,PASS
G1,B13,p3_char_0530_痂,痂,530,10,rare,character,1,False,FAIL,binary_or_4tier,2026-08-05T20:25:31,FAIL,FAIL
G4,B13,p3_char_0531_速,速,531,10,common,character,1,False,C,4tier,2026-08-05T20:25:33,C,C
G2,B13,p3_char_0531_速,速,531,10,common,character,1,False,FAIL,binary_or_4tier,2026-08-05T20:25:35,FAIL,FAIL
G1,B13,p3_char_0531_速,速,531,10,common,character,1,False,FAIL,binary_or_4tier,2026-08-05T20:25:38,FAIL,FAIL
G3,B13,p3_char_0531_速,速,531,10,common,character,1,False,FAIL,binary_or_4tier,2026-08-05T20:25:40,FAIL,FAIL
G4,B13,p3_char_0532_亳,亳,532,10,rare,character,1,False,FAIL,binary_or_4tier,2026-08-05T20:25:43,FAIL,FAIL
G2,B13,p3_char_0532_亳,亳,532,10,rare,character,1,False,FAIL,binary_or_4tier,2026-08-05T20:25:43,FAIL,FAIL
G1,B13,p3_char_0532_亳,亳,532,10,rare,character,1,False,FAIL,binary_or_4tier,2026-08-05T20:25:44,FAIL,FAIL
G3,B13,p3_char_0532_亳,亳,532,10,rare,character,1,False,C,4tier,2026-08-05T20:26:04,C,C
G2,B13,p3_char_0533_值,值,533,10,common,character,1,False,FAIL,binary_or_4tier,2026-08-05T20:26:06,FAIL,FAIL
G4,B13,p3_char_0533_值,值,533,10,common,character,1,False,PASS,binary_or_4tier,2026-08-05T20:26:06,PASS,PASS
G1,B13,p3_char_0533_值,值,533,10,common,character,1,False,FAIL,binary_or_4tier,2026-08-05T20:26:07,FAIL,FAIL
G3,B13,p3_char_0533_值,值,533,10,common,character,1,False,FAIL,binary_or_4tier,2026-08-05T20:26:07,FAIL,FAIL
G3,B13,p3_char_0430_畈__retry_1__G3,畈__retry_1__G3,430,,,character,1,False,FAIL,binary_or_4tier,2026-08-05T20:26:09,FAIL,FAIL
G3,B13,p3_char_0432_畋__retry_1__G3,畋__retry_1__G3,432,,,character,1,False,FAIL,binary_or_4tier,2026-08-05T20:26:12,FAIL,FAIL
G3,B13,p3_char_0451_给__retry_1__G3,给__retry_1__G3,451,,,character,1,False,FAIL,binary_or_4tier,2026-08-05T20:26:14,FAIL,FAIL
G3,B13,p3_char_0467_结__retry_1__G3,结__retry_1__G3,467,,,character,1,False,FAIL,binary_or_4tier,2026-08-05T20:26:16,FAIL,FAIL
G3,B13,p3_char_0463_神__retry_1__G3,神__retry_1__G3,463,,,character,1,False,C,4tier,2026-08-05T20:26:17,C,C
G3,B13,p3_char_0466_盃__retry_1__G3,盃__retry_1__G3,466,,,character,1,False,PASS,binary_or_4tier,2026-08-05T20:26:20,PASS,PASS
G3,B13,p3_char_0470_侶__retry_1__G3,侶__retry_1__G3,470,,,character,1,False,C,4tier,2026-08-05T20:26:22,C,C
G3,B13,p3_char_0474_係__retry_1__G3,係__retry_1__G3,474,,,character,1,False,C,4tier,2026-08-05T20:26:26,C,C
G4,B13,p3_char_0434_畎__retry_1__G4,畎__retry_1__G4,434,,,character,1,False,A,4tier,2026-08-05T20:26:28,A,A
G4,B13,p3_char_0436_畏__retry_1__G4,畏__retry_1__G4,436,,,character,1,False,FAIL,binary_or_4tier,2026-08-05T20:26:29,FAIL,FAIL
G4,B13,p3_char_0439_将__retry_1__G4,将__retry_1__G4,439,,,character,1,False,A,4tier,2026-08-05T20:26:32,A,A
G4,B13,p3_char_0446_疤__retry_1__G4,疤__retry_1__G4,446,,,character,1,False,C,4tier,2026-08-05T20:26:34,C,C
G4,B13,p3_char_0448_疥__retry_1__G4,疥__retry_1__G4,448,,,character,1,False,C,4tier,2026-08-05T20:26:36,C,C
G4,B13,p3_char_0453_度__retry_1__G4,度__retry_1__G4,453,,,character,1,False,A,4tier,2026-08-05T20:26:37,A,A
G4,B13,p3_char_0461_亲__retry_1__G4,亲__retry_1__G4,461,,,character,1,False,PASS,binary_or_4tier,2026-08-05T20:26:40,PASS,PASS
G4,B13,p3_char_0463_神__retry_1__G4,神__retry_1__G4,463,,,character,1,False,FAIL,binary_or_4tier,2026-08-05T20:26:46,FAIL,FAIL
G4,B13,p3_char_0469_便__retry_1__G4,便__retry_1__G4,469,,,character,1,False,C,4tier,2026-08-05T20:26:54,C,C
G4,B13,p3_char_0431_说__retry_2__G4,说__retry_2__G4,431,,,character,1,False,PASS,binary_or_4tier,2026-08-05T20:26:57,PASS,PASS
G4,B13,p3_char_0402_佻__retry_2__G4,佻__retry_2__G4,402,,,character,1,False,FAIL,binary_or_4tier,2026-08-05T20:26:58,FAIL,FAIL
G4,B13,p3_char_0416_侉__retry_2__G4,侉__retry_2__G4,416,,,character,1,False,FAIL,binary_or_4tier,2026-08-05T20:26:58,FAIL,FAIL
G4,B13,p3_char_0340_佚__retry_3__G4,佚__retry_3__G4,340,,,character,1,False,FAIL,binary_or_4tier,2026-08-05T20:26:59,FAIL,FAIL
G4,B13,p3_char_0341_社__retry_3__G4,社__retry_3__G4,341,,,character,1,False,FAIL,binary_or_4tier,2026-08-05T20:27:00,FAIL,FAIL
G5,G5_bootstrap,p2_radical_001_丨,丨,,,radical,radical,1,False,PASS,binary_or_4tier,2026-08-08T14:51:57,PASS,PASS
G5,G5_bootstrap,p2_radical_002_亅,亅,,,radical,radical,1,False,C,4tier,2026-08-08T14:52:00,C,C
G5,G5_bootstrap,p2_radical_003_丿,丿,,,radical,radical,1,False,C,4tier,2026-08-08T14:52:01,C,C
G5,G5_bootstrap,p2_radical_004_乛,乛,,,radical,radical,1,False,PASS,binary_or_4tier,2026-08-08T14:52:03,PASS,PASS
G5,G5_bootstrap,p2_radical_005_一,一,,,radical,radical,1,False,PASS,binary_or_4tier,2026-08-08T14:52:03,PASS,PASS
G5,G5_bootstrap,p2_radical_006_乙,乙,,,radical,radical,1,False,PASS,binary_or_4tier,2026-08-08T14:52:04,PASS,PASS
G5,G5_bootstrap,p2_radical_007_乚,乚,,,radical,radical,1,False,PASS,binary_or_4tier,2026-08-08T14:52:05,PASS,PASS
G5,G5_bootstrap,p2_radical_008_丶,丶,,,radical,radical,1,False,PASS,binary_or_4tier,2026-08-08T14:52:06,PASS,PASS
G5,G5_bootstrap,p2_radical_009_八,八,,,radical,radical,1,False,PASS,binary_or_4tier,2026-08-08T14:52:06,PASS,PASS
G5,G5_bootstrap,p2_radical_010_勹,勹,,,radical,radical,1,False,PASS,binary_or_4tier,2026-08-08T14:52:07,PASS,PASS
G5,G5_bootstrap,p2_radical_011_匕,匕,,,radical,radical,1,False,PASS,binary_or_4tier,2026-08-08T14:52:09,PASS,PASS
G5,G5_bootstrap,p2_radical_012_冫,冫,,,radical,radical,1,False,PASS,binary_or_4tier,2026-08-08T14:52:09,PASS,PASS
G5,G5_bootstrap,p2_radical_013_卜,卜,,,radical,radical,1,False,PASS,binary_or_4tier,2026-08-08T14:52:10,PASS,PASS
G5,G5_bootstrap,p2_radical_014_厂,厂,,,radical,radical,1,False,PASS,binary_or_4tier,2026-08-08T14:52:10,PASS,PASS
G5,G5_bootstrap,p2_radical_015_刀,刀,,,radical,radical,1,False,PASS,binary_or_4tier,2026-08-08T14:52:11,PASS,PASS
G5,G5_bootstrap,p2_radical_016_刂,刂,,,radical,radical,1,False,PASS,binary_or_4tier,2026-08-08T14:52:12,PASS,PASS
G5,G5_bootstrap,p2_radical_017_儿,儿,,,radical,radical,1,False,C,4tier,2026-08-08T14:52:13,C,C
G5,G5_bootstrap,p2_radical_018_二,二,,,radical,radical,1,False,PASS,binary_or_4tier,2026-08-08T14:52:14,PASS,PASS
G5,G5_B1,p2_radical_019_匚,匚,,,radical,radical,1,False,PASS,binary_or_4tier,2026-08-08T15:23:27,PASS,PASS
G5,G5_B1,p2_radical_020_阝,阝,,,radical,radical,1,False,C,4tier,2026-08-08T15:23:29,C,C
G5,G5_B1,p2_radical_021_丷,丷,,,radical,radical,1,False,PASS,binary_or_4tier,2026-08-08T15:24:23,PASS,PASS
G5,G5_B1,p2_radical_022_几,几,,,radical,radical,1,False,FAIL,binary_or_4tier,2026-08-08T15:24:26,FAIL,FAIL
G5,G5_B1,p2_radical_023_卩,卩,,,radical,radical,1,False,PASS,binary_or_4tier,2026-08-08T15:24:28,PASS,PASS
G5,G5_B1,p2_radical_024_冂,冂,,,radical,radical,1,False,PASS,binary_or_4tier,2026-08-08T15:24:29,PASS,PASS
G5,G5_B1,p2_radical_025_力,力,,,radical,radical,1,False,PASS,binary_or_4tier,2026-08-08T15:24:31,PASS,PASS
G5,G5_B1,p2_radical_026_冖,冖,,,radical,radical,1,False,PASS,binary_or_4tier,2026-08-08T15:24:31,PASS,PASS
G5,G5_B1,p2_radical_027_凵,凵,,,radical,radical,1,False,PASS,binary_or_4tier,2026-08-08T15:24:32,PASS,PASS
G5,G5_B1,p2_radical_028_人,人,,,radical,radical,1,False,PASS,binary_or_4tier,2026-08-08T15:24:33,PASS,PASS
G5,G5_B1,p2_radical_029_亻,亻,,,radical,radical,1,False,PASS,binary_or_4tier,2026-08-08T15:24:34,PASS,PASS
G5,G5_B1,p2_radical_030_入,入,,,radical,radical,1,False,PASS,binary_or_4tier,2026-08-08T15:24:35,PASS,PASS
G5,G5_B1,p2_radical_031_十,十,,,radical,radical,1,False,PASS,binary_or_4tier,2026-08-08T15:24:36,PASS,PASS
G5,G5_B1,p2_radical_032_厶,厶,,,radical,radical,1,False,PASS,binary_or_4tier,2026-08-08T15:24:36,PASS,PASS
G5,G5_B1,p2_radical_033_亠,亠,,,radical,radical,1,False,PASS,binary_or_4tier,2026-08-08T15:24:37,PASS,PASS
G5,G5_B1,p2_radical_034_匸,匸,,,radical,radical,1,False,PASS,binary_or_4tier,2026-08-08T15:24:37,PASS,PASS
G5,G5_B1,p2_radical_035_讠,讠,,,radical,radical,1,False,C,4tier,2026-08-08T15:24:38,C,C
G5,G5_B1,p2_radical_036_廴,廴,,,radical,radical,1,False,C,4tier,2026-08-08T15:24:40,C,C
G5,G5_B1,p2_radical_037_又,又,,,radical,radical,1,False,PASS,binary_or_4tier,2026-08-08T15:24:41,PASS,PASS
G5,G5_B1,p2_radical_038_㔾,㔾,,,radical,radical,1,False,FAIL,binary_or_4tier,2026-08-08T15:24:43,FAIL,FAIL
G5,G5_B1,p2_radical_039_艹,艹,,,radical,radical,1,False,PASS,binary_or_4tier,2026-08-08T15:24:45,PASS,PASS
G5,G5_B1,p2_radical_040_屮,屮,,,radical,radical,1,False,PASS,binary_or_4tier,2026-08-08T15:24:47,PASS,PASS
G5,G5_B1,p2_radical_041_彳,彳,,,radical,radical,1,False,PASS,binary_or_4tier,2026-08-08T15:24:49,PASS,PASS
G5,G5_B1,p2_radical_042_巛,巛,,,radical,radical,1,False,FAIL,binary_or_4tier,2026-08-08T15:24:50,FAIL,FAIL
G5,G5_B1,p2_radical_043_川,川,,,radical,radical,1,False,PASS,binary_or_4tier,2026-08-08T15:24:51,PASS,PASS
G5,G5_B1,p2_radical_044_辶,辶,,,radical,radical,1,False,PASS,binary_or_4tier,2026-08-08T15:24:53,PASS,PASS
G5,G5_B1,p2_radical_045_寸,寸,,,radical,radical,1,False,C,4tier,2026-08-08T15:24:55,C,C
G5,G5_B1,p2_radical_046_大,大,,,radical,radical,1,False,PASS,binary_or_4tier,2026-08-08T15:24:56,PASS,PASS
G5,G5_B1,p2_radical_047_飞,飞,,,radical,radical,1,False,FAIL,binary_or_4tier,2026-08-08T15:24:57,FAIL,FAIL
G5,G5_B1,p2_radical_048_干,干,,,radical,radical,1,False,PASS,binary_or_4tier,2026-08-08T15:24:58,PASS,PASS
G5,G5_B1,p2_radical_049_工,工,,,radical,radical,1,False,PASS,binary_or_4tier,2026-08-08T15:24:59,PASS,PASS
G5,G5_B1,p2_radical_050_弓,弓,,,radical,radical,1,False,C,4tier,2026-08-08T15:25:00,C,C
G5,G5_B1,p2_radical_051_廾,廾,,,radical,radical,1,False,PASS,binary_or_4tier,2026-08-08T15:25:01,PASS,PASS
G5,G5_B1,p2_radical_052_广,广,,,radical,radical,1,False,PASS,binary_or_4tier,2026-08-08T15:25:02,PASS,PASS
G5,G5_B1,p2_radical_053_己,己,,,radical,radical,1,False,C,4tier,2026-08-08T15:25:03,C,C
G5,G5_B1,p2_radical_054_彐,彐,,,radical,radical,1,False,PASS,binary_or_4tier,2026-08-08T15:25:04,PASS,PASS
G5,G5_B1,p2_radical_055_彑,彑,,,radical,radical,1,False,FAIL,binary_or_4tier,2026-08-08T15:25:06,FAIL,FAIL
G5,G5_B1,p2_radical_056_巾,巾,,,radical,radical,1,False,C,4tier,2026-08-08T15:25:08,C,C
G5,G5_B1,p2_radical_057_口,口,,,radical,radical,1,False,PASS,binary_or_4tier,2026-08-08T15:25:09,PASS,PASS
G5,G5_B1,p2_radical_058_马,马,,,radical,radical,1,False,FAIL,binary_or_4tier,2026-08-08T15:25:10,FAIL,FAIL
G5,G5_B1,p2_radical_059_门,门,,,radical,radical,1,False,C,4tier,2026-08-08T15:25:13,C,C
G5,G5_B1,p2_radical_060_宀,宀,,,radical,radical,1,False,C,4tier,2026-08-08T15:25:15,C,C
G5,G5_B1,p2_radical_061_女,女,,,radical,radical,1,False,C,4tier,2026-08-08T15:25:16,C,C
G5,G5_B1,p2_radical_062_犭,犭,,,radical,radical,1,False,FAIL,binary_or_4tier,2026-08-08T15:25:23,FAIL,FAIL
G5,G5_B1,p2_radical_063_山,山,,,radical,radical,1,False,PASS,binary_or_4tier,2026-08-08T15:25:24,PASS,PASS
G5,G5_B1,p2_radical_064_彡,彡,,,radical,radical,1,False,PASS,binary_or_4tier,2026-08-08T15:25:25,PASS,PASS
G5,G5_B1,p2_radical_065_尸,尸,,,radical,radical,1,False,C,4tier,2026-08-08T15:25:28,C,C
G5,G5_B1,p2_radical_066_饣,饣,,,radical,radical,1,False,C,4tier,2026-08-08T15:25:29,C,C
G5,G5_B1,p2_radical_067_士,士,,,radical,radical,1,False,PASS,binary_or_4tier,2026-08-08T15:25:30,PASS,PASS
G5,G5_B1,p2_radical_068_扌,扌,,,radical,radical,1,False,PASS,binary_or_4tier,2026-08-08T15:25:31,PASS,PASS
G5,G5_B1,p2_radical_002_亅__retry_1__G5,亅__retry_1__G5,,,radical,radical,1,False,PASS,binary_or_4tier,2026-08-08T15:25:31,PASS,PASS
G5,G5_B1,p2_radical_003_丿__retry_1__G5,丿__retry_1__G5,,,radical,radical,1,False,FAIL,binary_or_4tier,2026-08-08T15:25:43,FAIL,FAIL
G5,G5_B1,p2_radical_017_儿__retry_1__G5,儿__retry_1__G5,,,radical,radical,1,False,C,4tier,2026-08-08T15:25:45,C,C
G5,G5_B2,p2_radical_069_氵,氵,,,radical,radical,1,False,PASS,binary_or_4tier,2026-08-08T16:13:48,PASS,PASS
G5,G5_B2,p2_radical_070_纟,纟,,,radical,radical,1,False,C,4tier,2026-08-08T16:13:51,C,C
G5,G5_B2,p2_radical_071_巳,巳,,,radical,radical,1,False,C,4tier,2026-08-08T16:13:54,C,C
G5,G5_B2,p2_radical_072_土,土,,,radical,radical,1,False,PASS,binary_or_4tier,2026-08-08T16:13:54,PASS,PASS
G5,G5_B2,p2_radical_073_囗,囗,,,radical,radical,1,False,PASS,binary_or_4tier,2026-08-08T16:13:55,PASS,PASS
G5,G5_B2,p2_radical_074_兀,兀,,,radical,radical,1,False,FAIL,binary_or_4tier,2026-08-08T16:13:58,FAIL,FAIL
G5,G5_B2,p2_radical_075_夕,夕,,,radical,radical,1,False,FAIL,binary_or_4tier,2026-08-08T16:13:59,FAIL,FAIL
G5,G5_B2,p2_radical_076_小,小,,,radical,radical,1,False,PASS,binary_or_4tier,2026-08-08T16:14:00,PASS,PASS
G5,G5_B2,p2_radical_077_忄,忄,,,radical,radical,1,False,PASS,binary_or_4tier,2026-08-08T16:14:01,PASS,PASS
G5,G5_B2,p2_radical_078_幺,幺,,,radical,radical,1,False,FAIL,binary_or_4tier,2026-08-08T16:14:03,FAIL,FAIL
G5,G5_B2,p2_radical_079_弋,弋,,,radical,radical,1,False,PASS,binary_or_4tier,2026-08-08T16:14:04,PASS,PASS
G5,G5_B2,p2_radical_080_尢,尢,,,radical,radical,1,False,C,4tier,2026-08-08T16:14:06,C,C
G5,G5_B2,p2_radical_081_夂,夂,,,radical,radical,1,False,FAIL,binary_or_4tier,2026-08-08T16:14:21,FAIL,FAIL
G5,G5_B2,p2_radical_082_子,子,,,radical,radical,1,False,FAIL,binary_or_4tier,2026-08-08T16:14:22,FAIL,FAIL
G5,G5_B2,p2_radical_083_丬,丬,,,radical,radical,1,False,PASS,binary_or_4tier,2026-08-08T16:14:23,PASS,PASS
G5,G5_B2,p2_radical_084_夊,夊,,,radical,radical,1,False,C,4tier,2026-08-08T16:14:28,C,C
G5,G5_B2,p2_radical_085_贝,贝,,,radical,radical,1,False,C,4tier,2026-08-08T16:14:32,C,C
G5,G5_B2,p2_radical_086_比,比,,,radical,radical,1,False,FAIL,binary_or_4tier,2026-08-08T16:15:00,FAIL,FAIL
G5,G5_B2,p2_radical_087_灬,灬,,,radical,radical,1,False,PASS,binary_or_4tier,2026-08-08T16:15:00,PASS,PASS
G5,G5_B2,p2_radical_088_长,长,,,radical,radical,1,False,FAIL,binary_or_4tier,2026-08-08T16:15:03,FAIL,FAIL
G5,G5_B2,p2_radical_089_车,车,,,radical,radical,1,False,PASS,binary_or_4tier,2026-08-08T16:15:04,PASS,PASS
G5,G5_B2,p2_radical_090_歹,歹,,,radical,radical,1,False,FAIL,binary_or_4tier,2026-08-08T16:15:05,FAIL,FAIL
G5,G5_B2,p2_radical_091_斗,斗,,,radical,radical,1,False,PASS,binary_or_4tier,2026-08-08T16:15:05,PASS,PASS
G5,G5_B2,p2_radical_092_厄,厄,,,radical,radical,1,False,C,4tier,2026-08-08T16:15:07,C,C
G5,G5_B2,p2_radical_093_方,方,,,radical,radical,1,False,FAIL,binary_or_4tier,2026-08-08T16:15:11,FAIL,FAIL
G5,G5_B2,p2_radical_094_风,风,,,radical,radical,1,False,FAIL,binary_or_4tier,2026-08-08T16:15:13,FAIL,FAIL
G5,G5_B2,p2_radical_095_父,父,,,radical,radical,1,False,PASS,binary_or_4tier,2026-08-08T16:15:14,PASS,PASS
G5,G5_B2,p2_radical_096_戈,戈,,,radical,radical,1,False,PASS,binary_or_4tier,2026-08-08T16:15:14,PASS,PASS
G5,G5_B2,p2_radical_097_户,户,,,radical,radical,1,False,PASS,binary_or_4tier,2026-08-08T16:15:17,PASS,PASS
G5,G5_B2,p2_radical_098_火,火,,,radical,radical,1,False,FAIL,binary_or_4tier,2026-08-08T16:15:21,FAIL,FAIL
G5,G5_B2,p2_radical_099_旡,旡,,,radical,radical,1,False,FAIL,binary_or_4tier,2026-08-08T16:15:24,FAIL,FAIL
G5,G5_B2,p2_radical_100_见,见,,,radical,radical,1,False,FAIL,binary_or_4tier,2026-08-08T16:15:26,FAIL,FAIL
G5,G5_B2,p2_radical_101_斤,斤,,,radical,radical,1,False,C,4tier,2026-08-08T16:15:30,C,C
G5,G5_B2,p2_radical_102_耂,耂,,,radical,radical,1,False,C,4tier,2026-08-08T16:15:33,C,C
G5,G5_B2,p2_radical_103_毛,毛,,,radical,radical,1,False,C,4tier,2026-08-08T16:15:35,C,C
G5,G5_B2,p2_radical_104_木,木,,,radical,radical,1,False,PASS,binary_or_4tier,2026-08-08T16:15:35,PASS,PASS
G5,G5_B2,p2_radical_105_肀,肀,,,radical,radical,1,False,FAIL,binary_or_4tier,2026-08-08T16:15:36,FAIL,FAIL
G5,G5_B2,p2_radical_106_牛,牛,,,radical,radical,1,False,PASS,binary_or_4tier,2026-08-08T16:15:38,PASS,PASS
G5,G5_B2,p2_radical_107_爿,爿,,,radical,radical,1,False,FAIL,binary_or_4tier,2026-08-08T16:15:39,FAIL,FAIL
G5,G5_B2,p2_radical_108_片,片,,,radical,radical,1,False,C,4tier,2026-08-08T16:15:40,C,C
G5,G5_B2,p2_radical_109_攴,攴,,,radical,radical,1,False,FAIL,binary_or_4tier,2026-08-08T16:15:42,FAIL,FAIL
G5,G5_B2,p2_radical_110_攵,攵,,,radical,radical,1,False,PASS,binary_or_4tier,2026-08-08T16:15:43,PASS,PASS
G5,G5_B2,p2_radical_111_气,气,,,radical,radical,1,False,FAIL,binary_or_4tier,2026-08-08T16:15:45,FAIL,FAIL
G5,G5_B2,p2_radical_112_欠,欠,,,radical,radical,1,False,PASS,binary_or_4tier,2026-08-08T16:15:49,PASS,PASS
G5,G5_B2,p2_radical_113_犬,犬,,,radical,radical,1,False,PASS,binary_or_4tier,2026-08-08T16:15:50,PASS,PASS
G5,G5_B2,p2_radical_114_日,日,,,radical,radical,1,False,PASS,binary_or_4tier,2026-08-08T16:15:51,PASS,PASS
G5,G5_B2,p2_radical_115_氏,氏,,,radical,radical,1,False,C,4tier,2026-08-08T16:15:52,C,C
G5,G5_B2,p2_radical_116_礻,礻,,,radical,radical,1,False,C,4tier,2026-08-08T16:15:53,C,C
G5,G5_B2,p2_radical_117_手,手,,,radical,radical,1,False,C,4tier,2026-08-08T16:15:58,C,C
G5,G5_B2,p2_radical_118_殳,殳,,,radical,radical,1,False,FAIL,binary_or_4tier,2026-08-08T16:15:59,FAIL,FAIL
G5,G5_B2,p2_radical_059_门__retry_1__G5,门__retry_1__G5,,,radical,radical,1,False,C,4tier,2026-08-08T16:16:02,C,C
G5,G5_B2,p2_radical_066_饣__retry_1__G5,饣__retry_1__G5,,,radical,radical,1,False,PASS,binary_or_4tier,2026-08-08T16:16:02,PASS,PASS
G5,G5_B2,p2_radical_035_讠__retry_1__G5,讠__retry_1__G5,,,radical,radical,1,False,C,4tier,2026-08-08T16:16:06,C,C
G5,G5_B2,p2_radical_056_巾__retry_1__G5,巾__retry_1__G5,,,radical,radical,1,False,PASS,binary_or_4tier,2026-08-08T16:16:07,PASS,PASS
G5,G5_B2,p2_radical_045_寸__retry_1__G5,寸__retry_1__G5,,,radical,radical,1,False,C,4tier,2026-08-08T16:16:12,C,C
G5,G5_B2,p2_radical_060_宀__retry_1__G5,宀__retry_1__G5,,,radical,radical,1,False,FAIL,binary_or_4tier,2026-08-08T16:16:13,FAIL,FAIL
G5,G5_B2,p2_radical_065_尸__retry_1__G5,尸__retry_1__G5,,,radical,radical,1,False,C,4tier,2026-08-08T16:16:19,C,C
G5,G5_B2,p2_radical_053_己__retry_1__G5,己__retry_1__G5,,,radical,radical,1,False,C,4tier,2026-08-08T16:16:21,C,C
G5,G5_B2,p2_radical_020_阝__retry_1__G5,阝__retry_1__G5,,,radical,radical,1,False,C,4tier,2026-08-08T16:16:23,C,C
G5,G5_B2,p2_radical_061_女__retry_1__G5,女__retry_1__G5,,,radical,radical,1,False,FAIL,binary_or_4tier,2026-08-08T16:16:24,FAIL,FAIL
G5,G5_B2,p2_radical_036_廴__retry_1__G5,廴__retry_1__G5,,,radical,radical,1,False,PASS,binary_or_4tier,2026-08-08T16:16:25,PASS,PASS
G5,G5_B2,p2_radical_017_儿__retry_2__G5,儿__retry_2__G5,,,radical,radical,1,False,C,4tier,2026-08-08T16:16:26,C,C
G5,G5_B2,p2_radical_050_弓__retry_1__G5,弓__retry_1__G5,,,radical,radical,1,False,C,4tier,2026-08-08T16:16:29,C,C
G5,G5_B2,p2_radical_022_几__retry_1__G5,几__retry_1__G5,,,radical,radical,1,False,C,4tier,2026-08-08T16:16:30,C,C
G5,G5_B2,p2_radical_047_飞__retry_1__G5,飞__retry_1__G5,,,radical,radical,1,False,FAIL,binary_or_4tier,2026-08-08T16:16:31,FAIL,FAIL
G5,G5_B2,p2_radical_058_马__retry_1__G5,马__retry_1__G5,,,radical,radical,1,False,FAIL,binary_or_4tier,2026-08-08T16:16:32,FAIL,FAIL
G5,G5_B2,p2_radical_062_犭__retry_1__G5,犭__retry_1__G5,,,radical,radical,1,False,FAIL,binary_or_4tier,2026-08-08T16:16:33,FAIL,FAIL
G5,G5_B2,p2_radical_042_巛__retry_1__G5,巛__retry_1__G5,,,radical,radical,1,False,FAIL,binary_or_4tier,2026-08-08T16:16:34,FAIL,FAIL
G5,G5_B2,p2_radical_003_丿__retry_2__G5,丿__retry_2__G5,,,radical,radical,1,False,FAIL,binary_or_4tier,2026-08-08T16:16:36,FAIL,FAIL
G5,G5_B2,p2_radical_038_㔾__retry_1__G5,㔾__retry_1__G5,,,radical,radical,1,False,FAIL,binary_or_4tier,2026-08-08T16:16:38,FAIL,FAIL
G5,G5_B3,p2_radical_119_水,水,,,radical,radical,1,False,FAIL,binary_or_4tier,2026-08-08T17:08:45,FAIL,FAIL
G5,G5_B3,p2_radical_120_瓦,瓦,,,radical,radical,1,False,FAIL,binary_or_4tier,2026-08-08T17:08:45,FAIL,FAIL
G5,G5_B3,p2_radical_121_尣,尣,,,radical,radical,1,False,C,4tier,2026-08-08T17:08:49,C,C
G5,G5_B3,p2_radical_122_王,王,,,radical,radical,1,False,PASS,binary_or_4tier,2026-08-08T17:08:49,PASS,PASS
G5,G5_B3,p2_radical_123_韦,韦,,,radical,radical,1,False,C,4tier,2026-08-08T17:08:55,C,C
G5,G5_B3,p2_radical_124_文,文,,,radical,radical,1,False,PASS,binary_or_4tier,2026-08-08T17:08:56,PASS,PASS
G5,G5_B3,p2_radical_125_毋,毋,,,radical,radical,1,False,C,4tier,2026-08-08T17:08:58,C,C
G5,G5_B3,p2_radical_126_心,心,,,radical,radical,1,False,C,4tier,2026-08-08T17:08:59,C,C
G5,G5_B3,p2_radical_127_牙,牙,,,radical,radical,1,False,C,4tier,2026-08-08T17:09:00,C,C
G5,G5_B3,p2_radical_128_爻,爻,,,radical,radical,1,False,A,4tier,2026-08-08T17:09:03,A,A
G5,G5_B3,p2_radical_129_曰,曰,,,radical,radical,1,False,PASS,binary_or_4tier,2026-08-08T17:09:05,PASS,PASS
G5,G5_B3,p2_radical_130_月,月,,,radical,radical,1,False,PASS,binary_or_4tier,2026-08-08T17:09:07,PASS,PASS
G5,G5_B3,p2_radical_131_爫,爫,,,radical,radical,1,False,PASS,binary_or_4tier,2026-08-08T17:09:08,PASS,PASS
G5,G5_B3,p2_radical_132_支,支,,,radical,radical,1,False,PASS,binary_or_4tier,2026-08-08T17:09:15,PASS,PASS
G5,G5_B3,p2_radical_133_止,止,,,radical,radical,1,False,PASS,binary_or_4tier,2026-08-08T17:09:16,PASS,PASS
G5,G5_B3,p2_radical_134_爪,爪,,,radical,radical,1,False,FAIL,binary_or_4tier,2026-08-08T17:09:20,FAIL,FAIL
G5,G5_B3,p2_radical_135_无,无,,,radical,radical,1,False,PASS,binary_or_4tier,2026-08-08T17:09:24,PASS,PASS
G5,G5_B3,p3_char_0001_一,一,1,1,common,character,1,False,PASS,binary_or_4tier,2026-08-08T17:09:26,PASS,PASS
G5,G5_B3,p3_char_0002_丨,丨,2,1,rare,character,1,False,PASS,binary_or_4tier,2026-08-08T17:09:26,PASS,PASS
G5,G5_B3,p3_char_0003_乙,乙,3,1,common,character,1,False,PASS,binary_or_4tier,2026-08-08T17:09:27,PASS,PASS
G5,G5_B3,p3_char_0004_丶,丶,4,1,rare,character,1,False,PASS,binary_or_4tier,2026-08-08T17:09:28,PASS,PASS
G5,G5_B3,p3_char_0005_丿,丿,5,1,rare,character,1,False,PASS,binary_or_4tier,2026-08-08T17:09:28,PASS,PASS
G5,G5_B3,p3_char_0006_乚,乚,6,1,rare,character,1,False,PASS,binary_or_4tier,2026-08-08T17:09:28,PASS,PASS
G5,G5_B3,p3_char_0007_乛,乛,7,1,rare,character,1,False,PASS,binary_or_4tier,2026-08-08T17:09:29,PASS,PASS
G5,G5_B3,p3_char_0008_亅,亅,8,1,rare,character,1,False,PASS,binary_or_4tier,2026-08-08T17:09:33,PASS,PASS
G5,G5_B3,p3_char_0009_了,了,9,2,common,character,1,False,A,4tier,2026-08-08T17:09:35,A,A
G5,G5_B3,p3_char_0010_丩,丩,10,2,rare,character,1,False,PASS,binary_or_4tier,2026-08-08T17:09:36,PASS,PASS
G5,G5_B3,p3_char_0011_人,人,11,2,common,character,1,False,A,4tier,2026-08-08T17:09:37,A,A
G5,G5_B3,p3_char_0012_丷,丷,12,2,rare,character,1,False,PASS,binary_or_4tier,2026-08-08T17:09:38,PASS,PASS
G5,G5_B3,p3_char_0013_十,十,13,2,common,character,1,False,PASS,binary_or_4tier,2026-08-08T17:09:39,PASS,PASS
G5,G5_B3,p3_char_0014_乂,乂,14,2,rare,character,1,False,PASS,binary_or_4tier,2026-08-08T17:09:39,PASS,PASS
G5,G5_B3,p3_char_0015_二,二,15,2,common,character,1,False,PASS,binary_or_4tier,2026-08-08T17:09:40,PASS,PASS
G5,G5_B3,p3_char_0016_乃,乃,16,2,rare,character,1,False,FAIL,binary_or_4tier,2026-08-08T17:09:41,FAIL,FAIL
G5,G5_B3,p3_char_0017_又,又,17,2,common,character,1,False,A,4tier,2026-08-08T17:09:42,A,A
G5,G5_B3,p3_char_0018_乜,乜,18,2,rare,character,1,False,FAIL,binary_or_4tier,2026-08-08T17:09:46,FAIL,FAIL
G5,G5_B3,p3_char_0019_儿,儿,19,2,common,character,1,False,FAIL,binary_or_4tier,2026-08-08T17:09:46,FAIL,FAIL
G5,G5_B3,p3_char_0020_亠,亠,20,2,rare,character,1,False,PASS,binary_or_4tier,2026-08-08T17:09:47,PASS,PASS
G5,G5_B3,p3_char_0021_几,几,21,2,common,character,1,False,FAIL,binary_or_4tier,2026-08-08T17:09:48,FAIL,FAIL
G5,G5_B3,p3_char_0022_亻,亻,22,2,rare,character,1,False,PASS,binary_or_4tier,2026-08-08T17:09:49,PASS,PASS
G5,G5_B3,p3_char_0023_九,九,23,2,common,character,1,False,FAIL,binary_or_4tier,2026-08-08T17:09:53,FAIL,FAIL
G5,G5_B3,p3_char_0024_八,八,24,2,rare,character,1,False,PASS,binary_or_4tier,2026-08-08T17:09:54,PASS,PASS
G5,G5_B3,p3_char_0025_力,力,25,2,common,character,1,False,PASS,binary_or_4tier,2026-08-08T17:09:55,PASS,PASS
G5,G5_B3,p3_char_0026_冂,冂,26,2,rare,character,1,False,C,4tier,2026-08-08T17:09:58,C,C
G5,G5_B3,p3_char_0027_七,七,27,2,common,character,1,False,C,4tier,2026-08-08T17:10:00,C,C
G5,G5_B3,p3_char_0028_冖,冖,28,2,rare,character,1,False,PASS,binary_or_4tier,2026-08-08T17:10:01,PASS,PASS
G5,G5_B3,p3_char_0029_入,入,29,2,common,character,1,False,PASS,binary_or_4tier,2026-08-08T17:10:02,PASS,PASS
G5,G5_B3,p3_char_0030_冫,冫,30,2,rare,character,1,False,PASS,binary_or_4tier,2026-08-08T17:10:03,PASS,PASS
G5,G5_B3,p3_char_0031_厂,厂,31,2,common,character,1,False,PASS,binary_or_4tier,2026-08-08T17:10:03,PASS,PASS
G5,G5_B3,p3_char_0032_凵,凵,32,2,rare,character,1,False,PASS,binary_or_4tier,2026-08-08T17:10:04,PASS,PASS
G5,G5_B3,p3_char_0033_刀,刀,33,2,common,character,1,False,PASS,binary_or_4tier,2026-08-08T17:10:05,PASS,PASS
G5,G5_B3,p2_radical_115_氏__retry_1__G5,氏__retry_1__G5,,,radical,radical,1,False,C,4tier,2026-08-08T17:10:08,C,C
G5,G5_B3,p2_radical_099_旡__retry_1__G5,旡__retry_1__G5,,,radical,radical,1,False,C,4tier,2026-08-08T17:10:10,C,C
G5,G5_B3,p2_radical_111_气__retry_1__G5,气__retry_1__G5,,,radical,radical,1,False,C,4tier,2026-08-08T17:10:11,C,C
G5,G5_B3,p2_radical_098_火__retry_1__G5,火__retry_1__G5,,,radical,radical,1,False,C,4tier,2026-08-08T17:10:12,C,C
G5,G5_B3,p2_radical_071_巳__retry_1__G5,巳__retry_1__G5,,,radical,radical,1,False,C,4tier,2026-08-08T17:10:14,C,C
G5,G5_B3,p2_radical_100_见__retry_1__G5,见__retry_1__G5,,,radical,radical,1,False,C,4tier,2026-08-08T17:10:17,C,C
G5,G5_B3,p2_radical_085_贝__retry_1__G5,贝__retry_1__G5,,,radical,radical,1,False,C,4tier,2026-08-08T17:10:18,C,C
G5,G5_B3,p2_radical_109_攴__retry_1__G5,攴__retry_1__G5,,,radical,radical,1,False,FAIL,binary_or_4tier,2026-08-08T17:10:20,FAIL,FAIL
G5,G5_B3,p2_radical_093_方__retry_1__G5,方__retry_1__G5,,,radical,radical,1,False,FAIL,binary_or_4tier,2026-08-08T17:10:20,FAIL,FAIL
G5,G5_B3,p2_radical_082_子__retry_1__G5,子__retry_1__G5,,,radical,radical,1,False,FAIL,binary_or_4tier,2026-08-08T17:10:21,FAIL,FAIL
G5,G5_B3,p2_radical_074_兀__retry_1__G5,兀__retry_1__G5,,,radical,radical,1,False,FAIL,binary_or_4tier,2026-08-08T17:10:22,FAIL,FAIL
G5,G5_B3,p2_radical_088_长__retry_1__G5,长__retry_1__G5,,,radical,radical,1,False,FAIL,binary_or_4tier,2026-08-08T17:10:23,FAIL,FAIL
G5,G5_B3,p2_radical_081_夂__retry_1__G5,夂__retry_1__G5,,,radical,radical,1,False,FAIL,binary_or_4tier,2026-08-08T17:10:24,FAIL,FAIL
G5,G5_B3,p2_radical_084_夊__retry_1__G5,夊__retry_1__G5,,,radical,radical,1,False,FAIL,binary_or_4tier,2026-08-08T17:10:24,FAIL,FAIL
G5,G5_B3,p2_radical_090_歹__retry_1__G5,歹__retry_1__G5,,,radical,radical,1,False,FAIL,binary_or_4tier,2026-08-08T17:10:25,FAIL,FAIL
G5,G5_B3,p2_radical_075_夕__retry_1__G5,夕__retry_1__G5,,,radical,radical,1,False,FAIL,binary_or_4tier,2026-08-08T17:10:26,FAIL,FAIL
G5,G5_B3,p2_radical_086_比__retry_1__G5,比__retry_1__G5,,,radical,radical,1,False,FAIL,binary_or_4tier,2026-08-08T17:10:26,FAIL,FAIL
G5,G5_B3,p2_radical_070_纟__retry_1__G5,纟__retry_1__G5,,,radical,radical,1,False,FAIL,binary_or_4tier,2026-08-08T17:10:27,FAIL,FAIL
G5,G5_B3,p2_radical_080_尢__retry_1__G5,尢__retry_1__G5,,,radical,radical,1,False,FAIL,binary_or_4tier,2026-08-08T17:10:28,FAIL,FAIL
G5,G5_B3,p2_radical_101_斤__retry_1__G5,斤__retry_1__G5,,,radical,radical,1,False,C,4tier,2026-08-08T17:10:31,C,C
G5,G5_B3,p2_radical_092_厄__retry_1__G5,厄__retry_1__G5,,,radical,radical,1,False,C,4tier,2026-08-08T17:10:32,C,C
G5,G5_B3,p2_radical_102_耂__retry_1__G5,耂__retry_1__G5,,,radical,radical,1,False,C,4tier,2026-08-08T17:10:34,C,C
G5,G5_B3,p2_radical_103_毛__retry_1__G5,毛__retry_1__G5,,,radical,radical,1,False,C,4tier,2026-08-08T17:10:35,C,C
G5,G5_B3,p2_radical_117_手__retry_1__G5,手__retry_1__G5,,,radical,radical,1,False,C,4tier,2026-08-08T17:10:37,C,C
G5,G5_B3,p2_radical_116_礻__retry_1__G5,礻__retry_1__G5,,,radical,radical,1,False,C,4tier,2026-08-08T17:10:40,C,C
G5,G5_B3,p2_radical_105_肀__retry_1__G5,肀__retry_1__G5,,,radical,radical,1,False,PASS,binary_or_4tier,2026-08-08T17:10:41,PASS,PASS
G5,G5_B3,p2_radical_108_片__retry_1__G5,片__retry_1__G5,,,radical,radical,1,False,C,4tier,2026-08-08T17:10:43,C,C
G5,G5_B3,p2_radical_078_幺__retry_1__G5,幺__retry_1__G5,,,radical,radical,1,False,PASS,binary_or_4tier,2026-08-08T17:10:49,PASS,PASS
G5,G5_B3,p2_radical_059_门__retry_2__G5,门__retry_2__G5,,,radical,radical,1,False,PASS,binary_or_4tier,2026-08-08T17:10:50,PASS,PASS
G5,G5_B3,p2_radical_035_讠__retry_2__G5,讠__retry_2__G5,,,radical,radical,1,False,PASS,binary_or_4tier,2026-08-08T17:10:56,PASS,PASS
G5,G5_B3,p2_radical_045_寸__retry_2__G5,寸__retry_2__G5,,,radical,radical,1,False,C,4tier,2026-08-08T17:11:01,C,C
G5,G5_B3,p2_radical_065_尸__retry_2__G5,尸__retry_2__G5,,,radical,radical,1,False,C,4tier,2026-08-08T17:11:02,C,C
G5,G5_B3,p2_radical_053_己__retry_2__G5,己__retry_2__G5,,,radical,radical,1,False,C,4tier,2026-08-08T17:11:04,C,C
G5,G5_B3,p2_radical_020_阝__retry_2__G5,阝__retry_2__G5,,,radical,radical,1,False,PASS,binary_or_4tier,2026-08-08T17:11:09,PASS,PASS
G5,G5_B3,p2_radical_050_弓__retry_2__G5,弓__retry_2__G5,,,radical,radical,1,False,C,4tier,2026-08-08T17:11:13,C,C
G5,G5_B3,p2_radical_022_几__retry_2__G5,几__retry_2__G5,,,radical,radical,1,False,C,4tier,2026-08-08T17:11:14,C,C
G5,G5_B3,p2_radical_060_宀__retry_2__G5,宀__retry_2__G5,,,radical,radical,1,False,PASS,binary_or_4tier,2026-08-08T17:11:16,PASS,PASS
G5,G5_B3,p2_radical_061_女__retry_2__G5,女__retry_2__G5,,,radical,radical,1,False,PASS,binary_or_4tier,2026-08-08T17:11:17,PASS,PASS
G5,G5_B4,p3_char_0034_刁,刁,34,2,rare,character,1,False,FAIL,binary_or_4tier,2026-08-08T18:23:30,FAIL,FAIL
G5,G5_B4,p3_char_0035_丁,丁,35,2,common,character,1,False,C,4tier,2026-08-08T18:23:32,C,C
G5,G5_B4,p3_char_0036_刂,刂,36,2,rare,character,1,False,C,4tier,2026-08-08T18:23:34,C,C
G5,G5_B4,p3_char_0037_勹,勹,37,2,rare,character,1,False,PASS,binary_or_4tier,2026-08-08T18:23:38,PASS,PASS
G5,G5_B4,p3_char_0038_匕,匕,38,2,rare,character,1,False,PASS,binary_or_4tier,2026-08-08T18:23:43,PASS,PASS
G5,G5_B4,p3_char_0039_之,之,39,3,common,character,1,False,PASS,binary_or_4tier,2026-08-08T18:23:44,PASS,PASS
G5,G5_B4,p3_char_0040_丫,丫,40,3,rare,character,1,False,PASS,binary_or_4tier,2026-08-08T18:23:45,PASS,PASS
G5,G5_B4,p3_char_0041_大,大,41,3,common,character,1,False,PASS,binary_or_4tier,2026-08-08T18:23:46,PASS,PASS
G5,G5_B4,p3_char_0042_丬,丬,42,3,rare,character,1,False,PASS,binary_or_4tier,2026-08-08T18:23:46,PASS,PASS
G5,G5_B4,p3_char_0043_个,个,43,3,common,character,1,False,PASS,binary_or_4tier,2026-08-08T18:23:47,PASS,PASS
G5,G5_B4,p3_char_0044_丸,丸,44,3,rare,character,1,False,FAIL,binary_or_4tier,2026-08-08T18:23:53,FAIL,FAIL
G5,G5_B4,p3_char_0045_上,上,45,3,common,character,1,False,PASS,binary_or_4tier,2026-08-08T18:23:54,PASS,PASS
G5,G5_B4,p3_char_0046_久,久,46,3,rare,character,1,False,C,4tier,2026-08-08T18:23:56,C,C
G5,G5_B4,p3_char_0047_也,也,47,3,common,character,1,False,FAIL,binary_or_4tier,2026-08-08T18:23:57,FAIL,FAIL
G5,G5_B4,p3_char_0048_乇,乇,48,3,rare,character,1,False,C,4tier,2026-08-08T18:24:02,C,C
G5,G5_B4,p3_char_0049_子,子,49,3,common,character,1,False,FAIL,binary_or_4tier,2026-08-08T18:24:03,FAIL,FAIL
G5,G5_B4,p3_char_0050_亍,亍,50,3,rare,character,1,False,C,4tier,2026-08-08T18:24:05,C,C
G5,G5_B4,p3_char_0051_于,于,51,3,common,character,1,False,C,4tier,2026-08-08T18:24:06,C,C
G5,G5_B4,p3_char_0052_亡,亡,52,3,rare,character,1,False,PASS,binary_or_4tier,2026-08-08T18:24:08,PASS,PASS
G5,G5_B4,p3_char_0053_下,下,53,3,common,character,1,False,PASS,binary_or_4tier,2026-08-08T18:24:08,PASS,PASS
G5,G5_B4,p3_char_0054_亼,亼,54,3,rare,character,1,False,PASS,binary_or_4tier,2026-08-08T18:24:09,PASS,PASS
G5,G5_B4,p3_char_0055_三,三,55,3,common,character,1,False,PASS,binary_or_4tier,2026-08-08T18:24:10,PASS,PASS
G5,G5_B4,p3_char_0056_亾,亾,56,3,rare,character,1,False,PASS,binary_or_4tier,2026-08-08T18:24:12,PASS,PASS
G5,G5_B4,p3_char_0057_小,小,57,3,common,character,1,False,PASS,binary_or_4tier,2026-08-08T18:24:12,PASS,PASS
G5,G5_B4,p3_char_0058_兀,兀,58,3,rare,character,1,False,C,4tier,2026-08-08T18:24:14,C,C
G5,G5_B4,p3_char_0059_么,么,59,3,common,character,1,False,C,4tier,2026-08-08T18:24:41,C,C
G5,G5_B4,p3_char_0060_卂,卂,60,3,rare,character,1,False,FAIL,binary_or_4tier,2026-08-08T18:24:43,FAIL,FAIL
G5,G5_B4,p3_char_0061_与,与,61,3,common,character,1,False,FAIL,binary_or_4tier,2026-08-08T18:24:44,FAIL,FAIL
G5,G5_B4,p3_char_0062_卄,卄,62,3,rare,character,1,False,PASS,binary_or_4tier,2026-08-08T18:24:45,PASS,PASS
G5,G5_B4,p3_char_0063_门,门,63,3,common,character,1,False,PASS,binary_or_4tier,2026-08-08T18:24:46,PASS,PASS
G5,G5_B4,p3_char_0064_叉,叉,64,3,rare,character,1,False,PASS,binary_or_4tier,2026-08-08T18:24:47,PASS,PASS
G5,G5_B4,p3_char_0065_及,及,65,3,common,character,1,False,C,4tier,2026-08-08T18:24:49,C,C
G5,G5_B4,p3_char_0066_囗,囗,66,3,rare,character,1,False,PASS,binary_or_4tier,2026-08-08T18:24:49,PASS,PASS
G5,G5_B4,p3_char_0067_山,山,67,3,common,character,1,False,PASS,binary_or_4tier,2026-08-08T18:24:50,PASS,PASS
G5,G5_B4,p3_char_0068_纟,纟,68,3,rare,character,1,False,PASS,binary_or_4tier,2026-08-08T18:24:52,PASS,PASS
G5,G5_B4,p3_char_0069_干,干,69,3,common,character,1,False,PASS,binary_or_4tier,2026-08-08T18:24:53,PASS,PASS
G5,G5_B4,p3_char_0070_夂,夂,70,3,rare,character,1,False,C,4tier,2026-08-08T18:24:56,C,C
G5,G5_B4,p3_char_0071_口,口,71,3,common,character,1,False,PASS,binary_or_4tier,2026-08-08T18:24:57,PASS,PASS
G5,G5_B4,p3_char_0072_夊,夊,72,3,rare,character,1,False,FAIL,binary_or_4tier,2026-08-08T18:24:59,FAIL,FAIL
G5,G5_B4,p3_char_0073_飞,飞,73,3,common,character,1,False,FAIL,binary_or_4tier,2026-08-08T18:25:00,FAIL,FAIL
G5,G5_B4,p3_char_0074_孑,孑,74,3,rare,character,1,False,PASS,binary_or_4tier,2026-08-08T18:25:02,PASS,PASS
G5,G5_B4,p3_char_0075_千,千,75,3,common,character,1,False,PASS,binary_or_4tier,2026-08-08T18:25:03,PASS,PASS
G5,G5_B4,p3_char_0076_孓,孓,76,3,rare,character,1,False,PASS,binary_or_4tier,2026-08-08T18:25:04,PASS,PASS
G5,G5_B4,p3_char_0077_习,习,77,3,common,character,1,False,PASS,binary_or_4tier,2026-08-08T18:25:05,PASS,PASS
G5,G5_B4,p3_char_0078_艹,艹,78,3,rare,character,1,False,PASS,binary_or_4tier,2026-08-08T18:25:05,PASS,PASS
G5,G5_B4,p3_char_0079_已,已,79,3,common,character,1,False,C,4tier,2026-08-08T18:25:07,C,C
G5,G5_B4,p3_char_0080_宀,宀,80,3,rare,character,1,False,PASS,binary_or_4tier,2026-08-08T18:25:08,PASS,PASS
G5,G5_B4,p3_char_0081_女,女,81,3,common,character,1,False,PASS,binary_or_4tier,2026-08-08T18:25:09,PASS,PASS
G5,G5_B4,p3_char_0082_尢,尢,82,3,rare,character,1,False,C,4tier,2026-08-08T18:25:11,C,C
G5,G5_B4,p3_char_0083_才,才,83,3,common,character,1,False,C,4tier,2026-08-08T18:25:12,C,C
G5,G5_B4,p2_radical_115_氏__retry_2__G5,氏__retry_2__G5,,,radical,radical,1,False,C,4tier,2026-08-08T18:25:15,C,C
G5,G5_B4,p2_radical_099_旡__retry_2__G5,旡__retry_2__G5,,,radical,radical,1,False,FAIL,binary_or_4tier,2026-08-08T18:25:16,FAIL,FAIL
G5,G5_B4,p2_radical_111_气__retry_2__G5,气__retry_2__G5,,,radical,radical,1,False,FAIL,binary_or_4tier,2026-08-08T18:25:17,FAIL,FAIL
G5,G5_B4,p2_radical_098_火__retry_2__G5,火__retry_2__G5,,,radical,radical,1,False,FAIL,binary_or_4tier,2026-08-08T18:25:18,FAIL,FAIL
G5,G5_B4,p2_radical_071_巳__retry_2__G5,巳__retry_2__G5,,,radical,radical,1,False,FAIL,binary_or_4tier,2026-08-08T18:25:19,FAIL,FAIL
G5,G5_B4,p2_radical_082_子__retry_2__G5,子__retry_2__G5,,,radical,radical,1,False,C,4tier,2026-08-08T18:25:21,C,C
G5,G5_B4,p2_radical_070_纟__retry_2__G5,纟__retry_2__G5,,,radical,radical,1,False,C,4tier,2026-08-08T18:25:23,C,C
G5,G5_B4,p2_radical_121_尣__retry_1__G5,尣__retry_1__G5,,,radical,radical,1,False,PASS,binary_or_4tier,2026-08-08T18:25:27,PASS,PASS
G5,G5_B4,p2_radical_123_韦__retry_1__G5,韦__retry_1__G5,,,radical,radical,1,False,PASS,binary_or_4tier,2026-08-08T18:25:28,PASS,PASS
G5,G5_B4,p2_radical_125_毋__retry_1__G5,毋__retry_1__G5,,,radical,radical,1,False,PASS,binary_or_4tier,2026-08-08T18:25:29,PASS,PASS
G5,G5_B4,p2_radical_127_牙__retry_1__G5,牙__retry_1__G5,,,radical,radical,1,False,FAIL,binary_or_4tier,2026-08-08T18:25:31,FAIL,FAIL
G5,G5_B4,p3_char_0016_乃__retry_1__G5,乃__retry_1__G5,16,,,character,1,False,FAIL,binary_or_4tier,2026-08-08T18:26:04,FAIL,FAIL
G5,G5_B4,p3_char_0018_乜__retry_1__G5,乜__retry_1__G5,18,,,character,1,False,FAIL,binary_or_4tier,2026-08-08T18:26:06,FAIL,FAIL
G5,G5_B4,p3_char_0019_儿__retry_1__G5,儿__retry_1__G5,19,,,character,1,False,C,4tier,2026-08-08T18:26:08,C,C
G5,G5_B4,p3_char_0021_几__retry_1__G5,几__retry_1__G5,21,,,character,1,False,C,4tier,2026-08-08T18:26:10,C,C
G5,G5_B4,p3_char_0023_九__retry_1__G5,九__retry_1__G5,23,,,character,1,False,FAIL,binary_or_4tier,2026-08-08T18:26:11,FAIL,FAIL
G5,G5_B4,p2_radical_119_水__retry_1__G5,水__retry_1__G5,,,radical,radical,1,False,FAIL,binary_or_4tier,2026-08-08T18:26:13,FAIL,FAIL
G5,G5_B4,p2_radical_120_瓦__retry_1__G5,瓦__retry_1__G5,,,radical,radical,1,False,FAIL,binary_or_4tier,2026-08-08T18:26:14,FAIL,FAIL
G5,G5_B4,p2_radical_134_爪__retry_1__G5,爪__retry_1__G5,,,radical,radical,1,False,FAIL,binary_or_4tier,2026-08-08T18:26:14,FAIL,FAIL
G5,G5_B4,p2_radical_100_见__retry_2__G5,见__retry_2__G5,,,radical,radical,1,False,C,4tier,2026-08-08T18:26:15,C,C
G5,G5_B4,p2_radical_085_贝__retry_2__G5,贝__retry_2__G5,,,radical,radical,1,False,FAIL,binary_or_4tier,2026-08-08T18:27:23,FAIL,FAIL
G5,G5_B4,p2_radical_101_斤__retry_2__G5,斤__retry_2__G5,,,radical,radical,1,False,C,4tier,2026-08-08T18:27:25,C,C
G5,G5_B4,p2_radical_092_厄__retry_2__G5,厄__retry_2__G5,,,radical,radical,1,False,FAIL,binary_or_4tier,2026-08-08T18:27:26,FAIL,FAIL
G5,G5_B4,p2_radical_102_耂__retry_2__G5,耂__retry_2__G5,,,radical,radical,1,False,C,4tier,2026-08-08T18:27:31,C,C
G5,G5_B4,p2_radical_103_毛__retry_2__G5,毛__retry_2__G5,,,radical,radical,1,False,C,4tier,2026-08-08T18:27:32,C,C
G5,G5_B4,p2_radical_117_手__retry_2__G5,手__retry_2__G5,,,radical,radical,1,False,C,4tier,2026-08-08T18:27:33,C,C
G5,G5_B4,p2_radical_116_礻__retry_2__G5,礻__retry_2__G5,,,radical,radical,1,False,PASS,binary_or_4tier,2026-08-08T18:27:34,PASS,PASS
G5,G5_B4,p2_radical_109_攴__retry_2__G5,攴__retry_2__G5,,,radical,radical,1,False,FAIL,binary_or_4tier,2026-08-08T18:27:35,FAIL,FAIL
G5,G5_B4,p2_radical_093_方__retry_2__G5,方__retry_2__G5,,,radical,radical,1,False,FAIL,binary_or_4tier,2026-08-08T18:27:36,FAIL,FAIL
G5,G5_B4,p2_radical_074_兀__retry_2__G5,兀__retry_2__G5,,,radical,radical,1,False,FAIL,binary_or_4tier,2026-08-08T18:27:36,FAIL,FAIL
G5,G5_B4,p2_radical_086_比__retry_2__G5,比__retry_2__G5,,,radical,radical,1,False,FAIL,binary_or_4tier,2026-08-08T18:27:38,FAIL,FAIL
G5,G5_B4,p2_radical_088_长__retry_2__G5,长__retry_2__G5,,,radical,radical,1,False,PASS,binary_or_4tier,2026-08-08T18:27:39,PASS,PASS
G5,G5_B4,p2_radical_090_歹__retry_2__G5,歹__retry_2__G5,,,radical,radical,1,False,FAIL,binary_or_4tier,2026-08-08T18:27:44,FAIL,FAIL
G5,G5_B4,p2_radical_075_夕__retry_2__G5,夕__retry_2__G5,,,radical,radical,1,False,FAIL,binary_or_4tier,2026-08-08T18:27:45,FAIL,FAIL
G5,G5_B4,p2_radical_081_夂__retry_2__G5,夂__retry_2__G5,,,radical,radical,1,False,FAIL,binary_or_4tier,2026-08-08T18:27:45,FAIL,FAIL
G5,G5_B4,p2_radical_084_夊__retry_2__G5,夊__retry_2__G5,,,radical,radical,1,False,FAIL,binary_or_4tier,2026-08-08T18:27:46,FAIL,FAIL
G5,G5_B5,p3_char_0084_屮,屮,84,3,rare,character,1,False,PASS,binary_or_4tier,2026-08-08T20:29:53,PASS,PASS
G5,G5_B5,p3_char_0085_马,马,85,3,common,character,1,False,FAIL,binary_or_4tier,2026-08-08T20:29:54,FAIL,FAIL
G5,G5_B5,p3_char_0086_巛,巛,86,3,rare,character,1,False,C,4tier,2026-08-08T20:29:57,C,C
G5,G5_B5,p3_char_0087_工,工,87,3,common,character,1,False,PASS,binary_or_4tier,2026-08-08T20:29:58,PASS,PASS
G5,G5_B5,p3_char_0088_川,川,88,3,rare,character,1,False,C,4tier,2026-08-08T20:30:02,C,C
G5,G5_B5,p3_char_0089_义,义,89,3,common,character,1,False,C,4tier,2026-08-08T20:30:04,C,C
G5,G5_B5,p3_char_0090_幺,幺,90,3,rare,character,1,False,C,4tier,2026-08-08T20:30:08,C,C
G5,G5_B5,p3_char_0091_乡,乡,91,3,common,character,1,False,C,4tier,2026-08-08T20:30:11,C,C
G5,G5_B5,p3_char_0092_廾,廾,92,3,rare,character,1,False,PASS,binary_or_4tier,2026-08-08T20:30:14,PASS,PASS
G5,G5_B5,p3_char_0093_弋,弋,93,3,rare,character,1,False,PASS,binary_or_4tier,2026-08-08T20:30:14,PASS,PASS
G5,G5_B5,p3_char_0094_不,不,94,4,common,character,1,False,PASS,binary_or_4tier,2026-08-08T20:30:15,PASS,PASS
G5,G5_B5,p3_char_0095_丹,丹,95,4,rare,character,1,False,PASS,binary_or_4tier,2026-08-08T20:30:21,PASS,PASS
G5,G5_B5,p3_char_0096_为,为,96,4,common,character,1,False,PASS,binary_or_4tier,2026-08-08T20:30:22,PASS,PASS
G5,G5_B5,p3_char_0097_乌,乌,97,4,rare,character,1,False,FAIL,binary_or_4tier,2026-08-08T20:30:23,FAIL,FAIL
G5,G5_B5,p3_char_0098_以,以,98,4,common,character,1,False,FAIL,binary_or_4tier,2026-08-08T20:30:23,FAIL,FAIL
G5,G5_B5,p3_char_0099_予,予,99,4,rare,character,1,False,FAIL,binary_or_4tier,2026-08-08T20:30:26,FAIL,FAIL
G5,G5_B5,p3_char_0100_中,中,100,4,common,character,1,False,PASS,binary_or_4tier,2026-08-08T20:30:27,PASS,PASS
G5,G5_B5,p3_char_0101_亓,亓,101,4,rare,character,1,False,PASS,binary_or_4tier,2026-08-08T20:30:30,PASS,PASS
G5,G5_B5,p3_char_0102_天,天,102,4,common,character,1,False,PASS,binary_or_4tier,2026-08-08T20:30:36,PASS,PASS
G5,G5_B5,p3_char_0103_亢,亢,103,4,rare,character,1,False,FAIL,binary_or_4tier,2026-08-08T20:30:38,FAIL,FAIL
G5,G5_B5,p3_char_0104_方,方,104,4,common,character,1,False,PASS,binary_or_4tier,2026-08-08T20:30:49,PASS,PASS
G5,G5_B5,p3_char_0105_仂,仂,105,4,rare,character,1,False,PASS,binary_or_4tier,2026-08-08T20:30:50,PASS,PASS
G5,G5_B5,p3_char_0106_日,日,106,4,common,character,1,False,PASS,binary_or_4tier,2026-08-08T20:30:51,PASS,PASS
G5,G5_B5,p3_char_0107_仃,仃,107,4,rare,character,1,False,C,4tier,2026-08-08T20:30:54,C,C
G5,G5_B5,p3_char_0108_无,无,108,4,common,character,1,False,C,4tier,2026-08-08T20:31:01,C,C
G5,G5_B5,p3_char_0109_仄,仄,109,4,rare,character,1,False,PASS,binary_or_4tier,2026-08-08T20:31:02,PASS,PASS
G5,G5_B5,p3_char_0110_分,分,110,4,common,character,1,False,PASS,binary_or_4tier,2026-08-08T20:31:04,PASS,PASS
G5,G5_B5,p3_char_0111_仇,仇,111,4,rare,character,1,False,FAIL,binary_or_4tier,2026-08-08T20:31:06,FAIL,FAIL
G5,G5_B5,p3_char_0112_心,心,112,4,common,character,1,False,PASS,binary_or_4tier,2026-08-08T20:31:08,PASS,PASS
G5,G5_B5,p3_char_0113_仉,仉,113,4,rare,character,1,False,FAIL,binary_or_4tier,2026-08-08T20:31:11,FAIL,FAIL
G5,G5_B5,p3_char_0114_见,见,114,4,common,character,1,False,FAIL,binary_or_4tier,2026-08-08T20:31:11,FAIL,FAIL
G5,G5_B5,p3_char_0115_仌,仌,115,4,rare,character,1,False,PASS,binary_or_4tier,2026-08-08T20:31:14,PASS,PASS
G5,G5_B5,p3_char_0116_公,公,116,4,common,character,1,False,PASS,binary_or_4tier,2026-08-08T20:31:15,PASS,PASS
G5,G5_B5,p3_char_0117_仑,仑,117,4,rare,character,1,False,C,4tier,2026-08-08T20:31:23,C,C
G5,G5_B5,p3_char_0118_从,从,118,4,common,character,1,False,PASS,binary_or_4tier,2026-08-08T20:31:25,PASS,PASS
G5,G5_B5,p3_char_0119_仓,仓,119,4,rare,character,1,False,C,4tier,2026-08-08T20:31:27,C,C
G5,G5_B5,p3_char_0120_气,气,120,4,common,character,1,False,C,4tier,2026-08-08T20:31:28,C,C
G5,G5_B5,p3_char_0121_內,內,121,4,rare,character,1,False,FAIL,binary_or_4tier,2026-08-08T20:31:30,FAIL,FAIL
G5,G5_B5,p3_char_0122_五,五,122,4,common,character,1,False,PASS,binary_or_4tier,2026-08-08T20:31:30,PASS,PASS
G5,G5_B5,p3_char_0123_兮,兮,123,4,rare,character,1,False,FAIL,binary_or_4tier,2026-08-08T20:31:32,FAIL,FAIL
G5,G5_B5,p3_char_0124_文,文,124,4,common,character,1,False,PASS,binary_or_4tier,2026-08-08T20:31:34,PASS,PASS
G5,G5_B5,p3_char_0125_円,円,125,4,rare,character,1,False,PASS,binary_or_4tier,2026-08-08T20:31:35,PASS,PASS
G5,G5_B5,p3_char_0126_长,长,126,4,common,character,1,False,PASS,binary_or_4tier,2026-08-08T20:31:36,PASS,PASS
G5,G5_B5,p3_char_0127_冈,冈,127,4,rare,character,1,False,PASS,binary_or_4tier,2026-08-08T20:31:40,PASS,PASS
G5,G5_B5,p3_char_0128_太,太,128,4,common,character,1,False,PASS,binary_or_4tier,2026-08-08T20:31:41,PASS,PASS
G5,G5_B5,p3_char_0129_龶,龶,129,4,rare,character,1,False,PASS,binary_or_4tier,2026-08-08T20:31:41,PASS,PASS
G5,G5_B5,p3_char_0130_切,切,130,4,common,character,1,False,C,4tier,2026-08-08T20:31:44,C,C
G5,G5_B5,p3_char_0131_冗,冗,131,4,rare,character,1,False,FAIL,binary_or_4tier,2026-08-08T20:31:46,FAIL,FAIL
G5,G5_B5,p3_char_0132_内,内,132,4,common,character,1,False,PASS,binary_or_4tier,2026-08-08T20:31:47,PASS,PASS
G5,G5_B5,p3_char_0133_冘,冘,133,4,rare,character,1,False,C,4tier,2026-08-08T20:31:50,C,C
G5,G5_B5,p2_radical_127_牙__retry_2__G5,牙__retry_2__G5,,,radical,radical,1,False,FAIL,binary_or_4tier,2026-08-08T20:31:51,FAIL,FAIL
G5,G5_B5,p3_char_0016_乃__retry_2__G5,乃__retry_2__G5,16,,,character,1,False,FAIL,binary_or_4tier,2026-08-08T20:31:53,FAIL,FAIL
G5,G5_B5,p3_char_0018_乜__retry_2__G5,乜__retry_2__G5,18,,,character,1,False,FAIL,binary_or_4tier,2026-08-08T20:31:54,FAIL,FAIL
G5,G5_B5,p3_char_0023_九__retry_2__G5,九__retry_2__G5,23,,,character,1,False,FAIL,binary_or_4tier,2026-08-08T20:31:55,FAIL,FAIL
G5,G5_B5,p2_radical_119_水__retry_2__G5,水__retry_2__G5,,,radical,radical,1,False,FAIL,binary_or_4tier,2026-08-08T20:31:57,FAIL,FAIL
G5,G5_B5,p2_radical_120_瓦__retry_2__G5,瓦__retry_2__G5,,,radical,radical,1,False,FAIL,binary_or_4tier,2026-08-08T20:31:58,FAIL,FAIL
G5,G5_B5,p2_radical_134_爪__retry_2__G5,爪__retry_2__G5,,,radical,radical,1,False,FAIL,binary_or_4tier,2026-08-08T20:31:59,FAIL,FAIL
G5,G5_B5,p3_char_0019_儿__retry_2__G5,儿__retry_2__G5,19,,,character,1,False,C,4tier,2026-08-08T20:32:03,C,C
G5,G5_B5,p3_char_0021_几__retry_2__G5,几__retry_2__G5,21,,,character,1,False,FAIL,binary_or_4tier,2026-08-08T20:32:04,FAIL,FAIL
G5,G5_B6,p3_char_0134_化,化,134,4,common,character,1,False,PASS,binary_or_4tier,2026-08-08T22:02:20,PASS,PASS
G5,G5_B6,p3_char_0135_刅,刅,135,4,rare,character,1,False,FAIL,binary_or_4tier,2026-08-08T22:02:21,FAIL,FAIL
G5,G5_B6,p3_char_0136_比,比,136,4,common,character,1,False,C,4tier,2026-08-08T22:02:25,C,C
G5,G5_B6,p3_char_0137_刈,刈,137,4,rare,character,1,False,PASS,binary_or_4tier,2026-08-08T22:02:28,PASS,PASS
G5,G5_B6,p3_char_0138_水,水,138,4,common,character,1,False,FAIL,binary_or_4tier,2026-08-08T22:02:30,FAIL,FAIL
G5,G5_B6,p3_char_0139_礻,礻,139,4,rare,character,1,False,PASS,binary_or_4tier,2026-08-08T22:02:30,PASS,PASS
G5,G5_B6,p3_char_0140_反,反,140,4,common,character,1,False,PASS,binary_or_4tier,2026-08-08T22:02:35,PASS,PASS
G5,G5_B6,p3_char_0141_办,办,141,4,rare,character,1,False,C,4tier,2026-08-08T22:02:36,C,C
G5,G5_B6,p3_char_0142_区,区,142,4,common,character,1,False,PASS,binary_or_4tier,2026-08-08T22:02:37,PASS,PASS
G5,G5_B6,p3_char_0143_勻,勻,143,4,rare,character,1,False,PASS,binary_or_4tier,2026-08-08T22:02:41,PASS,PASS
G5,G5_B6,p3_char_0144_风,风,144,4,common,character,1,False,FAIL,binary_or_4tier,2026-08-08T22:02:45,FAIL,FAIL
G5,G5_B6,p3_char_0145_勿,勿,145,4,rare,character,1,False,PASS,binary_or_4tier,2026-08-08T22:02:47,PASS,PASS
G5,G5_B6,p3_char_0146_队,队,146,4,common,character,1,False,PASS,binary_or_4tier,2026-08-08T22:02:49,PASS,PASS
G5,G5_B6,p3_char_0147_卅,卅,147,4,rare,character,1,False,PASS,binary_or_4tier,2026-08-08T22:02:50,PASS,PASS
G5,G5_B6,p3_char_0148_书,书,148,4,common,character,1,False,PASS,binary_or_4tier,2026-08-08T22:02:54,PASS,PASS
G5,G5_B6,p3_char_0149_升,升,149,4,rare,character,1,False,PASS,binary_or_4tier,2026-08-08T22:02:55,PASS,PASS
G5,G5_B6,p3_char_0150_引,引,150,4,common,character,1,False,FAIL,binary_or_4tier,2026-08-08T22:02:58,FAIL,FAIL
G5,G5_B6,p3_char_0151_卞,卞,151,4,rare,character,1,False,PASS,binary_or_4tier,2026-08-08T22:02:59,PASS,PASS
G5,G5_B6,p3_char_0152_元,元,152,4,common,character,1,False,PASS,binary_or_4tier,2026-08-08T22:03:03,PASS,PASS
G5,G5_B6,p3_char_0153_卬,卬,153,4,rare,character,1,False,C,4tier,2026-08-08T22:03:08,C,C
G5,G5_B6,p3_char_0154_他,他,154,5,common,character,1,False,FAIL,binary_or_4tier,2026-08-08T22:03:09,FAIL,FAIL
G5,G5_B6,p3_char_0155_必,必,155,5,rare,character,1,False,C,4tier,2026-08-08T22:03:11,C,C
G5,G5_B6,p3_char_0156_们,们,156,5,common,character,1,False,PASS,binary_or_4tier,2026-08-08T22:03:12,PASS,PASS
G5,G5_B6,p3_char_0157_甲,甲,157,5,rare,character,1,False,PASS,binary_or_4tier,2026-08-08T22:03:13,PASS,PASS
G5,G5_B6,p3_char_0158_出,出,158,5,common,character,1,False,PASS,binary_or_4tier,2026-08-08T22:03:13,PASS,PASS
G5,G5_B6,p3_char_0159_申,申,159,5,rare,character,1,False,PASS,binary_or_4tier,2026-08-08T22:03:14,PASS,PASS
G5,G5_B6,p3_char_0160_可,可,160,5,common,character,1,False,C,4tier,2026-08-08T22:03:16,C,C
G5,G5_B6,p3_char_0161_甴,甴,161,5,rare,character,1,False,PASS,binary_or_4tier,2026-08-08T22:03:20,PASS,PASS
G5,G5_B6,p3_char_0162_生,生,162,5,common,character,1,False,PASS,binary_or_4tier,2026-08-08T22:03:21,PASS,PASS
G5,G5_B6,p3_char_0163_丱,丱,163,5,rare,character,1,False,FAIL,binary_or_4tier,2026-08-08T22:03:24,FAIL,FAIL
G5,G5_B6,p3_char_0164_对,对,164,5,common,character,1,False,PASS,binary_or_4tier,2026-08-08T22:03:26,PASS,PASS
G5,G5_B6,p3_char_0165_乍,乍,165,5,rare,character,1,False,PASS,binary_or_4tier,2026-08-08T22:03:27,PASS,PASS
G5,G5_B6,p3_char_0166_去,去,166,5,common,character,1,False,PASS,binary_or_4tier,2026-08-08T22:03:27,PASS,PASS
G5,G5_B6,p3_char_0167_乎,乎,167,5,rare,character,1,False,PASS,binary_or_4tier,2026-08-08T22:03:28,PASS,PASS
G5,G5_B6,p3_char_0168_用,用,168,5,common,character,1,False,C,4tier,2026-08-08T22:03:36,C,C
G5,G5_B6,p3_char_0169_疋,疋,169,5,rare,character,1,False,C,4tier,2026-08-08T22:03:37,C,C
G5,G5_B6,p3_char_0170_发,发,170,5,common,character,1,False,FAIL,binary_or_4tier,2026-08-08T22:03:38,FAIL,FAIL
G5,G5_B6,p3_char_0171_疒,疒,171,5,rare,character,1,False,PASS,binary_or_4tier,2026-08-08T22:03:40,PASS,PASS
G5,G5_B6,p3_char_0172_只,只,172,5,common,character,1,False,PASS,binary_or_4tier,2026-08-08T22:03:41,PASS,PASS
G5,G5_B6,p3_char_0173_仔,仔,173,5,rare,character,1,False,PASS,binary_or_4tier,2026-08-08T22:03:48,PASS,PASS
G5,G5_B6,p3_char_0174_主,主,174,5,common,character,1,False,PASS,binary_or_4tier,2026-08-08T22:03:50,PASS,PASS
G5,G5_B6,p3_char_0175_仕,仕,175,5,rare,character,1,False,PASS,binary_or_4tier,2026-08-08T22:03:50,PASS,PASS
G5,G5_B6,p3_char_0176_平,平,176,5,common,character,1,False,PASS,binary_or_4tier,2026-08-08T22:03:51,PASS,PASS
G5,G5_B6,p3_char_0177_仗,仗,177,5,rare,character,1,False,FAIL,binary_or_4tier,2026-08-08T22:03:54,FAIL,FAIL
G5,G5_B6,p3_char_0178_外,外,178,5,common,character,1,False,PASS,binary_or_4tier,2026-08-08T22:03:56,PASS,PASS
G5,G5_B6,p3_char_0179_付,付,179,5,rare,character,1,False,C,4tier,2026-08-08T22:04:02,C,C
G5,G5_B6,p3_char_0180_打,打,180,5,common,character,1,False,C,4tier,2026-08-08T22:04:06,C,C
G5,G5_B6,p3_char_0181_仝,仝,181,5,rare,character,1,False,PASS,binary_or_4tier,2026-08-08T22:04:08,PASS,PASS
G5,G5_B6,p3_char_0182_正,正,182,5,common,character,1,False,PASS,binary_or_4tier,2026-08-08T22:04:08,PASS,PASS
G5,G5_B6,p3_char_0183_仞,仞,183,5,rare,character,1,False,C,4tier,2026-08-08T22:04:13,C,C
G5,G5_B6,p3_char_0085_马__retry_1__G5,马__retry_1__G5,85,,,character,1,False,FAIL,binary_or_4tier,2026-08-08T22:04:14,FAIL,FAIL
G5,G5_B6,p3_char_0097_乌__retry_1__G5,乌__retry_1__G5,97,,,character,1,False,FAIL,binary_or_4tier,2026-08-08T22:04:15,FAIL,FAIL
G5,G5_B6,p3_char_0111_仇__retry_1__G5,仇__retry_1__G5,111,,,character,1,False,FAIL,binary_or_4tier,2026-08-08T22:04:16,FAIL,FAIL
G5,G5_B6,p3_char_0113_仉__retry_1__G5,仉__retry_1__G5,113,,,character,1,False,FAIL,binary_or_4tier,2026-08-08T22:04:16,FAIL,FAIL
G5,G5_B6,p3_char_0131_冗__retry_1__G5,冗__retry_1__G5,131,,,character,1,False,FAIL,binary_or_4tier,2026-08-08T22:04:17,FAIL,FAIL
G5,G5_B6,p3_char_0099_予__retry_1__G5,予__retry_1__G5,99,,,character,1,False,FAIL,binary_or_4tier,2026-08-08T22:04:18,FAIL,FAIL
G5,G5_B6,p3_char_0103_亢__retry_1__G5,亢__retry_1__G5,103,,,character,1,False,FAIL,binary_or_4tier,2026-08-08T22:04:19,FAIL,FAIL
G5,G5_B6,p3_char_0098_以__retry_1__G5,以__retry_1__G5,98,,,character,1,False,FAIL,binary_or_4tier,2026-08-08T22:04:21,FAIL,FAIL
G5,G5_B6,p3_char_0114_见__retry_1__G5,见__retry_1__G5,114,,,character,1,False,FAIL,binary_or_4tier,2026-08-08T22:04:22,FAIL,FAIL
G5,G5_B6,p3_char_0123_兮__retry_1__G5,兮__retry_1__G5,123,,,character,1,False,FAIL,binary_or_4tier,2026-08-08T22:04:23,FAIL,FAIL
G5,G5_B6,p3_char_0121_內__retry_1__G5,內__retry_1__G5,121,,,character,1,False,PASS,binary_or_4tier,2026-08-08T22:04:24,PASS,PASS
G5,G5_B6,p3_char_0089_义__retry_1__G5,义__retry_1__G5,89,,,character,1,False,A,4tier,2026-08-08T22:04:27,A,A
G5,G5_B6,p3_char_0108_无__retry_1__G5,无__retry_1__G5,108,,,character,1,False,FAIL,binary_or_4tier,2026-08-08T22:04:31,FAIL,FAIL
G5,G5_B6,p3_char_0120_气__retry_1__G5,气__retry_1__G5,120,,,character,1,False,FAIL,binary_or_4tier,2026-08-08T22:04:31,FAIL,FAIL
G5,G5_B7,p3_char_0184_业,业,184,5,common,character,1,False,A,4tier,2026-08-08T22:51:07,A,A
G5,G5_B7,p3_char_0185_仟,仟,185,5,rare,character,1,False,A,4tier,2026-08-08T22:51:07,A,A
G5,G5_B7,p3_char_0186_本,本,186,5,common,character,1,False,PASS,binary_or_4tier,2026-08-08T22:51:09,PASS,PASS
G5,G5_B7,p3_char_0187_仡,仡,187,5,rare,character,1,False,FAIL,binary_or_4tier,2026-08-08T22:51:11,FAIL,FAIL
G5,G5_B7,p3_char_0188_边,边,188,5,common,character,1,False,FAIL,binary_or_4tier,2026-08-08T22:51:13,FAIL,FAIL
G5,G5_B7,p3_char_0189_仨,仨,189,5,rare,character,1,False,A,4tier,2026-08-08T22:51:27,A,A
G5,G5_B7,p3_char_0190_加,加,190,5,common,character,1,False,C,4tier,2026-08-08T22:51:30,C,C
G5,G5_B7,p3_char_0191_仫,仫,191,5,rare,character,1,False,C,4tier,2026-08-08T22:51:32,C,C
G5,G5_B7,p3_char_0192_代,代,192,5,common,character,1,False,PASS,binary_or_4tier,2026-08-08T22:51:34,PASS,PASS
G5,G5_B7,p3_char_0193_癶,癶,193,5,rare,character,1,False,C,4tier,2026-08-08T22:51:36,C,C
G5,G5_B7,p3_char_0194_世,世,194,5,common,character,1,False,PASS,binary_or_4tier,2026-08-08T22:51:37,PASS,PASS
G5,G5_B7,p3_char_0195_皿,皿,195,5,rare,character,1,False,PASS,binary_or_4tier,2026-08-08T22:51:51,PASS,PASS
G5,G5_B7,p3_char_0196_东,东,196,5,common,character,1,False,FAIL,binary_or_4tier,2026-08-08T22:51:52,FAIL,FAIL
G5,G5_B7,p3_char_0197_矢,矢,197,5,rare,character,1,False,PASS,binary_or_4tier,2026-08-08T22:51:53,PASS,PASS
G5,G5_B7,p3_char_0198_立,立,198,5,common,character,1,False,PASS,binary_or_4tier,2026-08-08T22:51:54,PASS,PASS
G5,G5_B7,p3_char_0199_兰,兰,199,5,rare,character,1,False,PASS,binary_or_4tier,2026-08-08T22:51:55,PASS,PASS
G5,G5_B7,p3_char_0200_市,市,200,5,common,character,1,False,PASS,binary_or_4tier,2026-08-08T22:51:56,PASS,PASS
G5,G5_B7,p3_char_0201_冉,冉,201,5,rare,character,1,False,A,4tier,2026-08-08T22:51:58,A,A
G5,G5_B7,p3_char_0202_术,术,202,5,common,character,1,False,PASS,binary_or_4tier,2026-08-08T22:51:59,PASS,PASS
G5,G5_B7,p3_char_0203_冊,冊,203,5,rare,character,1,False,PASS,binary_or_4tier,2026-08-08T22:52:01,PASS,PASS
G5,G5_B7,p3_char_0204_由,由,204,5,common,character,1,False,PASS,binary_or_4tier,2026-08-08T22:52:01,PASS,PASS
G5,G5_B7,p3_char_0205_冋,冋,205,5,rare,character,1,False,C,4tier,2026-08-08T22:52:03,C,C
G5,G5_B7,p3_char_0206_白,白,206,5,common,character,1,False,PASS,binary_or_4tier,2026-08-08T22:52:04,PASS,PASS
G5,G5_B7,p3_char_0207_册,册,207,5,rare,character,1,False,C,4tier,2026-08-08T22:52:06,C,C
G5,G5_B7,p3_char_0208_北,北,208,5,common,character,1,False,PASS,binary_or_4tier,2026-08-08T22:52:07,PASS,PASS
G5,G5_B7,p3_char_0209_冎,冎,209,5,rare,character,1,False,FAIL,binary_or_4tier,2026-08-08T22:52:08,FAIL,FAIL
G5,G5_B7,p3_char_0210_四,四,210,5,common,character,1,False,PASS,binary_or_4tier,2026-08-08T22:52:09,PASS,PASS
G5,G5_B7,p3_char_0211_冯,冯,211,5,rare,character,1,False,C,4tier,2026-08-08T22:52:15,C,C
G5,G5_B7,p3_char_0212_处,处,212,5,common,character,1,False,FAIL,binary_or_4tier,2026-08-08T22:52:16,FAIL,FAIL
G5,G5_B7,p3_char_0213_処,処,213,5,rare,character,1,False,FAIL,binary_or_4tier,2026-08-08T22:52:17,FAIL,FAIL
G5,G5_B7,p3_char_0214_记,记,214,5,common,character,1,False,FAIL,binary_or_4tier,2026-08-08T22:52:18,FAIL,FAIL
G5,G5_B7,p3_char_0215_凸,凸,215,5,rare,character,1,False,PASS,binary_or_4tier,2026-08-08T22:52:18,PASS,PASS
G5,G5_B7,p3_char_0216_失,失,216,5,common,character,1,False,PASS,binary_or_4tier,2026-08-08T22:52:20,PASS,PASS
G5,G5_B7,p3_char_0217_凹,凹,217,5,rare,character,1,False,C,4tier,2026-08-08T22:52:22,C,C
G5,G5_B7,p3_char_0218_刍,刍,218,5,rare,character,1,False,C,4tier,2026-08-08T22:52:25,C,C
G5,G5_B7,p3_char_0219_在,在,219,6,common,character,1,False,PASS,binary_or_4tier,2026-08-08T22:52:26,PASS,PASS
G5,G5_B7,p3_char_0220_丢,丢,220,6,rare,character,1,False,PASS,binary_or_4tier,2026-08-08T22:52:27,PASS,PASS
G5,G5_B7,p3_char_0221_有,有,221,6,common,character,1,False,PASS,binary_or_4tier,2026-08-08T22:52:29,PASS,PASS
G5,G5_B7,p3_char_0222_乑,乑,222,6,rare,character,1,False,PASS,binary_or_4tier,2026-08-08T22:52:41,PASS,PASS
G5,G5_B7,p3_char_0223_地,地,223,6,common,character,1,False,C,4tier,2026-08-08T22:52:44,C,C
G5,G5_B7,p3_char_0224_乓,乓,224,6,rare,character,1,False,A,4tier,2026-08-08T22:52:51,A,A
G5,G5_B7,p3_char_0225_而,而,225,6,common,character,1,False,PASS,binary_or_4tier,2026-08-08T22:52:55,PASS,PASS
G5,G5_B7,p3_char_0226_乔,乔,226,6,rare,character,1,False,PASS,binary_or_4tier,2026-08-08T22:52:56,PASS,PASS
G5,G5_B7,p3_char_0227_年,年,227,6,common,character,1,False,PASS,binary_or_4tier,2026-08-08T22:52:57,PASS,PASS
G5,G5_B7,p3_char_0228_乩,乩,228,6,rare,character,1,False,PASS,binary_or_4tier,2026-08-08T22:52:57,PASS,PASS
G5,G5_B7,p3_char_0229_自,自,229,6,common,character,1,False,PASS,binary_or_4tier,2026-08-08T22:52:58,PASS,PASS
G5,G5_B7,p3_char_0230_亘,亘,230,6,rare,character,1,False,PASS,binary_or_4tier,2026-08-08T22:52:58,PASS,PASS
G5,G5_B7,p3_char_0231_会,会,231,6,common,character,1,False,PASS,binary_or_4tier,2026-08-08T22:53:01,PASS,PASS
G5,G5_B7,p3_char_0232_亙,亙,232,6,rare,character,1,False,PASS,binary_or_4tier,2026-08-08T22:53:02,PASS,PASS
G5,G5_B7,p3_char_0233_那,那,233,6,common,character,1,False,FAIL,binary_or_4tier,2026-08-08T22:53:04,FAIL,FAIL
G5,G5_B7,p3_char_0170_发__retry_1__G5,发__retry_1__G5,170,,,character,1,False,FAIL,binary_or_4tier,2026-08-08T22:53:05,FAIL,FAIL
G5,G5_B7,p3_char_0177_仗__retry_1__G5,仗__retry_1__G5,177,,,character,1,False,FAIL,binary_or_4tier,2026-08-08T22:53:07,FAIL,FAIL
G5,G5_B7,p3_char_0155_必__retry_1__G5,必__retry_1__G5,155,,,character,1,False,C,4tier,2026-08-08T22:53:12,C,C
G5,G5_B7,p3_char_0179_付__retry_1__G5,付__retry_1__G5,179,,,character,1,False,C,4tier,2026-08-08T22:53:17,C,C
G5,G5_B7,p3_char_0180_打__retry_1__G5,打__retry_1__G5,180,,,character,1,False,C,4tier,2026-08-08T22:53:22,C,C
G5,G5_B7,p3_char_0168_用__retry_1__G5,用__retry_1__G5,168,,,character,1,False,PASS,binary_or_4tier,2026-08-08T22:53:23,PASS,PASS
G5,G5_B7,p3_char_0136_比__retry_1__G5,比__retry_1__G5,136,,,character,1,False,PASS,binary_or_4tier,2026-08-08T22:53:24,PASS,PASS
G5,G5_B8,p3_char_0234_亚,亚,234,6,rare,character,1,False,PASS,binary_or_4tier,2026-08-09T01:32:01,PASS,PASS
G5,G5_B8,p3_char_0235_后,后,235,6,common,character,1,False,PASS,binary_or_4tier,2026-08-09T01:32:02,PASS,PASS
G5,G5_B8,p3_char_0236_亥,亥,236,6,rare,character,1,False,FAIL,binary_or_4tier,2026-08-09T01:32:04,FAIL,FAIL
G5,G5_B8,p3_char_0237_行,行,237,6,common,character,1,False,PASS,binary_or_4tier,2026-08-09T01:32:05,PASS,PASS
G5,G5_B8,p3_char_0238_亦,亦,238,6,rare,character,1,False,C,4tier,2026-08-09T01:32:09,C,C
G5,G5_B8,p3_char_0239_过,过,239,6,common,character,1,False,PASS,binary_or_4tier,2026-08-09T01:32:10,PASS,PASS
G5,G5_B8,p3_char_0240_仰,仰,240,6,rare,character,1,False,FAIL,binary_or_4tier,2026-08-09T01:32:11,FAIL,FAIL
G5,G5_B8,p3_char_0241_如,如,241,6,common,character,1,False,FAIL,binary_or_4tier,2026-08-09T01:32:15,FAIL,FAIL
G5,G5_B8,p3_char_0242_仲,仲,242,6,rare,character,1,False,PASS,binary_or_4tier,2026-08-09T01:32:16,PASS,PASS
G5,G5_B8,p3_char_0243_成,成,243,6,common,character,1,False,FAIL,binary_or_4tier,2026-08-09T01:32:17,FAIL,FAIL
G5,G5_B8,p3_char_0244_仳,仳,244,6,rare,character,1,False,PASS,binary_or_4tier,2026-08-09T01:32:20,PASS,PASS
G5,G5_B8,p3_char_0245_多,多,245,6,common,character,1,False,PASS,binary_or_4tier,2026-08-09T01:32:21,PASS,PASS
G5,G5_B8,p3_char_0246_仵,仵,246,6,rare,character,1,False,PASS,binary_or_4tier,2026-08-09T01:32:22,PASS,PASS
G5,G5_B8,p3_char_0247_军,军,247,6,common,character,1,False,FAIL,binary_or_4tier,2026-08-09T01:32:23,FAIL,FAIL
G5,G5_B8,p3_char_0248_伄,伄,248,6,rare,character,1,False,FAIL,binary_or_4tier,2026-08-09T01:32:24,FAIL,FAIL
G5,G5_B8,p3_char_0249_同,同,249,6,common,character,1,False,PASS,binary_or_4tier,2026-08-09T01:32:25,PASS,PASS
G5,G5_B8,p3_char_0250_伉,伉,250,6,rare,character,1,False,FAIL,binary_or_4tier,2026-08-09T01:32:27,FAIL,FAIL
G5,G5_B8,p3_char_0251_当,当,251,6,common,character,1,False,PASS,binary_or_4tier,2026-08-09T01:32:28,PASS,PASS
G5,G5_B8,p3_char_0252_伊,伊,252,6,rare,character,1,False,PASS,binary_or_4tier,2026-08-09T01:32:31,PASS,PASS
G5,G5_B8,p3_char_0253_好,好,253,6,common,character,1,False,FAIL,binary_or_4tier,2026-08-09T01:32:31,FAIL,FAIL
G5,G5_B8,p3_char_0254_伎,伎,254,6,rare,character,1,False,FAIL,binary_or_4tier,2026-08-09T01:32:32,FAIL,FAIL
G5,G5_B8,p3_char_0255_此,此,255,6,common,character,1,False,PASS,binary_or_4tier,2026-08-09T01:32:33,PASS,PASS
G5,G5_B8,p3_char_0256_伐,伐,256,6,rare,character,1,False,PASS,binary_or_4tier,2026-08-09T01:32:34,PASS,PASS
G5,G5_B8,p3_char_0257_问,问,257,6,common,character,1,False,PASS,binary_or_4tier,2026-08-09T01:32:34,PASS,PASS
G5,G5_B8,p3_char_0258_伕,伕,258,6,rare,character,1,False,C,4tier,2026-08-09T01:32:39,C,C
G5,G5_B8,p3_char_0259_回,回,259,6,common,character,1,False,PASS,binary_or_4tier,2026-08-09T01:32:40,PASS,PASS
G5,G5_B8,p3_char_0260_伙,伙,260,6,rare,character,1,False,FAIL,binary_or_4tier,2026-08-09T01:32:47,FAIL,FAIL
G5,G5_B8,p3_char_0261_再,再,261,6,common,character,1,False,FAIL,binary_or_4tier,2026-08-09T01:32:48,FAIL,FAIL
G5,G5_B8,p3_char_0262_伛,伛,262,6,rare,character,1,False,PASS,binary_or_4tier,2026-08-09T01:32:49,PASS,PASS
G5,G5_B8,p3_char_0263_她,她,263,6,common,character,1,False,C,4tier,2026-08-09T01:32:50,C,C
G5,G5_B8,p3_char_0264_伢,伢,264,6,rare,character,1,False,FAIL,binary_or_4tier,2026-08-09T01:32:51,FAIL,FAIL
G5,G5_B8,p3_char_0265_名,名,265,6,common,character,1,False,FAIL,binary_or_4tier,2026-08-09T01:32:52,FAIL,FAIL
G5,G5_B8,p3_char_0266_伥,伥,266,6,rare,character,1,False,C,4tier,2026-08-09T01:32:54,C,C
G5,G5_B8,p3_char_0267_西,西,267,6,common,character,1,False,FAIL,binary_or_4tier,2026-08-09T01:32:57,FAIL,FAIL
G5,G5_B8,p3_char_0268_伦,伦,268,6,rare,character,1,False,PASS,binary_or_4tier,2026-08-09T01:32:59,PASS,PASS
G5,G5_B8,p3_char_0269_合,合,269,6,common,character,1,False,PASS,binary_or_4tier,2026-08-09T01:32:59,PASS,PASS
G5,G5_B8,p3_char_0270_伧,伧,270,6,rare,character,1,False,FAIL,binary_or_4tier,2026-08-09T01:33:02,FAIL,FAIL
G5,G5_B8,p3_char_0271_老,老,271,6,common,character,1,False,FAIL,binary_or_4tier,2026-08-09T01:33:07,FAIL,FAIL
G5,G5_B8,p3_char_0272_伪,伪,272,6,rare,character,1,False,C,4tier,2026-08-09T01:33:09,C,C
G5,G5_B8,p3_char_0273_次,次,273,6,common,character,1,False,PASS,binary_or_4tier,2026-08-09T01:33:10,PASS,PASS
G5,G5_B8,p3_char_0274_伫,伫,274,6,rare,character,1,False,C,4tier,2026-08-09T01:33:13,C,C
G5,G5_B8,p3_char_0275_任,任,275,6,common,character,1,False,PASS,binary_or_4tier,2026-08-09T01:33:14,PASS,PASS
G5,G5_B8,p3_char_0276_佤,佤,276,6,rare,character,1,False,FAIL,binary_or_4tier,2026-08-09T01:33:15,FAIL,FAIL
G5,G5_B8,p3_char_0277_先,先,277,6,common,character,1,False,C,4tier,2026-08-09T01:33:26,C,C
G5,G5_B8,p3_char_0278_齐,齐,278,6,rare,character,1,False,C,4tier,2026-08-09T01:33:41,C,C
G5,G5_B8,p3_char_0279_色,色,279,6,common,character,1,False,FAIL,binary_or_4tier,2026-08-09T01:33:42,FAIL,FAIL
G5,G5_B8,p3_char_0280_兆,兆,280,6,rare,character,1,False,C,4tier,2026-08-09T01:33:45,C,C
G5,G5_B8,p3_char_0281_设,设,281,6,common,character,1,False,FAIL,binary_or_4tier,2026-08-09T01:33:47,FAIL,FAIL
G5,G5_B8,p3_char_0282_兇,兇,282,6,rare,character,1,False,C,4tier,2026-08-09T01:33:51,C,C
G5,G5_B8,p3_char_0283_传,传,283,6,common,character,1,False,FAIL,binary_or_4tier,2026-08-09T01:33:53,FAIL,FAIL
G5,G5_B9,p3_char_0284_龹,龹,284,6,rare,character,1,False,A,4tier,2026-08-09T13:34:26,A,A
G5,G5_B9,p3_char_0285_师,师,285,6,common,character,1,False,C,4tier,2026-08-09T13:34:28,C,C
G5,G5_B9,p3_char_0286_冱,冱,286,6,rare,character,1,False,FAIL,binary_or_4tier,2026-08-09T13:34:30,FAIL,FAIL
G5,G5_B9,p3_char_0287_光,光,287,6,common,character,1,False,C,4tier,2026-08-09T13:34:37,C,C
G5,G5_B9,p3_char_0288_凫,凫,288,6,rare,character,1,False,FAIL,binary_or_4tier,2026-08-09T13:34:38,FAIL,FAIL
G5,G5_B9,p3_char_0289_我,我,289,7,common,character,1,False,C,4tier,2026-08-09T13:34:40,C,C
G5,G5_B9,p3_char_0290_甸,甸,290,7,rare,character,1,False,PASS,binary_or_4tier,2026-08-09T13:34:42,PASS,PASS
G5,G5_B9,p3_char_0291_这,这,291,7,common,character,1,False,PASS,binary_or_4tier,2026-08-09T13:34:45,PASS,PASS
G5,G5_B9,p3_char_0292_甹,甹,292,7,rare,character,1,False,C,4tier,2026-08-09T13:34:47,C,C
G5,G5_B9,p3_char_0293_来,来,293,7,common,character,1,False,PASS,binary_or_4tier,2026-08-09T13:34:50,PASS,PASS
G5,G5_B9,p3_char_0294_町,町,294,7,rare,character,1,False,PASS,binary_or_4tier,2026-08-09T13:34:59,PASS,PASS
G5,G5_B9,p3_char_0295_时,时,295,7,common,character,1,False,PASS,binary_or_4tier,2026-08-09T13:35:00,PASS,PASS
G5,G5_B9,p3_char_0296_串,串,296,7,rare,character,1,False,PASS,binary_or_4tier,2026-08-09T13:35:01,PASS,PASS
G5,G5_B9,p3_char_0297_你,你,297,7,common,character,1,False,FAIL,binary_or_4tier,2026-08-09T13:35:06,FAIL,FAIL
G5,G5_B9,p3_char_0298_丽,丽,298,7,rare,character,1,False,PASS,binary_or_4tier,2026-08-09T13:35:08,PASS,PASS
G5,G5_B9,p3_char_0299_里,里,299,7,common,character,1,False,PASS,binary_or_4tier,2026-08-09T13:35:29,PASS,PASS
G5,G5_B9,p3_char_0300_乱,乱,300,7,rare,character,1,False,PASS,binary_or_4tier,2026-08-09T13:35:30,PASS,PASS
G5,G5_B9,p3_char_0301_作,作,301,7,common,character,1,False,PASS,binary_or_4tier,2026-08-09T13:35:31,PASS,PASS
G5,G5_B9,p3_char_0302_疔,疔,302,7,rare,character,1,False,C,4tier,2026-08-09T13:35:46,C,C
G5,G5_B9,p3_char_0303_进,进,303,7,common,character,1,False,C,4tier,2026-08-09T13:35:47,C,C
G5,G5_B9,p3_char_0304_疖,疖,304,7,rare,character,1,False,C,4tier,2026-08-09T13:35:50,C,C
G5,G5_B9,p3_char_0305_还,还,305,7,common,character,1,False,A,4tier,2026-08-09T13:35:52,A,A
G5,G5_B9,p3_char_0306_亨,亨,306,7,rare,character,1,False,FAIL,binary_or_4tier,2026-08-09T13:35:55,FAIL,FAIL
G5,G5_B9,p3_char_0307_没,没,307,7,common,character,1,False,FAIL,binary_or_4tier,2026-08-09T13:35:56,FAIL,FAIL
G5,G5_B9,p3_char_0308_亩,亩,308,7,rare,character,1,False,PASS,binary_or_4tier,2026-08-09T13:35:57,PASS,PASS
G5,G5_B9,p3_char_0309_两,两,309,7,common,character,1,False,FAIL,binary_or_4tier,2026-08-09T13:35:58,FAIL,FAIL
G5,G5_B9,p3_char_0310_伯,伯,310,7,rare,character,1,False,PASS,binary_or_4tier,2026-08-09T13:36:03,PASS,PASS
G5,G5_B9,p3_char_0311_身,身,311,7,common,character,1,False,FAIL,binary_or_4tier,2026-08-09T13:36:04,FAIL,FAIL
G5,G5_B9,p3_char_0312_伲,伲,312,7,rare,character,1,False,C,4tier,2026-08-09T13:36:06,C,C
G5,G5_B9,p3_char_0313_位,位,313,7,common,character,1,False,A,4tier,2026-08-09T13:36:12,A,A
G5,G5_B9,p3_char_0314_伶,伶,314,7,rare,character,1,False,FAIL,binary_or_4tier,2026-08-09T13:36:12,FAIL,FAIL
G5,G5_B9,p3_char_0315_声,声,315,7,common,character,1,False,FAIL,binary_or_4tier,2026-08-09T13:36:14,FAIL,FAIL
G5,G5_B9,p3_char_0316_伺,伺,316,7,rare,character,1,False,PASS,binary_or_4tier,2026-08-09T13:36:16,PASS,PASS
G5,G5_B9,p3_char_0317_员,员,317,7,common,character,1,False,FAIL,binary_or_4tier,2026-08-09T13:36:16,FAIL,FAIL
G5,G5_B9,p3_char_0318_伽,伽,318,7,rare,character,1,False,FAIL,binary_or_4tier,2026-08-09T13:36:18,FAIL,FAIL
G5,G5_B9,p3_char_0319_听,听,319,7,common,character,1,False,FAIL,binary_or_4tier,2026-08-09T13:36:19,FAIL,FAIL
G5,G5_B9,p3_char_0320_伾,伾,320,7,rare,character,1,False,A,4tier,2026-08-09T13:36:21,A,A
G5,G5_B9,p3_char_0321_把,把,321,7,common,character,1,False,C,4tier,2026-08-09T13:36:24,C,C
G5,G5_B9,p3_char_0322_佃,佃,322,7,rare,character,1,False,PASS,binary_or_4tier,2026-08-09T13:36:25,PASS,PASS
G5,G5_B9,p3_char_0323_形,形,323,7,common,character,1,False,C,4tier,2026-08-09T13:36:29,C,C
G5,G5_B9,p3_char_0324_但,但,324,7,rare,character,1,False,PASS,binary_or_4tier,2026-08-09T13:36:30,PASS,PASS
G5,G5_B9,p3_char_0325_状,状,325,7,common,character,1,False,PASS,binary_or_4tier,2026-08-09T13:36:34,PASS,PASS
G5,G5_B9,p3_char_0326_佇,佇,326,7,rare,character,1,False,FAIL,binary_or_4tier,2026-08-09T13:36:39,FAIL,FAIL
G5,G5_B9,p3_char_0327_识,识,327,7,common,character,1,False,C,4tier,2026-08-09T13:36:43,C,C
G5,G5_B9,p3_char_0328_佈,佈,328,7,rare,character,1,False,FAIL,binary_or_4tier,2026-08-09T13:36:45,FAIL,FAIL
G5,G5_B9,p3_char_0329_运,运,329,7,common,character,1,False,FAIL,binary_or_4tier,2026-08-09T13:36:46,FAIL,FAIL
G5,G5_B9,p3_char_0330_佉,佉,330,7,rare,character,1,False,PASS,binary_or_4tier,2026-08-09T13:36:47,PASS,PASS
G5,G5_B9,p3_char_0331_更,更,331,7,common,character,1,False,FAIL,binary_or_4tier,2026-08-09T13:36:48,FAIL,FAIL
G5,G5_B9,p3_char_0332_佐,佐,332,7,rare,character,1,False,PASS,binary_or_4tier,2026-08-09T13:36:49,PASS,PASS
G5,G5_B9,p3_char_0333_条,条,333,7,common,character,1,False,FAIL,binary_or_4tier,2026-08-09T13:36:50,FAIL,FAIL
G5,G5_B9,p3_char_0247_军__retry_1__G5,军__retry_1__G5,247,,,character,1,False,PASS,binary_or_4tier,2026-08-09T13:36:52,PASS,PASS
G5,G5_B9,p3_char_0265_名__retry_1__G5,名__retry_1__G5,265,,,character,1,False,FAIL,binary_or_4tier,2026-08-09T13:36:53,FAIL,FAIL
G5,G5_B9,p3_char_0243_成__retry_1__G5,成__retry_1__G5,243,,,character,1,False,PASS,binary_or_4tier,2026-08-09T13:36:56,PASS,PASS
G5,G5_B9,p3_char_0267_西__retry_1__G5,西__retry_1__G5,267,,,character,1,False,FAIL,binary_or_4tier,2026-08-09T13:36:57,FAIL,FAIL
G5,G5_B9,p3_char_0271_老__retry_1__G5,老__retry_1__G5,271,,,character,1,False,PASS,binary_or_4tier,2026-08-09T13:37:02,PASS,PASS
G5,G5_B9,p3_char_0253_好__retry_1__G5,好__retry_1__G5,253,,,character,1,False,FAIL,binary_or_4tier,2026-08-09T13:37:05,FAIL,FAIL
G5,G5_B9,p3_char_0261_再__retry_1__G5,再__retry_1__G5,261,,,character,1,False,FAIL,binary_or_4tier,2026-08-09T13:37:06,FAIL,FAIL
G5,G5_B10,p3_char_0334_佔,佔,334,7,rare,character,1,False,A,4tier,2026-08-09T14:25:44,A,A
G5,G5_B10,p3_char_0335_别,别,335,7,common,character,1,False,PASS,binary_or_4tier,2026-08-09T14:25:46,PASS,PASS
G5,G5_B10,p3_char_0336_佗,佗,336,7,rare,character,1,False,PASS,binary_or_4tier,2026-08-09T14:25:47,PASS,PASS
G5,G5_B10,p3_char_0337_张,张,337,7,common,character,1,False,C,4tier,2026-08-09T14:25:48,C,C
G5,G5_B10,p3_char_0338_佘,佘,338,7,rare,character,1,False,C,4tier,2026-08-09T14:25:50,C,C
G5,G5_B10,p3_char_0339_每,每,339,7,common,character,1,False,C,4tier,2026-08-09T14:25:51,C,C
G5,G5_B10,p3_char_0340_佚,佚,340,7,rare,character,1,False,FAIL,binary_or_4tier,2026-08-09T14:25:53,FAIL,FAIL
G5,G5_B10,p3_char_0341_社,社,341,7,common,character,1,False,FAIL,binary_or_4tier,2026-08-09T14:25:54,FAIL,FAIL
G5,G5_B10,p3_char_0342_佛,佛,342,7,rare,character,1,False,FAIL,binary_or_4tier,2026-08-09T14:25:55,FAIL,FAIL
G5,G5_B10,p3_char_0343_即,即,343,7,common,character,1,False,FAIL,binary_or_4tier,2026-08-09T14:25:56,FAIL,FAIL
G5,G5_B10,p3_char_0344_佝,佝,344,7,rare,character,1,False,PASS,binary_or_4tier,2026-08-09T14:26:01,PASS,PASS
G5,G5_B10,p3_char_0345_志,志,345,7,common,character,1,False,PASS,binary_or_4tier,2026-08-09T14:26:03,PASS,PASS
G5,G5_B10,p3_char_0346_佞,佞,346,7,rare,character,1,False,FAIL,binary_or_4tier,2026-08-09T14:26:04,FAIL,FAIL
G5,G5_B10,p3_char_0347_证,证,347,7,common,character,1,False,PASS,binary_or_4tier,2026-08-09T14:26:05,PASS,PASS
G5,G5_B10,p3_char_0348_佟,佟,348,7,rare,character,1,False,A,4tier,2026-08-09T14:26:06,A,A
G5,G5_B10,p3_char_0349_改,改,349,7,common,character,1,False,C,4tier,2026-08-09T14:26:10,C,C
G5,G5_B10,p3_char_0350_佣,佣,350,7,rare,character,1,False,PASS,binary_or_4tier,2026-08-09T14:26:12,PASS,PASS
G5,G5_B10,p3_char_0351_步,步,351,7,common,character,1,False,PASS,binary_or_4tier,2026-08-09T14:26:14,PASS,PASS
G5,G5_B10,p3_char_0352_佥,佥,352,7,rare,character,1,False,A,4tier,2026-08-09T14:26:16,A,A
G5,G5_B10,p3_char_0353_找,找,353,7,common,character,1,False,PASS,binary_or_4tier,2026-08-09T14:26:17,PASS,PASS
G5,G5_B10,p3_char_0354_佧,佧,354,7,rare,character,1,False,PASS,binary_or_4tier,2026-08-09T14:26:18,PASS,PASS
G5,G5_B10,p3_char_0355_块,块,355,7,common,character,1,False,C,4tier,2026-08-09T14:26:20,C,C
G5,G5_B10,p3_char_0356_皃,皃,356,7,rare,character,1,False,PASS,binary_or_4tier,2026-08-09T14:26:23,PASS,PASS
G5,G5_B10,p3_char_0357_花,花,357,7,common,character,1,False,PASS,binary_or_4tier,2026-08-09T14:26:25,PASS,PASS
G5,G5_B10,p3_char_0358_盯,盯,358,7,rare,character,1,False,PASS,binary_or_4tier,2026-08-09T14:26:26,PASS,PASS
G5,G5_B10,p3_char_0359_的,的,359,8,common,character,1,False,A,4tier,2026-08-09T14:26:30,A,A
G5,G5_B10,p3_char_0360_並,並,360,8,rare,character,1,False,A,4tier,2026-08-09T14:26:30,A,A
G5,G5_B10,p3_char_0361_到,到,361,8,common,character,1,False,C,4tier,2026-08-09T14:26:32,C,C
G5,G5_B10,p3_char_0362_甾,甾,362,8,rare,character,1,False,C,4tier,2026-08-09T14:26:34,C,C
G5,G5_B10,p3_char_0363_国,国,363,8,common,character,1,False,PASS,binary_or_4tier,2026-08-09T14:26:36,PASS,PASS
G5,G5_B10,p3_char_0364_畀,畀,364,8,rare,character,1,False,PASS,binary_or_4tier,2026-08-09T14:26:37,PASS,PASS
G5,G5_B10,p3_char_0365_和,和,365,8,common,character,1,False,A,4tier,2026-08-09T14:26:38,A,A
G5,G5_B10,p3_char_0366_畅,畅,366,8,rare,character,1,False,FAIL,binary_or_4tier,2026-08-09T14:26:40,FAIL,FAIL
G5,G5_B10,p3_char_0367_事,事,367,8,common,character,1,False,FAIL,binary_or_4tier,2026-08-09T14:26:42,FAIL,FAIL
G5,G5_B10,p3_char_0368_乖,乖,368,8,rare,character,1,False,FAIL,binary_or_4tier,2026-08-09T14:26:43,FAIL,FAIL
G5,G5_B10,p3_char_0369_其,其,369,8,common,character,1,False,PASS,binary_or_4tier,2026-08-09T14:26:44,PASS,PASS
G5,G5_B10,p3_char_0370_乶,乶,370,8,rare,character,1,False,FAIL,binary_or_4tier,2026-08-09T14:26:45,FAIL,FAIL
G5,G5_B10,p3_char_0371_所,所,371,8,common,character,1,False,PASS,binary_or_4tier,2026-08-09T14:26:46,PASS,PASS
G5,G5_B10,p3_char_0372_疌,疌,372,8,rare,character,1,False,FAIL,binary_or_4tier,2026-08-09T14:26:47,FAIL,FAIL
G5,G5_B10,p3_char_0373_者,者,373,8,common,character,1,False,PASS,binary_or_4tier,2026-08-09T14:26:49,PASS,PASS
G5,G5_B10,p3_char_0374_疙,疙,374,8,rare,character,1,False,FAIL,binary_or_4tier,2026-08-09T14:26:50,FAIL,FAIL
G5,G5_B10,p3_char_0375_经,经,375,8,common,character,1,False,FAIL,binary_or_4tier,2026-08-09T14:26:55,FAIL,FAIL
G5,G5_B10,p3_char_0376_疚,疚,376,8,rare,character,1,False,C,4tier,2026-08-09T14:26:57,C,C
G5,G5_B10,p3_char_0377_法,法,377,8,common,character,1,False,PASS,binary_or_4tier,2026-08-09T14:26:59,PASS,PASS
G5,G5_B10,p3_char_0378_疝,疝,378,8,rare,character,1,False,FAIL,binary_or_4tier,2026-08-09T14:27:02,FAIL,FAIL
G5,G5_B10,p3_char_0379_学,学,379,8,common,character,1,False,C,4tier,2026-08-09T14:27:04,C,C
G5,G5_B10,p3_char_0380_疟,疟,380,8,rare,character,1,False,FAIL,binary_or_4tier,2026-08-09T14:27:05,FAIL,FAIL
G5,G5_B10,p3_char_0381_定,定,381,8,common,character,1,False,PASS,binary_or_4tier,2026-08-09T14:27:08,PASS,PASS
G5,G5_B10,p3_char_0382_疠,疠,382,8,rare,character,1,False,FAIL,binary_or_4tier,2026-08-09T14:27:09,FAIL,FAIL
G5,G5_B10,p3_char_0383_些,些,383,8,common,character,1,False,A,4tier,2026-08-09T14:27:10,A,A
G5,G5_B10,p3_char_0288_凫__retry_1__G5,凫__retry_1__G5,288,,,character,1,False,FAIL,binary_or_4tier,2026-08-09T14:27:11,FAIL,FAIL
G5,G5_B10,p3_char_0311_身__retry_1__G5,身__retry_1__G5,311,,,character,1,False,C,4tier,2026-08-09T14:27:13,C,C
G5,G5_B10,p3_char_0329_运__retry_1__G5,运__retry_1__G5,329,,,character,1,False,A,4tier,2026-08-09T14:27:18,A,A
G5,G5_B10,p3_char_0333_条__retry_1__G5,条__retry_1__G5,333,,,character,1,False,FAIL,binary_or_4tier,2026-08-09T14:27:19,FAIL,FAIL
G5,G5_B10,p3_char_0309_两__retry_1__G5,两__retry_1__G5,309,,,character,1,False,FAIL,binary_or_4tier,2026-08-09T14:27:20,FAIL,FAIL
G5,G5_B11,p3_char_0384_疡,疡,384,8,rare,character,1,False,FAIL,binary_or_4tier,2026-08-09T15:27:14,FAIL,FAIL
G5,G5_B11,p3_char_0385_物,物,385,8,common,character,1,False,PASS,binary_or_4tier,2026-08-09T15:27:18,PASS,PASS
G5,G5_B11,p3_char_0386_亞,亞,386,8,rare,character,1,False,FAIL,binary_or_4tier,2026-08-09T15:27:20,FAIL,FAIL
G5,G5_B11,p3_char_0387_果,果,387,8,common,character,1,False,A,4tier,2026-08-09T15:27:21,A,A
G5,G5_B11,p3_char_0388_亟,亟,388,8,rare,character,1,False,FAIL,binary_or_4tier,2026-08-09T15:27:22,FAIL,FAIL
G5,G5_B11,p3_char_0389_话,话,389,8,common,character,1,False,PASS,binary_or_4tier,2026-08-09T15:27:25,PASS,PASS
G5,G5_B11,p3_char_0390_佬,佬,390,8,rare,character,1,False,PASS,binary_or_4tier,2026-08-09T15:27:27,PASS,PASS
G5,G5_B11,p3_char_0391_表,表,391,8,common,character,1,False,C,4tier,2026-08-09T15:27:29,C,C
G5,G5_B11,p3_char_0392_佯,佯,392,8,rare,character,1,False,A,4tier,2026-08-09T15:27:30,A,A
G5,G5_B11,p3_char_0393_实,实,393,8,common,character,1,False,FAIL,binary_or_4tier,2026-08-09T15:27:31,FAIL,FAIL
G5,G5_B11,p3_char_0394_佰,佰,394,8,rare,character,1,False,PASS,binary_or_4tier,2026-08-09T15:27:32,PASS,PASS
G5,G5_B11,p3_char_0395_金,金,395,8,common,character,1,False,PASS,binary_or_4tier,2026-08-09T15:27:34,PASS,PASS
G5,G5_B11,p3_char_0396_佴,佴,396,8,rare,character,1,False,C,4tier,2026-08-09T15:27:35,C,C
G5,G5_B11,p3_char_0397_空,空,397,8,common,character,1,False,A,4tier,2026-08-09T15:27:37,A,A
G5,G5_B11,p3_char_0398_併,併,398,8,rare,character,1,False,PASS,binary_or_4tier,2026-08-09T15:27:41,PASS,PASS
G5,G5_B11,p3_char_0399_往,往,399,8,common,character,1,False,A,4tier,2026-08-09T15:27:42,A,A
G5,G5_B11,p3_char_0400_佶,佶,400,8,rare,character,1,False,PASS,binary_or_4tier,2026-08-09T15:27:44,PASS,PASS
G5,G5_B11,p3_char_0401_取,取,401,8,common,character,1,False,FAIL,binary_or_4tier,2026-08-09T15:27:45,FAIL,FAIL
G5,G5_B11,p3_char_0402_佻,佻,402,8,rare,character,1,False,C,4tier,2026-08-09T15:27:51,C,C
G5,G5_B11,p3_char_0403_放,放,403,8,common,character,1,False,FAIL,binary_or_4tier,2026-08-09T15:27:52,FAIL,FAIL
G5,G5_B11,p3_char_0404_佼,佼,404,8,rare,character,1,False,A,4tier,2026-08-09T15:27:56,A,A
G5,G5_B11,p3_char_0405_治,治,405,8,common,character,1,False,FAIL,binary_or_4tier,2026-08-09T15:27:58,FAIL,FAIL
G5,G5_B11,p3_char_0406_佽,佽,406,8,rare,character,1,False,A,4tier,2026-08-09T15:28:01,A,A
G5,G5_B11,p3_char_0407_规,规,407,8,common,character,1,False,FAIL,binary_or_4tier,2026-08-09T15:28:02,FAIL,FAIL
G5,G5_B11,p3_char_0408_佾,佾,408,8,rare,character,1,False,FAIL,binary_or_4tier,2026-08-09T15:28:03,FAIL,FAIL
G5,G5_B11,p3_char_0409_油,油,409,8,common,character,1,False,PASS,binary_or_4tier,2026-08-09T15:28:04,PASS,PASS
G5,G5_B11,p3_char_0410_侃,侃,410,8,rare,character,1,False,FAIL,binary_or_4tier,2026-08-09T15:28:05,FAIL,FAIL
G5,G5_B11,p3_char_0411_受,受,411,8,common,character,1,False,A,4tier,2026-08-09T15:28:07,A,A
G5,G5_B11,p3_char_0412_來,來,412,8,rare,character,1,False,A,4tier,2026-08-09T15:28:11,A,A
G5,G5_B11,p3_char_0413_采,采,413,8,common,character,1,False,A,4tier,2026-08-09T15:28:13,A,A
G5,G5_B11,p3_char_0414_侈,侈,414,8,rare,character,1,False,PASS,binary_or_4tier,2026-08-09T15:28:14,PASS,PASS
G5,G5_B11,p3_char_0415_转,转,415,8,common,character,1,False,FAIL,binary_or_4tier,2026-08-09T15:28:16,FAIL,FAIL
G5,G5_B11,p3_char_0416_侉,侉,416,8,rare,character,1,False,FAIL,binary_or_4tier,2026-08-09T15:28:17,FAIL,FAIL
G5,G5_B11,p3_char_0417_单,单,417,8,common,character,1,False,PASS,binary_or_4tier,2026-08-09T15:28:19,PASS,PASS
G5,G5_B11,p3_char_0418_例,例,418,8,rare,character,1,False,FAIL,binary_or_4tier,2026-08-09T15:28:19,FAIL,FAIL
G5,G5_B11,p3_char_0419_知,知,419,8,common,character,1,False,PASS,binary_or_4tier,2026-08-09T15:28:20,PASS,PASS
G5,G5_B11,p3_char_0420_侌,侌,420,8,rare,character,1,False,FAIL,binary_or_4tier,2026-08-09T15:28:21,FAIL,FAIL
G5,G5_B11,p3_char_0421_或,或,421,8,common,character,1,False,PASS,binary_or_4tier,2026-08-09T15:28:22,PASS,PASS
G5,G5_B11,p3_char_0422_侍,侍,422,8,rare,character,1,False,PASS,binary_or_4tier,2026-08-09T15:28:22,PASS,PASS
G5,G5_B11,p3_char_0423_苦,苦,423,8,common,character,1,False,PASS,binary_or_4tier,2026-08-09T15:28:23,PASS,PASS
G5,G5_B11,p3_char_0424_侑,侑,424,8,rare,character,1,False,PASS,binary_or_4tier,2026-08-09T15:28:26,PASS,PASS
G5,G5_B11,p3_char_0425_具,具,425,8,common,character,1,False,PASS,binary_or_4tier,2026-08-09T15:28:27,PASS,PASS
G5,G5_B11,p3_char_0426_侔,侔,426,8,rare,character,1,False,FAIL,binary_or_4tier,2026-08-09T15:28:29,FAIL,FAIL
G5,G5_B11,p3_char_0427_线,线,427,8,common,character,1,False,FAIL,binary_or_4tier,2026-08-09T15:28:31,FAIL,FAIL
G5,G5_B11,p3_char_0428_侖,侖,428,8,rare,character,1,False,PASS,binary_or_4tier,2026-08-09T15:28:35,PASS,PASS
G5,G5_B11,p3_char_0429_是,是,429,9,common,character,1,False,FAIL,binary_or_4tier,2026-08-09T15:28:38,FAIL,FAIL
G5,G5_B11,p3_char_0430_畈,畈,430,9,rare,character,1,False,PASS,binary_or_4tier,2026-08-09T15:28:39,PASS,PASS
G5,G5_B11,p3_char_0431_说,说,431,9,common,character,1,False,FAIL,binary_or_4tier,2026-08-09T15:28:40,FAIL,FAIL
G5,G5_B11,p3_char_0432_畋,畋,432,9,rare,character,1,False,PASS,binary_or_4tier,2026-08-09T15:28:41,PASS,PASS
G5,G5_B11,p3_char_0433_要,要,433,9,common,character,1,False,FAIL,binary_or_4tier,2026-08-09T15:28:42,FAIL,FAIL
G5,G5_B11,p3_char_0341_社__retry_1__G5,社__retry_1__G5,341,,,character,1,False,FAIL,binary_or_4tier,2026-08-09T15:28:43,FAIL,FAIL
G5,G5_B11,p3_char_0346_佞__retry_1__G5,佞__retry_1__G5,346,,,character,1,False,FAIL,binary_or_4tier,2026-08-09T15:28:46,FAIL,FAIL
G5,G5_B11,p3_char_0366_畅__retry_1__G5,畅__retry_1__G5,366,,,character,1,False,FAIL,binary_or_4tier,2026-08-09T15:28:47,FAIL,FAIL
G5,G5_B11,p3_char_0375_经__retry_1__G5,经__retry_1__G5,375,,,character,1,False,FAIL,binary_or_4tier,2026-08-09T15:28:47,FAIL,FAIL
G5,G5_B12,p3_char_0434_畎,畎,434,9,rare,character,1,False,PASS,binary_or_4tier,2026-08-09T21:49:08,PASS,PASS
G5,G5_B12,p3_char_0435_看,看,435,9,common,character,1,False,PASS,binary_or_4tier,2026-08-09T21:49:09,PASS,PASS
G5,G5_B12,p3_char_0436_畏,畏,436,9,rare,character,1,False,C,4tier,2026-08-09T21:49:11,C,C
G5,G5_B12,p3_char_0437_种,种,437,9,common,character,1,False,C,4tier,2026-08-09T21:49:12,C,C
G5,G5_B12,p3_char_0438_畐,畐,438,9,rare,character,1,False,FAIL,binary_or_4tier,2026-08-09T21:49:14,FAIL,FAIL
G5,G5_B12,p3_char_0439_将,将,439,9,common,character,1,False,FAIL,binary_or_4tier,2026-08-09T21:49:16,FAIL,FAIL
G5,G5_B12,p3_char_0440_畑,畑,440,9,rare,character,1,False,FAIL,binary_or_4tier,2026-08-09T21:49:18,FAIL,FAIL
G5,G5_B12,p3_char_0441_前,前,441,9,common,character,1,False,C,4tier,2026-08-09T21:49:21,C,C
G5,G5_B12,p3_char_0442_乹,乹,442,9,rare,character,1,False,FAIL,binary_or_4tier,2026-08-09T21:49:22,FAIL,FAIL
G5,G5_B12,p3_char_0443_面,面,443,9,common,character,1,False,A,4tier,2026-08-09T21:49:28,A,A
G5,G5_B12,p3_char_0444_疣,疣,444,9,rare,character,1,False,PASS,binary_or_4tier,2026-08-09T21:49:30,PASS,PASS
G5,G5_B12,p3_char_0445_点,点,445,9,common,character,1,False,A,4tier,2026-08-09T21:49:31,A,A
G5,G5_B12,p3_char_0446_疤,疤,446,9,rare,character,1,False,FAIL,binary_or_4tier,2026-08-09T21:49:33,FAIL,FAIL
G5,G5_B12,p3_char_0447_信,信,447,9,common,character,1,False,A,4tier,2026-08-09T21:49:35,A,A
G5,G5_B12,p3_char_0448_疥,疥,448,9,rare,character,1,False,PASS,binary_or_4tier,2026-08-09T21:49:38,PASS,PASS
G5,G5_B12,p3_char_0449_美,美,449,9,common,character,1,False,A,4tier,2026-08-09T21:49:42,A,A
G5,G5_B12,p3_char_0450_疫,疫,450,9,rare,character,1,False,FAIL,binary_or_4tier,2026-08-09T21:49:44,FAIL,FAIL
G5,G5_B12,p3_char_0451_给,给,451,9,common,character,1,False,PASS,binary_or_4tier,2026-08-09T21:49:48,PASS,PASS
G5,G5_B12,p3_char_0452_疬,疬,452,9,rare,character,1,False,FAIL,binary_or_4tier,2026-08-09T21:49:50,FAIL,FAIL
G5,G5_B12,p3_char_0453_度,度,453,9,common,character,1,False,FAIL,binary_or_4tier,2026-08-09T21:49:51,FAIL,FAIL
G5,G5_B12,p3_char_0454_疭,疭,454,9,rare,character,1,False,FAIL,binary_or_4tier,2026-08-09T21:49:53,FAIL,FAIL
G5,G5_B12,p3_char_0455_相,相,455,9,common,character,1,False,PASS,binary_or_4tier,2026-08-09T21:49:59,PASS,PASS
G5,G5_B12,p3_char_0456_疮,疮,456,9,rare,character,1,False,FAIL,binary_or_4tier,2026-08-09T21:50:01,FAIL,FAIL
G5,G5_B12,p3_char_0457_思,思,457,9,common,character,1,False,PASS,binary_or_4tier,2026-08-09T21:50:02,PASS,PASS
G5,G5_B12,p3_char_0458_癸,癸,458,9,rare,character,1,False,FAIL,binary_or_4tier,2026-08-09T21:50:03,FAIL,FAIL
G5,G5_B12,p3_char_0459_带,带,459,9,common,character,1,False,FAIL,binary_or_4tier,2026-08-09T21:50:04,FAIL,FAIL
G5,G5_B12,p3_char_0460_皅,皅,460,9,rare,character,1,False,FAIL,binary_or_4tier,2026-08-09T21:50:06,FAIL,FAIL
G5,G5_B12,p3_char_0461_亲,亲,461,9,common,character,1,False,FAIL,binary_or_4tier,2026-08-09T21:50:07,FAIL,FAIL
G5,G5_B12,p3_char_0462_皈,皈,462,9,rare,character,1,False,C,4tier,2026-08-09T21:50:17,C,C
G5,G5_B12,p3_char_0463_神,神,463,9,common,character,1,False,A,4tier,2026-08-09T21:50:23,A,A
G5,G5_B12,p3_char_0464_侯,侯,464,9,rare,character,1,False,FAIL,binary_or_4tier,2026-08-09T21:50:25,FAIL,FAIL
G5,G5_B12,p3_char_0465_选,选,465,9,common,character,1,False,PASS,binary_or_4tier,2026-08-09T21:50:45,PASS,PASS
G5,G5_B12,p3_char_0466_盃,盃,466,9,rare,character,1,False,A,4tier,2026-08-09T21:50:47,A,A
G5,G5_B12,p3_char_0467_结,结,467,9,common,character,1,False,FAIL,binary_or_4tier,2026-08-09T21:50:48,FAIL,FAIL
G5,G5_B12,p3_char_0468_盅,盅,468,9,rare,character,1,False,A,4tier,2026-08-09T21:50:51,A,A
G5,G5_B12,p3_char_0469_便,便,469,9,common,character,1,False,FAIL,binary_or_4tier,2026-08-09T21:50:51,FAIL,FAIL
G5,G5_B12,p3_char_0470_侶,侶,470,9,rare,character,1,False,PASS,binary_or_4tier,2026-08-09T21:50:52,PASS,PASS
G5,G5_B12,p3_char_0471_总,总,471,9,common,character,1,False,PASS,binary_or_4tier,2026-08-09T21:50:54,PASS,PASS
G5,G5_B12,p3_char_0472_侷,侷,472,9,rare,character,1,False,FAIL,binary_or_4tier,2026-08-09T21:50:55,FAIL,FAIL
G5,G5_B12,p3_char_0473_城,城,473,9,common,character,1,False,FAIL,binary_or_4tier,2026-08-09T21:50:58,FAIL,FAIL
G5,G5_B12,p3_char_0474_係,係,474,9,rare,character,1,False,FAIL,binary_or_4tier,2026-08-09T21:51:00,FAIL,FAIL
G5,G5_B12,p3_char_0475_战,战,475,9,common,character,1,False,PASS,binary_or_4tier,2026-08-09T21:51:02,PASS,PASS
G5,G5_B12,p3_char_0476_俅,俅,476,9,rare,character,1,False,A,4tier,2026-08-09T21:51:04,A,A
G5,G5_B12,p3_char_0477_南,南,477,9,common,character,1,False,PASS,binary_or_4tier,2026-08-09T21:51:09,PASS,PASS
G5,G5_B12,p3_char_0478_俉,俉,478,9,rare,character,1,False,FAIL,binary_or_4tier,2026-08-09T21:51:10,FAIL,FAIL
G5,G5_B12,p3_char_0479_保,保,479,9,common,character,1,False,PASS,binary_or_4tier,2026-08-09T21:51:15,PASS,PASS
G5,G5_B12,p3_char_0480_俊,俊,480,9,rare,character,1,False,FAIL,binary_or_4tier,2026-08-09T21:51:16,FAIL,FAIL
G5,G5_B12,p3_char_0481_济,济,481,9,common,character,1,False,FAIL,binary_or_4tier,2026-08-09T21:51:16,FAIL,FAIL
G5,G5_B12,p3_char_0482_俎,俎,482,9,rare,character,1,False,A,4tier,2026-08-09T21:51:18,A,A
G5,G5_B12,p3_char_0483_草,草,483,9,common,character,1,False,A,4tier,2026-08-09T21:51:20,A,A
G5,G5_B12,p3_char_0393_实__retry_1__G5,实__retry_1__G5,393,,,character,1,False,A,4tier,2026-08-09T21:51:23,A,A
G5,G5_B12,p3_char_0418_例__retry_1__G5,例__retry_1__G5,418,,,character,1,False,C,4tier,2026-08-09T21:51:26,C,C
G5,G5_B12,p3_char_0405_治__retry_1__G5,治__retry_1__G5,405,,,character,1,False,PASS,binary_or_4tier,2026-08-09T21:51:28,PASS,PASS
G5,G5_B12,p3_char_0403_放__retry_1__G5,放__retry_1__G5,403,,,character,1,False,PASS,binary_or_4tier,2026-08-09T21:51:30,PASS,PASS
G5,G5_B12,p3_char_0426_侔__retry_1__G5,侔__retry_1__G5,426,,,character,1,False,FAIL,binary_or_4tier,2026-08-09T21:51:32,FAIL,FAIL
G5,G5_B13,p3_char_0484_俏,俏,484,9,rare,character,1,False,PASS,binary_or_4tier,2026-08-10T12:58:12,PASS,PASS
G5,G5_B13,p3_char_0485_怎,怎,485,9,common,character,1,False,PASS,binary_or_4tier,2026-08-10T12:58:13,PASS,PASS
G5,G5_B13,p3_char_0486_俐,俐,486,9,rare,character,1,False,A,4tier,2026-08-10T12:58:15,A,A
G5,G5_B13,p3_char_0487_孩,孩,487,9,common,character,1,False,FAIL,binary_or_4tier,2026-08-10T12:58:17,FAIL,FAIL
G5,G5_B13,p3_char_0488_俑,俑,488,9,rare,character,1,False,FAIL,binary_or_4tier,2026-08-10T12:58:18,FAIL,FAIL
G5,G5_B13,p3_char_0489_指,指,489,9,common,character,1,False,FAIL,binary_or_4tier,2026-08-10T12:58:19,FAIL,FAIL
G5,G5_B13,p3_char_0490_俘,俘,490,9,rare,character,1,False,PASS,binary_or_4tier,2026-08-10T12:58:21,PASS,PASS
G5,G5_B13,p3_char_0491_除,除,491,9,common,character,1,False,C,4tier,2026-08-10T12:58:23,C,C
G5,G5_B13,p3_char_0492_俚,俚,492,9,rare,character,1,False,A,4tier,2026-08-10T12:58:25,A,A
G5,G5_B13,p3_char_0493_适,适,493,9,common,character,1,False,A,4tier,2026-08-10T12:58:26,A,A
G5,G5_B13,p3_char_0494_俛,俛,494,9,rare,character,1,False,FAIL,binary_or_4tier,2026-08-10T12:58:27,FAIL,FAIL
G5,G5_B13,p3_char_0495_复,复,495,9,common,character,1,False,FAIL,binary_or_4tier,2026-08-10T12:58:28,FAIL,FAIL
G5,G5_B13,p3_char_0496_俜,俜,496,9,rare,character,1,False,FAIL,binary_or_4tier,2026-08-10T12:58:29,FAIL,FAIL
G5,G5_B13,p3_char_0497_响,响,497,9,common,character,1,False,FAIL,binary_or_4tier,2026-08-10T12:58:29,FAIL,FAIL
G5,G5_B13,p3_char_0498_俞,俞,498,9,rare,character,1,False,A,4tier,2026-08-10T12:58:31,A,A
G5,G5_B13,p3_char_0499_能,能,499,10,common,character,1,False,FAIL,binary_or_4tier,2026-08-10T12:58:32,FAIL,FAIL
G5,G5_B13,p3_char_0500_丵,丵,500,10,rare,character,1,False,PASS,binary_or_4tier,2026-08-10T12:58:36,PASS,PASS
G5,G5_B13,p3_char_0501_家,家,501,10,common,character,1,False,FAIL,binary_or_4tier,2026-08-10T12:59:59,FAIL,FAIL
G5,G5_B13,p3_char_0502_畚,畚,502,10,rare,character,1,False,FAIL,binary_or_4tier,2026-08-10T13:00:00,FAIL,FAIL
G5,G5_B13,p3_char_0503_都,都,503,10,common,character,1,False,A,4tier,2026-08-10T13:00:02,A,A
G5,G5_B13,p3_char_0504_畛,畛,504,10,rare,character,1,False,A,4tier,2026-08-10T13:00:03,A,A
G5,G5_B13,p3_char_0505_起,起,505,10,common,character,1,False,FAIL,binary_or_4tier,2026-08-10T13:00:07,FAIL,FAIL
G5,G5_B13,p3_char_0506_畜,畜,506,10,rare,character,1,False,FAIL,binary_or_4tier,2026-08-10T13:00:08,FAIL,FAIL
G5,G5_B13,p3_char_0507_高,高,507,10,common,character,1,False,PASS,binary_or_4tier,2026-08-10T13:00:09,PASS,PASS
G5,G5_B13,p3_char_0508_畝,畝,508,10,rare,character,1,False,PASS,binary_or_4tier,2026-08-10T13:00:13,PASS,PASS
G5,G5_B13,p3_char_0509_特,特,509,10,common,character,1,False,PASS,binary_or_4tier,2026-08-10T13:00:15,PASS,PASS
G5,G5_B13,p3_char_0510_畟,畟,510,10,rare,character,1,False,C,4tier,2026-08-10T13:00:17,C,C
G5,G5_B13,p3_char_0511_海,海,511,10,common,character,1,False,C,4tier,2026-08-10T13:00:18,C,C
G5,G5_B13,p3_char_0512_畢,畢,512,10,rare,character,1,False,FAIL,binary_or_4tier,2026-08-10T13:00:19,FAIL,FAIL
G5,G5_B13,p3_char_0513_通,通,513,10,common,character,1,False,FAIL,binary_or_4tier,2026-08-10T13:00:20,FAIL,FAIL
G5,G5_B13,p3_char_0514_乘,乘,514,10,rare,character,1,False,FAIL,binary_or_4tier,2026-08-10T13:00:22,FAIL,FAIL
G5,G5_B13,p3_char_0515_原,原,515,10,common,character,1,False,FAIL,binary_or_4tier,2026-08-10T13:00:23,FAIL,FAIL
G5,G5_B13,p3_char_0516_疰,疰,516,10,rare,character,1,False,FAIL,binary_or_4tier,2026-08-10T13:00:25,FAIL,FAIL
G5,G5_B13,p3_char_0517_真,真,517,10,common,character,1,False,FAIL,binary_or_4tier,2026-08-10T13:00:26,FAIL,FAIL
G5,G5_B13,p3_char_0518_疱,疱,518,10,rare,character,1,False,FAIL,binary_or_4tier,2026-08-10T13:00:27,FAIL,FAIL
G5,G5_B13,p3_char_0519_候,候,519,10,common,character,1,False,FAIL,binary_or_4tier,2026-08-10T13:00:29,FAIL,FAIL
G5,G5_B13,p3_char_0520_疳,疳,520,10,rare,character,1,False,C,4tier,2026-08-10T13:00:30,C,C
G5,G5_B13,p3_char_0521_验,验,521,10,common,character,1,False,C,4tier,2026-08-10T13:00:32,C,C
G5,G5_B13,p3_char_0522_疴,疴,522,10,rare,character,1,False,C,4tier,2026-08-10T13:00:37,C,C
G5,G5_B13,p3_char_0523_被,被,523,10,common,character,1,False,FAIL,binary_or_4tier,2026-08-10T13:00:39,FAIL,FAIL
G5,G5_B13,p3_char_0524_疸,疸,524,10,rare,character,1,False,PASS,binary_or_4tier,2026-08-10T13:00:41,PASS,PASS
G5,G5_B13,p3_char_0525_部,部,525,10,common,character,1,False,PASS,binary_or_4tier,2026-08-10T13:00:43,PASS,PASS
G5,G5_B13,p3_char_0526_疹,疹,526,10,rare,character,1,False,PASS,binary_or_4tier,2026-08-10T13:00:45,PASS,PASS
G5,G5_B13,p3_char_0527_造,造,527,10,common,character,1,False,A,4tier,2026-08-10T13:00:47,A,A
G5,G5_B13,p3_char_0528_疽,疽,528,10,rare,character,1,False,PASS,binary_or_4tier,2026-08-10T13:00:54,PASS,PASS
G5,G5_B13,p3_char_0529_热,热,529,10,common,character,1,False,FAIL,binary_or_4tier,2026-08-10T13:00:55,FAIL,FAIL
G5,G5_B13,p3_char_0530_痂,痂,530,10,rare,character,1,False,FAIL,binary_or_4tier,2026-08-10T13:00:56,FAIL,FAIL
G5,G5_B13,p3_char_0531_速,速,531,10,common,character,1,False,FAIL,binary_or_4tier,2026-08-10T13:00:57,FAIL,FAIL
G5,G5_B13,p3_char_0532_亳,亳,532,10,rare,character,1,False,FAIL,binary_or_4tier,2026-08-10T13:00:58,FAIL,FAIL
G5,G5_B13,p3_char_0533_值,值,533,10,common,character,1,False,A,4tier,2026-08-10T13:00:59,A,A
G5,G5_B13,p3_char_0464_侯__retry_1__G5,侯__retry_1__G5,464,,,character,1,False,FAIL,binary_or_4tier,2026-08-10T13:01:01,FAIL,FAIL
G5,G5_B13,p3_char_0469_便__retry_1__G5,便__retry_1__G5,469,,,character,1,False,FAIL,binary_or_4tier,2026-08-10T13:01:02,FAIL,FAIL
G5,G5_B13,p3_char_0480_俊__retry_1__G5,俊__retry_1__G5,480,,,character,1,False,C,4tier,2026-08-10T13:01:06,C,C
G5,G5_B13,p3_char_0473_城__retry_1__G5,城__retry_1__G5,473,,,character,1,False,FAIL,binary_or_4tier,2026-08-10T13:01:07,FAIL,FAIL
